ticket_id,user_id,created_date
t-00001,u-0001,2024-01-10
t-00002,u-0001,2023-12-31
t-00003,u-0002,2023-12-23
t-00004,u-0002,2024-01-15
t-00005,u-0002,2024-01-18
t-00006,u-0002,2023-12-12
t-00007,u-0002,2024-02-06
t-00008,u-0003,2024-02-27
t-00009,u-0003,2023-12-07
t-00010,u-0004,2024-01-20
t-00011,u-0004,2024-01-23
t-00012,u-0005,2024-01-19
t-00013,u-0006,2024-01-15
t-00014,u-0007,2024-01-25
t-00015,u-0008,2023-12-15
t-00016,u-0008,2024-03-02
t-00017,u-0010,2024-02-04
t-00018,u-0011,2023-12-07
t-00019,u-0011,2023-12-18
t-00020,u-0011,2023-12-19
t-00021,u-0014,2024-02-15
t-00022,u-0015,2024-01-13
t-00023,u-0016,2024-02-25
t-00024,u-0016,2024-02-25
t-00025,u-0017,2023-12-25
t-00026,u-0018,2023-12-14
t-00027,u-0019,2024-01-06
t-00028,u-0019,2024-01-09
t-00029,u-0020,2024-02-04
t-00030,u-0020,2024-02-04
t-00031,u-0020,2023-12-10
t-00032,u-0022,2023-12-10
t-00033,u-0022,2024-01-04
t-00034,u-0022,2024-02-20
t-00035,u-0022,2023-12-24
t-00036,u-0023,2024-02-04
t-00037,u-0024,2024-01-25
t-00038,u-0024,2024-02-26
t-00039,u-0024,2023-12-11
t-00040,u-0026,2023-12-25
t-00041,u-0027,2024-02-25
t-00042,u-0029,2024-02-01
t-00043,u-0030,2024-01-02
t-00044,u-0031,2024-01-03
t-00045,u-0032,2024-01-17
t-00046,u-0032,2024-01-19
t-00047,u-0033,2024-03-01
t-00048,u-0033,2024-02-27
t-00049,u-0034,2024-01-13
t-00050,u-0034,2023-12-12
t-00051,u-0034,2023-12-30
t-00052,u-0034,2023-12-19
t-00053,u-0034,2024-01-12
t-00054,u-0034,2024-01-24
t-00055,u-0036,2024-01-08
t-00056,u-0036,2024-01-07
t-00057,u-0037,2023-12-06
t-00058,u-0037,2023-12-07
t-00059,u-0037,2024-02-25
t-00060,u-0037,2024-01-21
t-00061,u-0037,2024-03-01
t-00062,u-0040,2024-01-13
t-00063,u-0040,2024-02-18
t-00064,u-0040,2024-02-10
t-00065,u-0042,2023-12-06
t-00066,u-0042,2024-01-16
t-00067,u-0043,2024-02-06
t-00068,u-0043,2024-02-05
t-00069,u-0044,2024-02-22
t-00070,u-0044,2024-02-27
t-00071,u-0044,2024-01-25
t-00072,u-0044,2024-02-12
t-00073,u-0044,2024-01-13
t-00074,u-0045,2024-02-06
t-00075,u-0045,2024-02-12
t-00076,u-0045,2024-01-24
t-00077,u-0046,2024-02-22
t-00078,u-0046,2024-01-22
t-00079,u-0048,2023-12-09
t-00080,u-0049,2024-01-24
t-00081,u-0049,2024-02-15
t-00082,u-0049,2024-01-05
t-00083,u-0049,2024-01-28
t-00084,u-0050,2023-12-04
t-00085,u-0052,2023-12-21
t-00086,u-0052,2023-12-25
t-00087,u-0054,2024-01-05
t-00088,u-0054,2023-12-05
t-00089,u-0055,2024-01-17
t-00090,u-0056,2023-12-29
t-00091,u-0056,2023-12-29
t-00092,u-0057,2023-12-21
t-00093,u-0057,2023-12-12
t-00094,u-0057,2024-02-14
t-00095,u-0058,2023-12-20
t-00096,u-0059,2024-01-30
t-00097,u-0060,2024-01-01
t-00098,u-0060,2024-01-07
t-00099,u-0060,2024-01-25
t-00100,u-0060,2023-12-28
t-00101,u-0061,2024-02-24
t-00102,u-0062,2023-12-13
t-00103,u-0062,2024-01-31
t-00104,u-0062,2023-12-12
t-00105,u-0062,2023-12-29
t-00106,u-0062,2024-01-05
t-00107,u-0063,2023-12-04
t-00108,u-0063,2024-02-19
t-00109,u-0063,2024-02-15
t-00110,u-0063,2024-01-19
t-00111,u-0064,2023-12-08
t-00112,u-0064,2024-03-01
t-00113,u-0064,2023-12-28
t-00114,u-0064,2024-02-23
t-00115,u-0066,2023-12-23
t-00116,u-0067,2024-01-14
t-00117,u-0067,2024-02-22
t-00118,u-0067,2024-02-18
t-00119,u-0067,2024-01-30
t-00120,u-0067,2023-12-04
t-00121,u-0067,2024-02-20
t-00122,u-0067,2024-02-15
t-00123,u-0067,2024-02-26
t-00124,u-0068,2024-01-20
t-00125,u-0069,2024-01-26
t-00126,u-0070,2024-02-08
t-00127,u-0071,2023-12-23
t-00128,u-0072,2024-01-13
t-00129,u-0072,2023-12-18
t-00130,u-0072,2024-01-14
t-00131,u-0073,2023-12-10
t-00132,u-0073,2023-12-29
t-00133,u-0073,2023-12-16
t-00134,u-0073,2024-02-12
t-00135,u-0073,2024-01-25
t-00136,u-0073,2023-12-04
t-00137,u-0074,2024-02-14
t-00138,u-0078,2024-02-24
t-00139,u-0079,2024-01-14
t-00140,u-0079,2023-12-28
t-00141,u-0079,2024-01-06
t-00142,u-0082,2023-12-09
t-00143,u-0082,2024-02-10
t-00144,u-0083,2024-02-20
t-00145,u-0086,2024-02-15
t-00146,u-0089,2024-02-16
t-00147,u-0089,2024-01-03
t-00148,u-0091,2024-01-13
t-00149,u-0091,2023-12-25
t-00150,u-0093,2024-01-03
t-00151,u-0094,2024-02-10
t-00152,u-0094,2024-01-21
t-00153,u-0094,2024-01-30
t-00154,u-0094,2024-01-29
t-00155,u-0095,2024-02-21
t-00156,u-0095,2024-01-29
t-00157,u-0096,2024-01-07
t-00158,u-0096,2023-12-12
t-00159,u-0096,2024-02-04
t-00160,u-0096,2023-12-24
t-00161,u-0098,2023-12-26
t-00162,u-0098,2024-02-18
t-00163,u-0098,2023-12-17
t-00164,u-0099,2024-02-01
t-00165,u-0099,2024-01-25
t-00166,u-0102,2023-12-17
t-00167,u-0103,2023-12-05
t-00168,u-0103,2023-12-15
t-00169,u-0104,2024-02-27
t-00170,u-0104,2024-02-22
t-00171,u-0104,2024-01-07
t-00172,u-0104,2024-02-08
t-00173,u-0106,2024-01-20
t-00174,u-0106,2024-01-23
t-00175,u-0106,2024-01-09
t-00176,u-0107,2024-01-22
t-00177,u-0107,2023-12-14
t-00178,u-0107,2024-01-26
t-00179,u-0108,2024-02-17
t-00180,u-0108,2024-01-02
t-00181,u-0108,2024-01-11
t-00182,u-0109,2024-02-21
t-00183,u-0109,2024-02-12
t-00184,u-0109,2024-01-12
t-00185,u-0111,2024-01-29
t-00186,u-0111,2024-01-26
t-00187,u-0113,2024-03-02
t-00188,u-0113,2024-01-21
t-00189,u-0113,2024-02-26
t-00190,u-0116,2023-12-14
t-00191,u-0118,2024-01-18
t-00192,u-0118,2024-02-21
t-00193,u-0118,2023-12-04
t-00194,u-0118,2024-01-22
t-00195,u-0118,2023-12-22
t-00196,u-0118,2024-02-26
t-00197,u-0119,2024-01-06
t-00198,u-0119,2024-02-06
t-00199,u-0119,2024-01-25
t-00200,u-0120,2023-12-16
t-00201,u-0120,2024-02-19
t-00202,u-0120,2023-12-12
t-00203,u-0120,2024-02-02
t-00204,u-0123,2023-12-09
t-00205,u-0124,2024-02-15
t-00206,u-0124,2024-02-20
t-00207,u-0124,2023-12-17
t-00208,u-0124,2024-01-04
t-00209,u-0125,2024-01-04
t-00210,u-0127,2024-01-16
t-00211,u-0127,2024-01-05
t-00212,u-0127,2024-01-28
t-00213,u-0127,2023-12-09
t-00214,u-0128,2024-02-18
t-00215,u-0128,2023-12-29
t-00216,u-0128,2023-12-25
t-00217,u-0128,2023-12-23
t-00218,u-0128,2024-01-04
t-00219,u-0129,2024-02-13
t-00220,u-0130,2024-03-02
t-00221,u-0130,2024-02-04
t-00222,u-0131,2024-01-31
t-00223,u-0131,2023-12-28
t-00224,u-0131,2023-12-27
t-00225,u-0132,2023-12-26
t-00226,u-0132,2024-01-30
t-00227,u-0132,2024-01-27
t-00228,u-0133,2023-12-23
t-00229,u-0134,2024-01-24
t-00230,u-0135,2024-01-09
t-00231,u-0137,2023-12-17
t-00232,u-0137,2024-02-15
t-00233,u-0137,2023-12-17
t-00234,u-0138,2023-12-08
t-00235,u-0138,2024-02-26
t-00236,u-0138,2023-12-23
t-00237,u-0138,2024-02-07
t-00238,u-0139,2024-02-27
t-00239,u-0139,2023-12-21
t-00240,u-0139,2024-01-16
t-00241,u-0140,2024-02-18
t-00242,u-0141,2024-02-17
t-00243,u-0142,2024-01-08
t-00244,u-0143,2023-12-17
t-00245,u-0144,2024-02-13
t-00246,u-0144,2024-01-04
t-00247,u-0145,2023-12-16
t-00248,u-0145,2023-12-12
t-00249,u-0145,2024-02-18
t-00250,u-0145,2024-01-29
t-00251,u-0145,2024-02-12
t-00252,u-0146,2024-01-05
t-00253,u-0146,2023-12-28
t-00254,u-0147,2023-12-16
t-00255,u-0151,2023-12-05
t-00256,u-0151,2024-02-07
t-00257,u-0151,2024-02-15
t-00258,u-0151,2024-01-15
t-00259,u-0151,2024-01-24
t-00260,u-0151,2024-02-21
t-00261,u-0151,2024-01-24
t-00262,u-0156,2024-02-18
t-00263,u-0156,2023-12-23
t-00264,u-0156,2023-12-16
t-00265,u-0157,2023-12-20
t-00266,u-0158,2024-01-23
t-00267,u-0158,2023-12-06
t-00268,u-0159,2024-02-23
t-00269,u-0161,2024-01-21
t-00270,u-0162,2023-12-24
t-00271,u-0163,2023-12-31
t-00272,u-0165,2024-01-26
t-00273,u-0165,2024-01-07
t-00274,u-0167,2024-02-17
t-00275,u-0167,2024-02-16
t-00276,u-0167,2023-12-04
t-00277,u-0167,2024-02-10
t-00278,u-0168,2024-01-09
t-00279,u-0168,2023-12-13
t-00280,u-0168,2023-12-16
t-00281,u-0170,2024-01-23
t-00282,u-0170,2023-12-18
t-00283,u-0170,2024-02-22
t-00284,u-0170,2024-02-07
t-00285,u-0172,2023-12-21
t-00286,u-0174,2023-12-25
t-00287,u-0174,2024-01-11
t-00288,u-0175,2024-01-10
t-00289,u-0175,2024-01-10
t-00290,u-0175,2023-12-11
t-00291,u-0176,2024-01-08
t-00292,u-0177,2024-01-23
t-00293,u-0180,2024-01-22
t-00294,u-0180,2024-02-19
t-00295,u-0180,2023-12-19
t-00296,u-0180,2023-12-31
t-00297,u-0181,2024-01-11
t-00298,u-0181,2024-01-11
t-00299,u-0182,2023-12-24
t-00300,u-0182,2023-12-22
t-00301,u-0182,2024-02-16
t-00302,u-0183,2024-01-31
t-00303,u-0185,2023-12-15
t-00304,u-0185,2023-12-11
t-00305,u-0185,2024-02-04
t-00306,u-0185,2024-01-29
t-00307,u-0185,2023-12-08
t-00308,u-0186,2024-01-25
t-00309,u-0186,2024-02-27
t-00310,u-0189,2024-02-12
t-00311,u-0189,2024-02-03
t-00312,u-0189,2023-12-04
t-00313,u-0189,2024-02-01
t-00314,u-0189,2023-12-11
t-00315,u-0190,2024-02-07
t-00316,u-0190,2024-01-10
t-00317,u-0191,2024-02-24
t-00318,u-0192,2023-12-21
t-00319,u-0194,2023-12-16
t-00320,u-0194,2023-12-05
t-00321,u-0194,2024-01-27
t-00322,u-0195,2024-01-27
t-00323,u-0197,2024-02-20
t-00324,u-0197,2024-02-04
t-00325,u-0197,2024-01-26
t-00326,u-0197,2024-01-14
t-00327,u-0198,2024-01-09
t-00328,u-0198,2024-02-10
t-00329,u-0199,2024-02-04
t-00330,u-0199,2024-01-11
t-00331,u-0202,2024-02-10
t-00332,u-0202,2024-01-21
t-00333,u-0202,2023-12-04
t-00334,u-0203,2024-03-01
t-00335,u-0203,2024-02-03
t-00336,u-0203,2023-12-07
t-00337,u-0203,2024-02-26
t-00338,u-0203,2024-01-04
t-00339,u-0203,2024-01-10
t-00340,u-0205,2023-12-31
t-00341,u-0205,2023-12-18
t-00342,u-0205,2024-02-02
t-00343,u-0205,2024-01-25
t-00344,u-0206,2024-02-12
t-00345,u-0206,2024-01-15
t-00346,u-0208,2023-12-07
t-00347,u-0209,2024-02-27
t-00348,u-0210,2024-02-12
t-00349,u-0210,2024-01-20
t-00350,u-0211,2023-12-17
t-00351,u-0212,2024-02-14
t-00352,u-0212,2024-01-31
t-00353,u-0212,2024-02-13
t-00354,u-0212,2023-12-27
t-00355,u-0213,2024-02-08
t-00356,u-0213,2024-01-07
t-00357,u-0214,2024-01-25
t-00358,u-0214,2024-01-10
t-00359,u-0214,2024-01-27
t-00360,u-0215,2024-02-11
t-00361,u-0215,2024-02-20
t-00362,u-0215,2024-02-22
t-00363,u-0216,2024-01-01
t-00364,u-0216,2023-12-23
t-00365,u-0217,2024-02-09
t-00366,u-0219,2024-02-09
t-00367,u-0219,2024-01-25
t-00368,u-0219,2023-12-22
t-00369,u-0220,2024-02-04
t-00370,u-0220,2024-02-15
t-00371,u-0220,2023-12-25
t-00372,u-0220,2023-12-30
t-00373,u-0221,2023-12-29
t-00374,u-0221,2023-12-08
t-00375,u-0223,2024-02-18
t-00376,u-0223,2024-01-22
t-00377,u-0223,2024-02-10
t-00378,u-0223,2024-02-11
t-00379,u-0223,2023-12-14
t-00380,u-0227,2024-02-08
t-00381,u-0228,2023-12-23
t-00382,u-0229,2024-01-03
t-00383,u-0230,2023-12-10
t-00384,u-0230,2023-12-07
t-00385,u-0230,2024-01-19
t-00386,u-0230,2024-01-03
t-00387,u-0231,2024-02-15
t-00388,u-0232,2024-01-21
t-00389,u-0232,2024-01-17
t-00390,u-0232,2024-02-06
t-00391,u-0234,2023-12-25
t-00392,u-0234,2024-01-26
t-00393,u-0234,2024-02-01
t-00394,u-0234,2024-01-24
t-00395,u-0235,2023-12-07
t-00396,u-0236,2024-02-29
t-00397,u-0236,2024-02-03
t-00398,u-0236,2024-02-27
t-00399,u-0237,2024-03-01
t-00400,u-0241,2024-03-02
t-00401,u-0241,2024-02-24
t-00402,u-0243,2024-02-01
t-00403,u-0245,2024-02-11
t-00404,u-0246,2024-02-01
t-00405,u-0247,2024-01-12
t-00406,u-0247,2023-12-18
t-00407,u-0248,2024-02-26
t-00408,u-0249,2024-02-28
t-00409,u-0249,2023-12-11
t-00410,u-0249,2024-01-25
t-00411,u-0250,2023-12-20
t-00412,u-0252,2024-02-22
t-00413,u-0252,2024-02-12
t-00414,u-0252,2024-01-02
t-00415,u-0253,2024-02-13
t-00416,u-0255,2023-12-25
t-00417,u-0255,2024-01-28
t-00418,u-0257,2023-12-31
t-00419,u-0258,2024-01-07
t-00420,u-0258,2024-02-09
t-00421,u-0258,2023-12-16
t-00422,u-0259,2024-02-21
t-00423,u-0259,2024-02-18
t-00424,u-0259,2024-01-06
t-00425,u-0260,2023-12-10
t-00426,u-0260,2024-01-03
t-00427,u-0263,2024-02-29
t-00428,u-0263,2023-12-14
t-00429,u-0264,2023-12-20
t-00430,u-0264,2024-01-22
t-00431,u-0265,2023-12-29
t-00432,u-0265,2024-02-27
t-00433,u-0265,2024-01-02
t-00434,u-0265,2024-02-02
t-00435,u-0267,2024-01-31
t-00436,u-0268,2024-02-17
t-00437,u-0268,2024-01-12
t-00438,u-0269,2023-12-09
t-00439,u-0269,2024-01-20
t-00440,u-0270,2024-02-27
t-00441,u-0270,2024-01-02
t-00442,u-0271,2023-12-29
t-00443,u-0271,2024-01-09
t-00444,u-0271,2023-12-26
t-00445,u-0273,2024-01-21
t-00446,u-0274,2024-01-23
t-00447,u-0276,2024-01-18
t-00448,u-0276,2024-01-18
t-00449,u-0276,2024-02-16
t-00450,u-0276,2024-02-09
t-00451,u-0278,2024-01-29
t-00452,u-0279,2024-01-22
t-00453,u-0281,2023-12-21
t-00454,u-0281,2024-01-29
t-00455,u-0281,2024-02-08
t-00456,u-0282,2024-02-28
t-00457,u-0283,2024-02-08
t-00458,u-0283,2024-02-28
t-00459,u-0284,2024-02-27
t-00460,u-0285,2023-12-28
t-00461,u-0285,2023-12-13
t-00462,u-0286,2023-12-13
t-00463,u-0286,2023-12-13
t-00464,u-0286,2024-01-30
t-00465,u-0286,2024-01-29
t-00466,u-0294,2023-12-07
t-00467,u-0294,2024-02-03
t-00468,u-0295,2024-01-25
t-00469,u-0295,2024-01-01
t-00470,u-0295,2024-02-23
t-00471,u-0296,2024-01-30
t-00472,u-0296,2024-02-03
t-00473,u-0298,2024-02-24
t-00474,u-0298,2024-01-12
t-00475,u-0298,2024-01-11
t-00476,u-0299,2024-01-06
t-00477,u-0299,2024-02-08
t-00478,u-0299,2024-01-08
t-00479,u-0299,2023-12-20
t-00480,u-0299,2024-02-15
t-00481,u-0301,2024-02-16
t-00482,u-0301,2024-01-15
t-00483,u-0301,2024-01-15
t-00484,u-0301,2024-01-03
t-00485,u-0303,2024-02-20
t-00486,u-0303,2024-02-22
t-00487,u-0303,2023-12-13
t-00488,u-0305,2024-02-11
t-00489,u-0306,2024-01-02
t-00490,u-0306,2024-01-25
t-00491,u-0306,2024-01-31
t-00492,u-0309,2024-01-30
t-00493,u-0310,2023-12-06
t-00494,u-0310,2023-12-17
t-00495,u-0311,2024-01-24
t-00496,u-0311,2024-01-29
t-00497,u-0312,2023-12-14
t-00498,u-0313,2023-12-04
t-00499,u-0313,2023-12-19
t-00500,u-0313,2023-12-15
t-00501,u-0313,2023-12-21
t-00502,u-0313,2023-12-09
t-00503,u-0313,2024-02-18
t-00504,u-0314,2024-02-25
t-00505,u-0317,2023-12-28
t-00506,u-0317,2024-02-10
t-00507,u-0317,2023-12-06
t-00508,u-0318,2024-02-16
t-00509,u-0319,2024-01-15
t-00510,u-0319,2024-02-25
t-00511,u-0319,2023-12-13
t-00512,u-0321,2024-02-29
t-00513,u-0321,2024-01-06
t-00514,u-0321,2024-02-14
t-00515,u-0321,2023-12-05
t-00516,u-0321,2024-01-13
t-00517,u-0321,2024-02-08
t-00518,u-0322,2023-12-13
t-00519,u-0322,2023-12-30
t-00520,u-0324,2023-12-06
t-00521,u-0324,2024-02-11
t-00522,u-0324,2023-12-27
t-00523,u-0324,2024-02-10
t-00524,u-0325,2024-02-12
t-00525,u-0326,2023-12-08
t-00526,u-0327,2023-12-30
t-00527,u-0327,2024-01-21
t-00528,u-0328,2024-01-19
t-00529,u-0328,2024-01-08
t-00530,u-0328,2023-12-09
t-00531,u-0328,2024-02-29
t-00532,u-0328,2024-01-28
t-00533,u-0329,2024-01-06
t-00534,u-0330,2024-02-05
t-00535,u-0331,2023-12-19
t-00536,u-0331,2023-12-29
t-00537,u-0334,2024-01-27
t-00538,u-0334,2024-01-19
t-00539,u-0335,2024-02-06
t-00540,u-0335,2024-01-06
t-00541,u-0336,2023-12-05
t-00542,u-0336,2024-01-05
t-00543,u-0336,2023-12-18
t-00544,u-0338,2024-01-22
t-00545,u-0338,2024-01-19
t-00546,u-0338,2024-01-05
t-00547,u-0338,2024-01-06
t-00548,u-0339,2023-12-22
t-00549,u-0339,2024-01-01
t-00550,u-0339,2024-01-26
t-00551,u-0340,2024-02-14
t-00552,u-0340,2024-01-29
t-00553,u-0341,2024-02-03
t-00554,u-0341,2024-01-01
t-00555,u-0341,2023-12-05
t-00556,u-0342,2024-02-01
t-00557,u-0342,2024-02-07
t-00558,u-0343,2023-12-14
t-00559,u-0344,2023-12-24
t-00560,u-0344,2023-12-08
t-00561,u-0344,2023-12-30
t-00562,u-0344,2023-12-04
t-00563,u-0344,2023-12-12
t-00564,u-0344,2023-12-12
t-00565,u-0345,2023-12-11
t-00566,u-0345,2024-01-05
t-00567,u-0345,2024-01-15
t-00568,u-0346,2024-01-27
t-00569,u-0346,2024-02-09
t-00570,u-0346,2024-02-14
t-00571,u-0346,2024-01-28
t-00572,u-0346,2024-02-25
t-00573,u-0346,2023-12-15
t-00574,u-0347,2024-01-13
t-00575,u-0347,2023-12-30
t-00576,u-0347,2024-01-10
t-00577,u-0347,2024-01-29
t-00578,u-0347,2024-01-30
t-00579,u-0347,2024-02-15
t-00580,u-0349,2024-01-25
t-00581,u-0349,2024-02-19
t-00582,u-0351,2024-01-18
t-00583,u-0351,2024-01-09
t-00584,u-0351,2024-01-05
t-00585,u-0351,2024-01-19
t-00586,u-0352,2024-01-17
t-00587,u-0352,2024-02-14
t-00588,u-0354,2023-12-16
t-00589,u-0354,2024-01-10
t-00590,u-0354,2024-01-23
t-00591,u-0354,2023-12-24
t-00592,u-0354,2023-12-15
t-00593,u-0354,2024-01-19
t-00594,u-0355,2024-01-28
t-00595,u-0355,2024-02-17
t-00596,u-0356,2023-12-04
t-00597,u-0359,2024-02-26
t-00598,u-0359,2024-01-04
t-00599,u-0360,2024-02-26
t-00600,u-0360,2024-02-23
t-00601,u-0360,2024-01-25
t-00602,u-0360,2024-01-16
t-00603,u-0361,2024-02-27
t-00604,u-0361,2024-02-03
t-00605,u-0361,2023-12-16
t-00606,u-0361,2024-01-15
t-00607,u-0362,2024-01-13
t-00608,u-0362,2024-02-16
t-00609,u-0362,2024-01-14
t-00610,u-0362,2024-01-23
t-00611,u-0363,2024-01-07
t-00612,u-0363,2023-12-12
t-00613,u-0365,2023-12-15
t-00614,u-0367,2024-02-26
t-00615,u-0367,2024-02-03
t-00616,u-0369,2024-01-22
t-00617,u-0369,2024-02-05
t-00618,u-0371,2024-02-06
t-00619,u-0373,2023-12-16
t-00620,u-0373,2024-02-02
t-00621,u-0373,2023-12-30
t-00622,u-0373,2024-02-26
t-00623,u-0373,2023-12-29
t-00624,u-0375,2023-12-20
t-00625,u-0375,2024-01-22
t-00626,u-0376,2023-12-18
t-00627,u-0378,2024-01-13
t-00628,u-0378,2023-12-26
t-00629,u-0378,2024-02-26
t-00630,u-0379,2024-02-17
t-00631,u-0379,2024-01-11
t-00632,u-0379,2024-02-01
t-00633,u-0379,2023-12-27
t-00634,u-0380,2024-01-01
t-00635,u-0380,2024-02-15
t-00636,u-0382,2023-12-09
t-00637,u-0382,2024-02-22
t-00638,u-0386,2024-02-27
t-00639,u-0386,2024-02-27
t-00640,u-0387,2024-01-03
t-00641,u-0389,2023-12-13
t-00642,u-0389,2023-12-09
t-00643,u-0390,2023-12-25
t-00644,u-0390,2024-02-11
t-00645,u-0391,2023-12-07
t-00646,u-0393,2024-02-21
t-00647,u-0393,2024-02-15
t-00648,u-0394,2024-02-19
t-00649,u-0394,2024-02-26
t-00650,u-0394,2023-12-06
t-00651,u-0394,2024-01-10
t-00652,u-0395,2024-01-28
t-00653,u-0396,2024-01-18
t-00654,u-0399,2023-12-25
t-00655,u-0400,2024-01-31
t-00656,u-0401,2023-12-05
t-00657,u-0402,2024-02-15
t-00658,u-0402,2024-02-28
t-00659,u-0402,2024-02-13
t-00660,u-0403,2024-01-10
t-00661,u-0403,2024-01-05
t-00662,u-0403,2023-12-06
t-00663,u-0404,2024-02-27
t-00664,u-0406,2024-01-17
t-00665,u-0409,2024-01-14
t-00666,u-0409,2024-02-21
t-00667,u-0409,2024-02-28
t-00668,u-0409,2024-02-04
t-00669,u-0410,2024-02-04
t-00670,u-0412,2024-02-25
t-00671,u-0412,2024-01-30
t-00672,u-0412,2024-02-22
t-00673,u-0412,2023-12-19
t-00674,u-0413,2024-02-09
t-00675,u-0414,2023-12-16
t-00676,u-0414,2023-12-31
t-00677,u-0414,2024-02-04
t-00678,u-0415,2024-01-01
t-00679,u-0418,2023-12-10
t-00680,u-0418,2024-02-23
t-00681,u-0418,2024-01-04
t-00682,u-0419,2023-12-31
t-00683,u-0419,2024-01-17
t-00684,u-0419,2024-01-30
t-00685,u-0420,2024-02-25
t-00686,u-0421,2023-12-26
t-00687,u-0422,2024-01-20
t-00688,u-0422,2024-01-20
t-00689,u-0422,2023-12-11
t-00690,u-0422,2023-12-29
t-00691,u-0423,2024-01-20
t-00692,u-0424,2024-02-26
t-00693,u-0424,2023-12-26
t-00694,u-0424,2024-03-02
t-00695,u-0424,2024-01-13
t-00696,u-0424,2024-03-01
t-00697,u-0424,2024-02-08
t-00698,u-0426,2024-03-01
t-00699,u-0426,2024-01-23
t-00700,u-0427,2024-01-22
t-00701,u-0427,2024-02-27
t-00702,u-0428,2024-02-22
t-00703,u-0430,2024-01-06
t-00704,u-0430,2024-01-14
t-00705,u-0432,2023-12-31
t-00706,u-0432,2024-01-14
t-00707,u-0433,2024-01-13
t-00708,u-0433,2024-01-10
t-00709,u-0433,2024-01-09
t-00710,u-0433,2024-02-25
t-00711,u-0434,2024-01-22
t-00712,u-0434,2024-01-08
t-00713,u-0434,2023-12-25
t-00714,u-0434,2023-12-07
t-00715,u-0435,2023-12-21
t-00716,u-0435,2023-12-21
t-00717,u-0437,2024-01-22
t-00718,u-0437,2024-01-10
t-00719,u-0437,2023-12-04
t-00720,u-0437,2023-12-13
t-00721,u-0439,2023-12-19
t-00722,u-0440,2023-12-30
t-00723,u-0441,2024-01-25
t-00724,u-0443,2024-02-07
t-00725,u-0443,2024-01-25
t-00726,u-0443,2024-02-25
t-00727,u-0443,2024-02-18
t-00728,u-0443,2024-02-18
t-00729,u-0444,2023-12-22
t-00730,u-0446,2024-01-08
t-00731,u-0446,2024-03-01
t-00732,u-0447,2024-02-06
t-00733,u-0447,2024-01-16
t-00734,u-0448,2024-03-01
t-00735,u-0448,2024-01-02
t-00736,u-0453,2023-12-23
t-00737,u-0453,2024-02-04
t-00738,u-0455,2024-01-01
t-00739,u-0455,2023-12-29
t-00740,u-0455,2024-02-01
t-00741,u-0456,2023-12-15
t-00742,u-0457,2023-12-13
t-00743,u-0457,2024-01-17
t-00744,u-0457,2024-02-04
t-00745,u-0459,2023-12-31
t-00746,u-0459,2023-12-24
t-00747,u-0459,2024-02-10
t-00748,u-0459,2024-02-19
t-00749,u-0459,2024-02-15
t-00750,u-0459,2024-02-12
t-00751,u-0460,2024-01-22
t-00752,u-0461,2024-02-03
t-00753,u-0462,2023-12-15
t-00754,u-0462,2024-02-02
t-00755,u-0465,2024-02-21
t-00756,u-0465,2024-01-11
t-00757,u-0466,2024-02-18
t-00758,u-0466,2024-02-28
t-00759,u-0466,2024-02-13
t-00760,u-0466,2024-01-24
t-00761,u-0467,2023-12-29
t-00762,u-0467,2024-02-09
t-00763,u-0467,2024-01-19
t-00764,u-0467,2024-01-03
t-00765,u-0467,2024-01-22
t-00766,u-0467,2024-02-24
t-00767,u-0468,2024-01-04
t-00768,u-0468,2024-01-30
t-00769,u-0469,2024-02-29
t-00770,u-0469,2024-02-17
t-00771,u-0469,2023-12-15
t-00772,u-0469,2023-12-15
t-00773,u-0471,2024-01-13
t-00774,u-0472,2024-02-28
t-00775,u-0472,2024-01-13
t-00776,u-0474,2023-12-17
t-00777,u-0474,2024-01-05
t-00778,u-0475,2023-12-23
t-00779,u-0475,2023-12-14
t-00780,u-0476,2024-01-31
t-00781,u-0476,2024-02-19
t-00782,u-0478,2023-12-07
t-00783,u-0478,2024-02-26
t-00784,u-0478,2024-01-23
t-00785,u-0479,2024-02-18
t-00786,u-0479,2024-02-06
t-00787,u-0479,2024-01-28
t-00788,u-0479,2024-02-22
t-00789,u-0479,2023-12-13
t-00790,u-0481,2023-12-13
t-00791,u-0481,2024-01-16
t-00792,u-0481,2023-12-18
t-00793,u-0482,2024-02-15
t-00794,u-0483,2024-02-26
t-00795,u-0483,2023-12-16
t-00796,u-0483,2024-02-18
t-00797,u-0483,2023-12-19
t-00798,u-0485,2024-01-09
t-00799,u-0487,2024-01-11
t-00800,u-0487,2024-02-24
t-00801,u-0487,2024-02-19
t-00802,u-0487,2024-02-13
t-00803,u-0487,2024-02-03
t-00804,u-0489,2024-01-14
t-00805,u-0489,2024-02-19
t-00806,u-0489,2024-01-25
t-00807,u-0489,2023-12-22
t-00808,u-0490,2024-02-22
t-00809,u-0490,2024-01-29
t-00810,u-0490,2024-01-13
t-00811,u-0490,2023-12-19
t-00812,u-0491,2023-12-26
t-00813,u-0494,2023-12-23
t-00814,u-0495,2023-12-12
t-00815,u-0496,2023-12-04
t-00816,u-0497,2023-12-29
t-00817,u-0498,2024-01-20
t-00818,u-0498,2023-12-21
t-00819,u-0499,2024-01-19
t-00820,u-0500,2024-01-08
t-00821,u-0501,2023-12-28
t-00822,u-0501,2024-03-01
t-00823,u-0501,2024-02-17
t-00824,u-0502,2023-12-21
t-00825,u-0503,2023-12-24
t-00826,u-0503,2024-01-05
t-00827,u-0503,2023-12-23
t-00828,u-0505,2024-02-24
t-00829,u-0506,2024-01-05
t-00830,u-0506,2023-12-31
t-00831,u-0507,2023-12-04
t-00832,u-0509,2023-12-07
t-00833,u-0510,2023-12-26
t-00834,u-0510,2023-12-04
t-00835,u-0511,2024-01-07
t-00836,u-0511,2023-12-28
t-00837,u-0511,2024-01-31
t-00838,u-0511,2024-02-02
t-00839,u-0511,2024-01-01
t-00840,u-0512,2024-01-13
t-00841,u-0512,2024-02-15
t-00842,u-0514,2023-12-16
t-00843,u-0514,2024-02-03
t-00844,u-0514,2024-02-17
t-00845,u-0514,2024-02-28
t-00846,u-0515,2024-02-23
t-00847,u-0516,2024-02-22
t-00848,u-0516,2024-01-04
t-00849,u-0517,2024-02-07
t-00850,u-0518,2024-02-17
t-00851,u-0518,2023-12-29
t-00852,u-0518,2024-02-27
t-00853,u-0520,2024-01-20
t-00854,u-0521,2023-12-27
t-00855,u-0521,2024-02-18
t-00856,u-0522,2024-01-07
t-00857,u-0523,2024-01-29
t-00858,u-0524,2024-01-04
t-00859,u-0525,2024-02-03
t-00860,u-0525,2024-02-21
t-00861,u-0525,2024-02-13
t-00862,u-0526,2023-12-16
t-00863,u-0526,2024-02-29
t-00864,u-0526,2024-01-16
t-00865,u-0529,2024-02-21
t-00866,u-0529,2024-01-15
t-00867,u-0530,2024-02-05
t-00868,u-0531,2023-12-17
t-00869,u-0532,2023-12-08
t-00870,u-0532,2023-12-28
t-00871,u-0532,2024-02-28
t-00872,u-0534,2024-02-12
t-00873,u-0535,2024-02-18
t-00874,u-0535,2024-02-22
t-00875,u-0536,2024-03-02
t-00876,u-0537,2023-12-29
t-00877,u-0537,2023-12-26
t-00878,u-0537,2023-12-26
t-00879,u-0538,2024-02-28
t-00880,u-0538,2024-01-29
t-00881,u-0541,2023-12-26
t-00882,u-0543,2024-01-07
t-00883,u-0543,2023-12-29
t-00884,u-0544,2023-12-15
t-00885,u-0544,2024-01-16
t-00886,u-0545,2024-02-22
t-00887,u-0545,2024-02-23
t-00888,u-0545,2023-12-12
t-00889,u-0545,2024-02-05
t-00890,u-0546,2023-12-28
t-00891,u-0546,2024-02-24
t-00892,u-0546,2024-01-31
t-00893,u-0547,2024-01-27
t-00894,u-0548,2024-02-20
t-00895,u-0548,2024-01-11
t-00896,u-0548,2024-01-25
t-00897,u-0549,2024-03-02
t-00898,u-0549,2024-02-15
t-00899,u-0549,2024-02-11
t-00900,u-0551,2023-12-09
t-00901,u-0551,2024-01-16
t-00902,u-0551,2024-01-16
t-00903,u-0551,2024-02-08
t-00904,u-0551,2024-02-20
t-00905,u-0554,2024-01-11
t-00906,u-0554,2023-12-21
t-00907,u-0555,2024-02-21
t-00908,u-0555,2024-02-20
t-00909,u-0555,2024-01-08
t-00910,u-0555,2024-01-19
t-00911,u-0556,2024-02-04
t-00912,u-0556,2024-01-21
t-00913,u-0556,2023-12-17
t-00914,u-0557,2024-02-23
t-00915,u-0557,2024-02-20
t-00916,u-0558,2024-01-08
t-00917,u-0560,2023-12-10
t-00918,u-0560,2023-12-27
t-00919,u-0560,2024-01-07
t-00920,u-0561,2024-01-07
t-00921,u-0561,2024-01-28
t-00922,u-0564,2024-02-06
t-00923,u-0565,2024-01-11
t-00924,u-0567,2024-01-07
t-00925,u-0568,2023-12-26
t-00926,u-0568,2024-02-18
t-00927,u-0569,2024-01-24
t-00928,u-0569,2023-12-10
t-00929,u-0569,2024-01-29
t-00930,u-0569,2023-12-31
t-00931,u-0570,2023-12-27
t-00932,u-0573,2024-01-18
t-00933,u-0574,2023-12-07
t-00934,u-0575,2024-02-08
t-00935,u-0575,2024-01-06
t-00936,u-0575,2024-02-28
t-00937,u-0576,2024-01-11
t-00938,u-0576,2024-02-17
t-00939,u-0576,2023-12-04
t-00940,u-0576,2024-02-18
t-00941,u-0577,2024-02-13
t-00942,u-0577,2024-02-03
t-00943,u-0577,2024-01-01
t-00944,u-0577,2024-02-22
t-00945,u-0577,2023-12-17
t-00946,u-0578,2024-01-11
t-00947,u-0578,2024-01-04
t-00948,u-0578,2024-01-26
t-00949,u-0579,2024-02-18
t-00950,u-0579,2024-01-05
t-00951,u-0579,2023-12-10
t-00952,u-0579,2024-01-04
t-00953,u-0579,2024-01-06
t-00954,u-0579,2023-12-17
t-00955,u-0580,2024-01-24
t-00956,u-0580,2024-01-12
t-00957,u-0580,2024-02-03
t-00958,u-0581,2024-02-09
t-00959,u-0581,2024-01-02
t-00960,u-0582,2024-02-02
t-00961,u-0582,2024-02-16
t-00962,u-0584,2023-12-16
t-00963,u-0584,2023-12-21
t-00964,u-0584,2024-02-08
t-00965,u-0584,2024-01-14
t-00966,u-0585,2024-01-26
t-00967,u-0585,2023-12-30
t-00968,u-0585,2024-02-07
t-00969,u-0587,2023-12-19
t-00970,u-0587,2023-12-04
t-00971,u-0591,2024-02-19
t-00972,u-0591,2024-02-22
t-00973,u-0592,2024-02-12
t-00974,u-0592,2024-02-05
t-00975,u-0594,2023-12-18
t-00976,u-0594,2024-02-02
t-00977,u-0594,2024-01-20
t-00978,u-0594,2024-03-02
t-00979,u-0594,2024-01-15
t-00980,u-0595,2024-02-26
t-00981,u-0595,2024-02-01
t-00982,u-0595,2024-02-20
t-00983,u-0595,2024-02-10
t-00984,u-0596,2024-03-01
t-00985,u-0596,2024-02-02
t-00986,u-0596,2024-01-18
t-00987,u-0596,2024-02-15
t-00988,u-0596,2023-12-30
t-00989,u-0596,2023-12-09
t-00990,u-0596,2024-02-23
t-00991,u-0596,2024-01-28
t-00992,u-0597,2024-01-07
t-00993,u-0597,2024-01-04
t-00994,u-0598,2024-02-06
t-00995,u-0598,2023-12-17
t-00996,u-0598,2024-02-29
t-00997,u-0598,2024-01-14
t-00998,u-0599,2024-02-15
t-00999,u-0600,2024-02-27
t-01000,u-0600,2024-01-19
t-01001,u-0600,2023-12-31
t-01002,u-0600,2023-12-29
t-01003,u-0601,2023-12-24
t-01004,u-0604,2024-01-11
t-01005,u-0605,2023-12-10
t-01006,u-0605,2023-12-18
t-01007,u-0606,2024-01-18
t-01008,u-0606,2024-02-22
t-01009,u-0606,2024-01-14
t-01010,u-0607,2023-12-09
t-01011,u-0608,2024-02-14
t-01012,u-0608,2023-12-20
t-01013,u-0609,2024-02-12
t-01014,u-0609,2023-12-09
t-01015,u-0609,2024-02-11
t-01016,u-0609,2024-02-23
t-01017,u-0609,2024-01-05
t-01018,u-0610,2024-02-16
t-01019,u-0610,2023-12-20
t-01020,u-0612,2023-12-31
t-01021,u-0612,2023-12-20
t-01022,u-0612,2024-02-08
t-01023,u-0612,2024-01-14
t-01024,u-0612,2023-12-28
t-01025,u-0614,2023-12-11
t-01026,u-0614,2024-01-16
t-01027,u-0615,2024-02-13
t-01028,u-0616,2024-02-24
t-01029,u-0616,2024-02-19
t-01030,u-0617,2023-12-07
t-01031,u-0617,2024-01-31
t-01032,u-0618,2023-12-28
t-01033,u-0619,2024-01-17
t-01034,u-0619,2024-02-08
t-01035,u-0619,2024-02-28
t-01036,u-0619,2024-02-14
t-01037,u-0621,2024-01-20
t-01038,u-0621,2024-02-09
t-01039,u-0621,2024-01-27
t-01040,u-0622,2024-01-29
t-01041,u-0623,2024-01-08
t-01042,u-0624,2024-02-24
t-01043,u-0625,2024-02-08
t-01044,u-0628,2024-02-03
t-01045,u-0628,2023-12-08
t-01046,u-0628,2023-12-22
t-01047,u-0631,2024-02-20
t-01048,u-0631,2023-12-25
t-01049,u-0631,2024-02-04
t-01050,u-0632,2024-01-30
t-01051,u-0632,2024-02-24
t-01052,u-0633,2024-01-13
t-01053,u-0633,2024-01-10
t-01054,u-0633,2023-12-23
t-01055,u-0633,2024-02-20
t-01056,u-0633,2023-12-11
t-01057,u-0634,2024-02-15
t-01058,u-0634,2024-01-20
t-01059,u-0634,2024-03-01
t-01060,u-0636,2024-02-12
t-01061,u-0637,2023-12-10
t-01062,u-0637,2024-02-21
t-01063,u-0637,2024-02-04
t-01064,u-0639,2023-12-18
t-01065,u-0639,2023-12-13
t-01066,u-0639,2023-12-07
t-01067,u-0640,2024-02-05
t-01068,u-0640,2023-12-14
t-01069,u-0640,2023-12-19
t-01070,u-0640,2024-01-18
t-01071,u-0642,2024-01-26
t-01072,u-0642,2024-01-27
t-01073,u-0644,2024-01-31
t-01074,u-0644,2024-01-01
t-01075,u-0644,2024-02-18
t-01076,u-0644,2024-01-11
t-01077,u-0645,2023-12-11
t-01078,u-0645,2023-12-18
t-01079,u-0645,2023-12-26
t-01080,u-0646,2024-01-20
t-01081,u-0647,2024-01-17
t-01082,u-0647,2024-01-16
t-01083,u-0648,2024-01-19
t-01084,u-0649,2023-12-05
t-01085,u-0649,2024-02-06
t-01086,u-0649,2024-01-04
t-01087,u-0649,2024-02-21
t-01088,u-0651,2024-02-18
t-01089,u-0652,2024-03-01
t-01090,u-0652,2024-01-28
t-01091,u-0652,2023-12-16
t-01092,u-0653,2024-01-27
t-01093,u-0654,2024-02-19
t-01094,u-0654,2023-12-05
t-01095,u-0655,2023-12-26
t-01096,u-0656,2024-01-05
t-01097,u-0658,2024-03-01
t-01098,u-0658,2024-02-08
t-01099,u-0658,2024-01-04
t-01100,u-0658,2023-12-12
t-01101,u-0659,2024-02-15
t-01102,u-0659,2024-02-28
t-01103,u-0660,2024-01-21
t-01104,u-0661,2023-12-20
t-01105,u-0662,2024-02-25
t-01106,u-0663,2024-01-17
t-01107,u-0663,2024-02-08
t-01108,u-0663,2024-01-20
t-01109,u-0664,2023-12-07
t-01110,u-0664,2024-01-25
t-01111,u-0665,2023-12-28
t-01112,u-0667,2024-01-13
t-01113,u-0667,2023-12-30
t-01114,u-0669,2024-01-16
t-01115,u-0669,2023-12-23
t-01116,u-0669,2023-12-31
t-01117,u-0669,2024-02-05
t-01118,u-0670,2024-02-13
t-01119,u-0672,2024-03-02
t-01120,u-0672,2023-12-14
t-01121,u-0672,2024-01-14
t-01122,u-0673,2024-02-21
t-01123,u-0673,2024-02-21
t-01124,u-0674,2024-02-22
t-01125,u-0675,2024-01-12
t-01126,u-0675,2023-12-24
t-01127,u-0675,2024-02-02
t-01128,u-0676,2024-02-26
t-01129,u-0678,2023-12-21
t-01130,u-0678,2024-01-16
t-01131,u-0679,2023-12-26
t-01132,u-0681,2023-12-31
t-01133,u-0681,2023-12-15
t-01134,u-0681,2024-01-07
t-01135,u-0681,2024-02-01
t-01136,u-0681,2023-12-24
t-01137,u-0681,2024-01-05
t-01138,u-0682,2024-02-11
t-01139,u-0683,2024-01-20
t-01140,u-0683,2023-12-26
t-01141,u-0683,2023-12-08
t-01142,u-0683,2023-12-27
t-01143,u-0684,2024-01-23
t-01144,u-0685,2024-02-13
t-01145,u-0685,2024-01-07
t-01146,u-0685,2024-02-02
t-01147,u-0686,2024-01-21
t-01148,u-0686,2024-01-23
t-01149,u-0688,2023-12-06
t-01150,u-0688,2024-01-20
t-01151,u-0689,2023-12-04
t-01152,u-0690,2024-02-15
t-01153,u-0690,2023-12-31
t-01154,u-0696,2024-01-30
t-01155,u-0696,2023-12-13
t-01156,u-0698,2024-02-10
t-01157,u-0698,2024-02-06
t-01158,u-0700,2024-02-17
t-01159,u-0702,2023-12-18
t-01160,u-0702,2024-01-09
t-01161,u-0702,2024-02-16
t-01162,u-0702,2024-01-26
t-01163,u-0703,2024-01-17
t-01164,u-0704,2024-01-30
t-01165,u-0705,2024-02-24
t-01166,u-0705,2024-02-03
t-01167,u-0705,2023-12-15
t-01168,u-0708,2023-12-14
t-01169,u-0709,2023-12-11
t-01170,u-0710,2024-02-10
t-01171,u-0710,2024-02-28
t-01172,u-0710,2023-12-05
t-01173,u-0710,2024-03-02
t-01174,u-0710,2023-12-30
t-01175,u-0711,2024-03-01
t-01176,u-0711,2024-01-14
t-01177,u-0711,2023-12-15
t-01178,u-0712,2024-02-16
t-01179,u-0713,2023-12-19
t-01180,u-0713,2023-12-10
t-01181,u-0714,2023-12-19
t-01182,u-0714,2023-12-19
t-01183,u-0715,2023-12-11
t-01184,u-0715,2024-01-17
t-01185,u-0715,2024-02-17
t-01186,u-0716,2024-01-10
t-01187,u-0717,2024-01-19
t-01188,u-0717,2024-01-30
t-01189,u-0717,2023-12-31
t-01190,u-0718,2024-02-17
t-01191,u-0718,2024-01-12
t-01192,u-0718,2023-12-09
t-01193,u-0720,2023-12-11
t-01194,u-0720,2024-01-01
t-01195,u-0720,2023-12-31
t-01196,u-0721,2024-02-17
t-01197,u-0722,2024-01-08
t-01198,u-0723,2024-02-26
t-01199,u-0723,2024-02-23
t-01200,u-0724,2024-02-12
t-01201,u-0724,2024-02-07
t-01202,u-0726,2023-12-21
t-01203,u-0727,2024-01-29
t-01204,u-0727,2023-12-11
t-01205,u-0727,2023-12-11
t-01206,u-0728,2023-12-06
t-01207,u-0728,2023-12-22
t-01208,u-0729,2023-12-31
t-01209,u-0730,2024-01-04
t-01210,u-0730,2024-01-17
t-01211,u-0730,2023-12-12
t-01212,u-0731,2024-02-20
t-01213,u-0731,2023-12-25
t-01214,u-0731,2024-02-01
t-01215,u-0731,2023-12-12
t-01216,u-0732,2024-01-13
t-01217,u-0732,2024-01-31
t-01218,u-0733,2023-12-10
t-01219,u-0734,2024-03-02
t-01220,u-0734,2024-02-07
t-01221,u-0735,2024-01-02
t-01222,u-0736,2023-12-28
t-01223,u-0736,2024-01-01
t-01224,u-0736,2024-01-06
t-01225,u-0736,2023-12-15
t-01226,u-0737,2024-02-25
t-01227,u-0737,2024-02-01
t-01228,u-0737,2024-01-04
t-01229,u-0737,2023-12-29
t-01230,u-0739,2023-12-04
t-01231,u-0739,2024-02-13
t-01232,u-0739,2024-02-11
t-01233,u-0740,2024-01-23
t-01234,u-0740,2023-12-24
t-01235,u-0740,2023-12-27
t-01236,u-0741,2024-01-13
t-01237,u-0741,2024-02-02
t-01238,u-0741,2024-02-27
t-01239,u-0741,2024-02-23
t-01240,u-0742,2024-01-12
t-01241,u-0742,2024-02-26
t-01242,u-0744,2023-12-06
t-01243,u-0744,2024-01-20
t-01244,u-0744,2023-12-07
t-01245,u-0745,2024-02-03
t-01246,u-0747,2023-12-16
t-01247,u-0748,2024-01-06
t-01248,u-0748,2024-01-10
t-01249,u-0748,2024-03-01
t-01250,u-0748,2024-02-22
t-01251,u-0749,2024-02-22
t-01252,u-0749,2024-01-21
t-01253,u-0752,2024-01-27
t-01254,u-0752,2024-02-06
t-01255,u-0755,2023-12-19
t-01256,u-0755,2024-03-02
t-01257,u-0755,2024-01-21
t-01258,u-0758,2023-12-19
t-01259,u-0758,2023-12-12
t-01260,u-0758,2024-02-08
t-01261,u-0758,2024-01-05
t-01262,u-0758,2024-03-01
t-01263,u-0759,2023-12-22
t-01264,u-0759,2024-01-08
t-01265,u-0759,2024-02-12
t-01266,u-0760,2024-02-09
t-01267,u-0760,2024-02-17
t-01268,u-0760,2024-01-24
t-01269,u-0760,2023-12-29
t-01270,u-0760,2024-02-21
t-01271,u-0760,2024-02-13
t-01272,u-0761,2024-01-10
t-01273,u-0761,2024-01-06
t-01274,u-0761,2024-01-25
t-01275,u-0761,2024-01-17
t-01276,u-0764,2024-01-30
t-01277,u-0764,2024-01-05
t-01278,u-0766,2024-01-18
t-01279,u-0767,2024-03-02
t-01280,u-0767,2024-01-11
t-01281,u-0768,2024-01-23
t-01282,u-0770,2024-02-17
t-01283,u-0770,2024-02-11
t-01284,u-0770,2023-12-08
t-01285,u-0770,2024-02-29
t-01286,u-0772,2024-02-08
t-01287,u-0774,2024-02-01
t-01288,u-0774,2023-12-04
t-01289,u-0774,2023-12-19
t-01290,u-0774,2024-02-06
t-01291,u-0776,2024-01-28
t-01292,u-0776,2024-02-12
t-01293,u-0777,2023-12-24
t-01294,u-0777,2024-02-21
t-01295,u-0777,2024-02-02
t-01296,u-0777,2024-01-16
t-01297,u-0778,2023-12-17
t-01298,u-0778,2024-01-02
t-01299,u-0778,2024-01-10
t-01300,u-0778,2024-02-29
t-01301,u-0778,2024-02-06
t-01302,u-0779,2024-02-02
t-01303,u-0779,2024-02-05
t-01304,u-0779,2024-02-27
t-01305,u-0780,2024-02-05
t-01306,u-0780,2023-12-22
t-01307,u-0780,2024-02-04
t-01308,u-0780,2023-12-05
t-01309,u-0780,2023-12-18
t-01310,u-0781,2023-12-14
t-01311,u-0781,2024-01-16
t-01312,u-0781,2023-12-09
t-01313,u-0782,2024-02-10
t-01314,u-0783,2024-02-24
t-01315,u-0784,2024-01-10
t-01316,u-0787,2023-12-11
t-01317,u-0788,2023-12-09
t-01318,u-0788,2023-12-07
t-01319,u-0789,2023-12-20
t-01320,u-0790,2023-12-25
t-01321,u-0790,2024-01-12
t-01322,u-0790,2024-01-15
t-01323,u-0790,2024-01-19
t-01324,u-0791,2023-12-23
t-01325,u-0792,2024-01-09
t-01326,u-0792,2024-01-13
t-01327,u-0794,2023-12-10
t-01328,u-0794,2024-02-04
t-01329,u-0795,2024-01-10
t-01330,u-0795,2023-12-14
t-01331,u-0795,2023-12-17
t-01332,u-0795,2024-02-29
t-01333,u-0795,2024-02-20
t-01334,u-0796,2024-02-10
t-01335,u-0799,2024-01-27
t-01336,u-0800,2024-01-04
t-01337,u-0801,2023-12-28
t-01338,u-0801,2024-02-20
t-01339,u-0801,2024-01-31
t-01340,u-0802,2024-01-14
t-01341,u-0803,2024-01-10
t-01342,u-0804,2024-02-17
t-01343,u-0804,2023-12-23
t-01344,u-0806,2024-02-20
t-01345,u-0806,2024-01-31
t-01346,u-0808,2024-02-18
t-01347,u-0808,2024-02-03
t-01348,u-0808,2024-01-27
t-01349,u-0808,2023-12-09
t-01350,u-0809,2023-12-07
t-01351,u-0809,2024-01-13
t-01352,u-0810,2024-01-02
t-01353,u-0811,2023-12-05
t-01354,u-0811,2023-12-06
t-01355,u-0811,2024-02-11
t-01356,u-0811,2023-12-12
t-01357,u-0812,2024-01-10
t-01358,u-0812,2024-01-10
t-01359,u-0812,2024-01-24
t-01360,u-0813,2023-12-07
t-01361,u-0813,2023-12-07
t-01362,u-0813,2023-12-18
t-01363,u-0814,2023-12-27
t-01364,u-0815,2023-12-05
t-01365,u-0816,2023-12-18
t-01366,u-0816,2024-02-26
t-01367,u-0817,2024-02-22
t-01368,u-0817,2024-01-14
t-01369,u-0818,2024-02-07
t-01370,u-0819,2024-02-22
t-01371,u-0820,2024-03-01
t-01372,u-0821,2023-12-05
t-01373,u-0823,2024-01-06
t-01374,u-0823,2023-12-09
t-01375,u-0824,2023-12-11
t-01376,u-0824,2024-01-21
t-01377,u-0824,2024-02-08
t-01378,u-0825,2024-01-21
t-01379,u-0825,2024-01-07
t-01380,u-0825,2024-01-07
t-01381,u-0825,2024-02-12
t-01382,u-0826,2024-02-23
t-01383,u-0826,2024-02-05
t-01384,u-0827,2024-02-11
t-01385,u-0829,2024-01-25
t-01386,u-0829,2024-02-10
t-01387,u-0829,2024-02-07
t-01388,u-0830,2024-01-13
t-01389,u-0830,2024-01-12
t-01390,u-0830,2024-01-05
t-01391,u-0831,2024-02-27
t-01392,u-0831,2023-12-21
t-01393,u-0831,2023-12-28
t-01394,u-0832,2023-12-22
t-01395,u-0832,2024-02-17
t-01396,u-0832,2024-01-16
t-01397,u-0834,2024-01-19
t-01398,u-0835,2023-12-12
t-01399,u-0835,2023-12-04
t-01400,u-0836,2024-03-02
t-01401,u-0836,2024-02-24
t-01402,u-0837,2024-02-19
t-01403,u-0838,2024-01-28
t-01404,u-0838,2024-01-22
t-01405,u-0838,2024-02-05
t-01406,u-0839,2024-01-07
t-01407,u-0840,2024-01-18
t-01408,u-0840,2024-02-07
t-01409,u-0840,2023-12-07
t-01410,u-0841,2023-12-30
t-01411,u-0842,2023-12-17
t-01412,u-0844,2024-02-06
t-01413,u-0844,2023-12-12
t-01414,u-0844,2023-12-06
t-01415,u-0844,2023-12-06
t-01416,u-0845,2023-12-04
t-01417,u-0845,2024-02-22
t-01418,u-0846,2024-02-19
t-01419,u-0846,2024-02-24
t-01420,u-0846,2024-02-25
t-01421,u-0847,2023-12-11
t-01422,u-0847,2024-02-16
t-01423,u-0847,2023-12-21
t-01424,u-0847,2024-01-01
t-01425,u-0847,2023-12-05
t-01426,u-0849,2024-01-01
t-01427,u-0849,2024-02-07
t-01428,u-0850,2023-12-11
t-01429,u-0850,2024-02-18
t-01430,u-0851,2024-02-04
t-01431,u-0851,2023-12-06
t-01432,u-0852,2023-12-24
t-01433,u-0853,2024-01-13
t-01434,u-0853,2023-12-08
t-01435,u-0855,2024-02-05
t-01436,u-0855,2024-01-07
t-01437,u-0855,2024-01-05
t-01438,u-0855,2024-02-08
t-01439,u-0855,2023-12-17
t-01440,u-0856,2023-12-10
t-01441,u-0856,2024-03-01
t-01442,u-0857,2024-02-02
t-01443,u-0857,2024-01-14
t-01444,u-0858,2023-12-18
t-01445,u-0858,2024-01-19
t-01446,u-0861,2024-02-27
t-01447,u-0862,2024-01-12
t-01448,u-0862,2024-02-22
t-01449,u-0863,2024-02-03
t-01450,u-0863,2024-01-08
t-01451,u-0864,2024-01-04
t-01452,u-0865,2024-02-09
t-01453,u-0866,2024-02-03
t-01454,u-0867,2023-12-12
t-01455,u-0867,2024-01-15
t-01456,u-0867,2023-12-09
t-01457,u-0871,2024-02-11
t-01458,u-0873,2024-02-07
t-01459,u-0875,2023-12-30
t-01460,u-0878,2023-12-12
t-01461,u-0878,2024-02-18
t-01462,u-0880,2024-02-07
t-01463,u-0880,2024-02-06
t-01464,u-0881,2024-02-15
t-01465,u-0881,2024-01-31
t-01466,u-0881,2024-02-07
t-01467,u-0881,2024-01-07
t-01468,u-0881,2024-02-14
t-01469,u-0884,2024-01-22
t-01470,u-0884,2023-12-31
t-01471,u-0885,2023-12-30
t-01472,u-0885,2024-01-23
t-01473,u-0885,2024-02-11
t-01474,u-0886,2024-02-18
t-01475,u-0886,2023-12-18
t-01476,u-0888,2024-01-15
t-01477,u-0888,2023-12-29
t-01478,u-0890,2023-12-29
t-01479,u-0890,2024-02-01
t-01480,u-0890,2024-02-10
t-01481,u-0891,2024-01-02
t-01482,u-0892,2023-12-19
t-01483,u-0894,2023-12-23
t-01484,u-0895,2023-12-06
t-01485,u-0895,2024-02-11
t-01486,u-0896,2023-12-27
t-01487,u-0897,2023-12-21
t-01488,u-0897,2024-02-03
t-01489,u-0898,2024-02-14
t-01490,u-0898,2023-12-17
t-01491,u-0899,2024-02-01
t-01492,u-0899,2024-01-26
t-01493,u-0899,2023-12-13
t-01494,u-0899,2024-01-10
t-01495,u-0899,2024-02-12
t-01496,u-0900,2024-02-15
t-01497,u-0900,2024-01-02
t-01498,u-0903,2024-01-11
t-01499,u-0903,2023-12-23
t-01500,u-0903,2024-01-13
t-01501,u-0903,2023-12-08
t-01502,u-0904,2024-02-27
t-01503,u-0904,2023-12-23
t-01504,u-0904,2024-01-12
t-01505,u-0904,2023-12-11
t-01506,u-0907,2023-12-23
t-01507,u-0910,2024-02-02
t-01508,u-0910,2023-12-20
t-01509,u-0911,2024-01-13
t-01510,u-0911,2024-01-07
t-01511,u-0912,2023-12-23
t-01512,u-0912,2024-02-23
t-01513,u-0912,2024-01-10
t-01514,u-0912,2023-12-26
t-01515,u-0913,2024-02-22
t-01516,u-0914,2024-02-02
t-01517,u-0915,2023-12-29
t-01518,u-0916,2024-02-17
t-01519,u-0918,2023-12-23
t-01520,u-0918,2023-12-09
t-01521,u-0919,2023-12-10
t-01522,u-0919,2023-12-31
t-01523,u-0920,2023-12-30
t-01524,u-0920,2024-01-30
t-01525,u-0920,2024-02-09
t-01526,u-0920,2023-12-11
t-01527,u-0922,2024-02-11
t-01528,u-0922,2024-01-22
t-01529,u-0922,2023-12-12
t-01530,u-0922,2024-03-01
t-01531,u-0924,2024-01-30
t-01532,u-0924,2023-12-04
t-01533,u-0925,2024-01-18
t-01534,u-0928,2023-12-24
t-01535,u-0928,2023-12-14
t-01536,u-0928,2023-12-27
t-01537,u-0928,2023-12-17
t-01538,u-0928,2024-02-18
t-01539,u-0929,2023-12-10
t-01540,u-0929,2024-01-24
t-01541,u-0931,2024-01-12
t-01542,u-0931,2024-02-16
t-01543,u-0932,2023-12-28
t-01544,u-0932,2024-01-14
t-01545,u-0932,2023-12-09
t-01546,u-0933,2024-02-29
t-01547,u-0933,2023-12-18
t-01548,u-0935,2023-12-20
t-01549,u-0935,2023-12-11
t-01550,u-0939,2023-12-21
t-01551,u-0939,2023-12-17
t-01552,u-0939,2024-01-05
t-01553,u-0940,2024-01-06
t-01554,u-0940,2024-01-25
t-01555,u-0941,2023-12-18
t-01556,u-0941,2023-12-11
t-01557,u-0941,2024-01-10
t-01558,u-0941,2024-02-22
t-01559,u-0941,2023-12-21
t-01560,u-0942,2024-02-06
t-01561,u-0942,2024-01-01
t-01562,u-0944,2024-02-04
t-01563,u-0944,2024-02-23
t-01564,u-0944,2024-01-13
t-01565,u-0946,2023-12-18
t-01566,u-0946,2024-01-02
t-01567,u-0946,2024-02-21
t-01568,u-0947,2024-02-03
t-01569,u-0948,2023-12-07
t-01570,u-0948,2024-02-28
t-01571,u-0948,2024-01-25
t-01572,u-0948,2023-12-28
t-01573,u-0949,2023-12-10
t-01574,u-0950,2023-12-19
t-01575,u-0950,2024-01-14
t-01576,u-0950,2024-03-01
t-01577,u-0951,2024-02-16
t-01578,u-0952,2024-01-04
t-01579,u-0952,2024-02-23
t-01580,u-0953,2024-01-03
t-01581,u-0954,2023-12-27
t-01582,u-0954,2023-12-10
t-01583,u-0954,2023-12-25
t-01584,u-0954,2024-02-05
t-01585,u-0954,2023-12-26
t-01586,u-0955,2023-12-10
t-01587,u-0955,2024-02-03
t-01588,u-0956,2024-02-06
t-01589,u-0956,2024-01-02
t-01590,u-0957,2023-12-22
t-01591,u-0958,2024-02-20
t-01592,u-0958,2024-02-08
t-01593,u-0959,2024-02-23
t-01594,u-0959,2024-01-15
t-01595,u-0961,2024-01-25
t-01596,u-0962,2024-02-19
t-01597,u-0964,2023-12-21
t-01598,u-0966,2024-01-10
t-01599,u-0966,2023-12-11
t-01600,u-0966,2024-01-24
t-01601,u-0966,2023-12-19
t-01602,u-0967,2024-01-29
t-01603,u-0967,2024-02-13
t-01604,u-0968,2024-01-18
t-01605,u-0969,2024-02-09
t-01606,u-0969,2024-01-31
t-01607,u-0973,2024-02-20
t-01608,u-0974,2024-02-07
t-01609,u-0974,2024-01-21
t-01610,u-0974,2024-01-12
t-01611,u-0975,2023-12-16
t-01612,u-0975,2024-02-20
t-01613,u-0976,2024-01-27
t-01614,u-0978,2023-12-06
t-01615,u-0978,2024-01-31
t-01616,u-0978,2024-01-28
t-01617,u-0979,2024-02-27
t-01618,u-0979,2024-02-15
t-01619,u-0979,2024-03-01
t-01620,u-0979,2023-12-04
t-01621,u-0982,2024-02-13
t-01622,u-0983,2023-12-07
t-01623,u-0985,2024-01-15
t-01624,u-0986,2023-12-17
t-01625,u-0987,2023-12-13
t-01626,u-0987,2023-12-06
t-01627,u-0987,2024-01-20
t-01628,u-0988,2024-01-01
t-01629,u-0989,2024-02-20
t-01630,u-0989,2024-02-09
t-01631,u-0989,2023-12-29
t-01632,u-0990,2024-02-29
t-01633,u-0991,2024-02-12
t-01634,u-0993,2023-12-14
t-01635,u-0995,2024-02-02
t-01636,u-0995,2024-01-21
t-01637,u-0995,2023-12-12
t-01638,u-0995,2024-02-11
t-01639,u-0996,2024-01-19
t-01640,u-0996,2024-03-01
t-01641,u-0999,2024-01-02
t-01642,u-0999,2024-02-14
t-01643,u-0999,2023-12-04
t-01644,u-1000,2023-12-12
t-01645,u-1000,2024-02-27
t-01646,u-1000,2024-02-07
t-01647,u-1000,2024-02-08
t-01648,u-1001,2023-12-22
t-01649,u-1002,2024-01-13
t-01650,u-1002,2024-02-28
t-01651,u-1002,2023-12-09
t-01652,u-1003,2023-12-26
t-01653,u-1004,2024-01-01
t-01654,u-1004,2023-12-21
t-01655,u-1004,2024-02-10
t-01656,u-1005,2023-12-14
t-01657,u-1005,2024-01-31
t-01658,u-1006,2023-12-09
t-01659,u-1006,2023-12-22
t-01660,u-1006,2024-02-10
t-01661,u-1006,2024-02-12
t-01662,u-1008,2024-01-23
t-01663,u-1008,2024-02-16
t-01664,u-1009,2023-12-05
t-01665,u-1011,2023-12-18
t-01666,u-1011,2024-01-15
t-01667,u-1013,2024-02-04
t-01668,u-1013,2023-12-22
t-01669,u-1015,2024-02-06
t-01670,u-1017,2024-02-23
t-01671,u-1017,2023-12-28
t-01672,u-1017,2024-01-27
t-01673,u-1017,2024-02-09
t-01674,u-1017,2024-01-31
t-01675,u-1018,2024-01-05
t-01676,u-1019,2024-01-25
t-01677,u-1019,2024-01-28
t-01678,u-1019,2023-12-20
t-01679,u-1019,2023-12-31
t-01680,u-1020,2024-02-03
t-01681,u-1021,2024-02-01
t-01682,u-1021,2024-02-27
t-01683,u-1022,2024-02-04
t-01684,u-1024,2024-01-25
t-01685,u-1026,2024-01-23
t-01686,u-1026,2024-01-31
t-01687,u-1027,2024-02-19
t-01688,u-1027,2024-01-22
t-01689,u-1027,2024-01-05
t-01690,u-1027,2024-01-30
t-01691,u-1027,2024-01-23
t-01692,u-1028,2024-03-02
t-01693,u-1029,2023-12-24
t-01694,u-1030,2024-01-05
t-01695,u-1031,2024-02-01
t-01696,u-1031,2023-12-24
t-01697,u-1031,2023-12-07
t-01698,u-1032,2023-12-19
t-01699,u-1033,2024-01-28
t-01700,u-1034,2023-12-07
t-01701,u-1034,2024-01-21
t-01702,u-1034,2024-02-18
t-01703,u-1034,2024-03-01
t-01704,u-1034,2024-01-13
t-01705,u-1034,2024-02-04
t-01706,u-1034,2024-02-15
t-01707,u-1035,2024-02-26
t-01708,u-1035,2024-01-26
t-01709,u-1035,2024-02-04
t-01710,u-1036,2024-02-07
t-01711,u-1036,2024-01-16
t-01712,u-1036,2023-12-13
t-01713,u-1037,2023-12-17
t-01714,u-1037,2024-02-19
t-01715,u-1038,2023-12-05
t-01716,u-1039,2023-12-27
t-01717,u-1039,2024-01-02
t-01718,u-1040,2023-12-06
t-01719,u-1041,2024-01-13
t-01720,u-1041,2023-12-20
t-01721,u-1042,2024-01-10
t-01722,u-1042,2024-01-01
t-01723,u-1042,2024-02-24
t-01724,u-1043,2024-02-19
t-01725,u-1044,2024-01-24
t-01726,u-1045,2024-02-09
t-01727,u-1045,2024-01-28
t-01728,u-1045,2024-02-15
t-01729,u-1045,2024-01-23
t-01730,u-1045,2023-12-18
t-01731,u-1045,2024-02-22
t-01732,u-1046,2024-02-03
t-01733,u-1046,2023-12-08
t-01734,u-1046,2024-01-19
t-01735,u-1046,2024-02-03
t-01736,u-1048,2023-12-20
t-01737,u-1050,2024-03-01
t-01738,u-1050,2024-03-01
t-01739,u-1050,2024-01-09
t-01740,u-1050,2024-02-18
t-01741,u-1050,2024-01-14
t-01742,u-1051,2024-02-17
t-01743,u-1053,2023-12-11
t-01744,u-1054,2023-12-18
t-01745,u-1055,2024-02-21
t-01746,u-1055,2023-12-11
t-01747,u-1055,2024-01-02
t-01748,u-1056,2024-02-16
t-01749,u-1056,2023-12-30
t-01750,u-1056,2024-01-22
t-01751,u-1057,2024-02-20
t-01752,u-1057,2024-02-25
t-01753,u-1057,2024-02-07
t-01754,u-1057,2023-12-10
t-01755,u-1057,2023-12-23
t-01756,u-1057,2023-12-29
t-01757,u-1058,2024-01-23
t-01758,u-1059,2024-02-18
t-01759,u-1061,2024-02-21
t-01760,u-1061,2024-01-15
t-01761,u-1061,2023-12-14
t-01762,u-1062,2024-02-11
t-01763,u-1062,2024-01-01
t-01764,u-1063,2023-12-14
t-01765,u-1063,2023-12-29
t-01766,u-1063,2024-02-17
t-01767,u-1065,2024-01-10
t-01768,u-1066,2023-12-16
t-01769,u-1066,2024-01-13
t-01770,u-1066,2023-12-10
t-01771,u-1067,2024-01-11
t-01772,u-1068,2024-01-08
t-01773,u-1069,2023-12-16
t-01774,u-1069,2024-01-30
t-01775,u-1070,2024-02-24
t-01776,u-1070,2024-01-20
t-01777,u-1071,2024-01-29
t-01778,u-1071,2024-01-27
t-01779,u-1071,2024-01-21
t-01780,u-1071,2024-01-20
t-01781,u-1072,2024-02-26
t-01782,u-1072,2023-12-16
t-01783,u-1073,2024-01-28
t-01784,u-1073,2024-02-28
t-01785,u-1076,2024-01-19
t-01786,u-1077,2024-02-04
t-01787,u-1077,2024-01-07
t-01788,u-1077,2024-01-08
t-01789,u-1077,2024-02-10
t-01790,u-1077,2024-02-28
t-01791,u-1078,2024-02-28
t-01792,u-1078,2023-12-26
t-01793,u-1079,2023-12-08
t-01794,u-1079,2024-01-11
t-01795,u-1079,2023-12-11
t-01796,u-1079,2024-01-05
t-01797,u-1079,2024-01-07
t-01798,u-1079,2024-02-18
t-01799,u-1079,2024-01-22
t-01800,u-1079,2024-01-04
t-01801,u-1081,2024-02-19
t-01802,u-1081,2024-02-24
t-01803,u-1082,2024-02-23
t-01804,u-1085,2024-01-03
t-01805,u-1088,2024-02-28
t-01806,u-1088,2024-01-21
t-01807,u-1088,2024-01-30
t-01808,u-1088,2024-01-22
t-01809,u-1090,2024-02-15
t-01810,u-1090,2024-01-21
t-01811,u-1091,2023-12-15
t-01812,u-1091,2024-02-18
t-01813,u-1091,2023-12-13
t-01814,u-1091,2023-12-26
t-01815,u-1091,2024-02-12
t-01816,u-1092,2024-01-15
t-01817,u-1093,2023-12-10
t-01818,u-1093,2024-02-02
t-01819,u-1093,2024-02-02
t-01820,u-1094,2023-12-08
t-01821,u-1094,2023-12-18
t-01822,u-1094,2023-12-12
t-01823,u-1097,2024-01-29
t-01824,u-1097,2023-12-27
t-01825,u-1097,2023-12-05
t-01826,u-1097,2024-01-25
t-01827,u-1098,2024-01-02
t-01828,u-1098,2024-02-23
t-01829,u-1098,2024-01-04
t-01830,u-1100,2023-12-31
t-01831,u-1100,2024-02-14
t-01832,u-1100,2023-12-30
t-01833,u-1100,2023-12-19
t-01834,u-1101,2023-12-29
t-01835,u-1101,2024-01-08
t-01836,u-1101,2024-02-15
t-01837,u-1103,2024-01-19
t-01838,u-1103,2023-12-27
t-01839,u-1103,2024-02-18
t-01840,u-1103,2024-01-03
t-01841,u-1103,2024-01-14
t-01842,u-1104,2024-02-09
t-01843,u-1104,2024-01-14
t-01844,u-1105,2024-01-16
t-01845,u-1105,2023-12-11
t-01846,u-1106,2024-02-22
t-01847,u-1106,2024-01-04
t-01848,u-1109,2024-02-03
t-01849,u-1109,2024-02-26
t-01850,u-1109,2024-03-02
t-01851,u-1109,2024-01-21
t-01852,u-1110,2024-01-12
t-01853,u-1110,2024-01-07
t-01854,u-1110,2024-02-25
t-01855,u-1113,2024-02-06
t-01856,u-1114,2024-01-31
t-01857,u-1114,2024-02-21
t-01858,u-1114,2024-01-15
t-01859,u-1114,2024-02-28
t-01860,u-1114,2023-12-24
t-01861,u-1115,2024-02-11
t-01862,u-1116,2023-12-29
t-01863,u-1117,2024-02-21
t-01864,u-1118,2023-12-13
t-01865,u-1118,2024-03-01
t-01866,u-1120,2024-01-31
t-01867,u-1122,2023-12-20
t-01868,u-1122,2023-12-29
t-01869,u-1124,2024-01-22
t-01870,u-1125,2024-01-12
t-01871,u-1125,2023-12-18
t-01872,u-1126,2024-02-13
t-01873,u-1126,2024-02-18
t-01874,u-1126,2023-12-07
t-01875,u-1126,2023-12-04
t-01876,u-1126,2024-02-12
t-01877,u-1126,2024-01-11
t-01878,u-1127,2024-02-25
t-01879,u-1127,2024-02-02
t-01880,u-1129,2024-02-08
t-01881,u-1130,2023-12-29
t-01882,u-1130,2023-12-27
t-01883,u-1131,2024-02-18
t-01884,u-1131,2024-01-24
t-01885,u-1132,2024-01-26
t-01886,u-1132,2024-02-25
t-01887,u-1132,2024-02-05
t-01888,u-1132,2024-02-24
t-01889,u-1133,2024-02-04
t-01890,u-1133,2023-12-07
t-01891,u-1133,2024-02-13
t-01892,u-1134,2024-03-02
t-01893,u-1134,2024-01-12
t-01894,u-1135,2023-12-18
t-01895,u-1136,2024-01-09
t-01896,u-1136,2024-01-17
t-01897,u-1136,2023-12-22
t-01898,u-1137,2024-02-26
t-01899,u-1137,2024-02-15
t-01900,u-1137,2024-02-15
t-01901,u-1137,2024-02-27
t-01902,u-1137,2023-12-15
t-01903,u-1137,2023-12-29
t-01904,u-1137,2024-02-14
t-01905,u-1138,2024-02-13
t-01906,u-1138,2024-03-01
t-01907,u-1139,2023-12-14
t-01908,u-1139,2023-12-21
t-01909,u-1140,2024-01-02
t-01910,u-1141,2023-12-17
t-01911,u-1141,2024-02-02
t-01912,u-1141,2024-02-27
t-01913,u-1142,2024-01-18
t-01914,u-1143,2024-02-29
t-01915,u-1143,2023-12-26
t-01916,u-1143,2024-01-27
t-01917,u-1143,2024-02-17
t-01918,u-1143,2024-01-03
t-01919,u-1144,2024-01-22
t-01920,u-1144,2023-12-23
t-01921,u-1144,2023-12-22
t-01922,u-1145,2024-02-13
t-01923,u-1145,2024-01-06
t-01924,u-1145,2023-12-30
t-01925,u-1146,2024-02-24
t-01926,u-1146,2024-02-27
t-01927,u-1146,2024-02-29
t-01928,u-1147,2024-02-01
t-01929,u-1148,2024-01-28
t-01930,u-1148,2024-01-27
t-01931,u-1148,2024-03-02
t-01932,u-1148,2024-02-04
t-01933,u-1148,2023-12-18
t-01934,u-1150,2024-01-11
t-01935,u-1150,2024-01-08
t-01936,u-1151,2024-02-01
t-01937,u-1154,2024-02-08
t-01938,u-1155,2024-01-10
t-01939,u-1155,2023-12-23
t-01940,u-1156,2024-02-13
t-01941,u-1157,2023-12-19
t-01942,u-1158,2024-02-24
t-01943,u-1158,2024-01-12
t-01944,u-1158,2024-01-22
t-01945,u-1158,2024-02-18
t-01946,u-1159,2024-01-29
t-01947,u-1159,2023-12-23
t-01948,u-1160,2023-12-24
t-01949,u-1161,2024-02-09
t-01950,u-1161,2024-01-15
t-01951,u-1163,2024-02-16
t-01952,u-1163,2024-02-25
t-01953,u-1164,2024-02-24
t-01954,u-1164,2024-01-01
t-01955,u-1164,2023-12-08
t-01956,u-1165,2024-01-19
t-01957,u-1165,2024-02-04
t-01958,u-1166,2024-01-15
t-01959,u-1167,2024-01-02
t-01960,u-1168,2024-01-10
t-01961,u-1169,2023-12-09
t-01962,u-1171,2024-01-12
t-01963,u-1174,2023-12-21
t-01964,u-1176,2024-01-29
t-01965,u-1176,2024-01-16
t-01966,u-1177,2024-01-08
t-01967,u-1177,2024-02-07
t-01968,u-1178,2023-12-13
t-01969,u-1178,2024-01-02
t-01970,u-1179,2024-01-14
t-01971,u-1180,2024-01-24
t-01972,u-1182,2024-02-24
t-01973,u-1183,2024-01-22
t-01974,u-1184,2024-02-02
t-01975,u-1184,2024-02-27
t-01976,u-1184,2024-01-08
t-01977,u-1184,2024-01-23
t-01978,u-1184,2024-01-12
t-01979,u-1184,2024-02-29
t-01980,u-1185,2024-01-02
t-01981,u-1187,2023-12-31
t-01982,u-1189,2024-01-25
t-01983,u-1189,2023-12-10
t-01984,u-1191,2024-01-07
t-01985,u-1192,2024-03-02
t-01986,u-1193,2024-02-03
t-01987,u-1193,2024-02-26
t-01988,u-1194,2023-12-30
t-01989,u-1194,2024-01-30
t-01990,u-1195,2024-01-18
t-01991,u-1195,2023-12-19
t-01992,u-1197,2024-02-23
t-01993,u-1197,2023-12-17
t-01994,u-1197,2024-01-05
t-01995,u-1197,2023-12-08
t-01996,u-1197,2024-02-09
t-01997,u-1200,2024-02-07
t-01998,u-1201,2024-02-26
t-01999,u-1201,2024-02-14
t-02000,u-1201,2024-01-17
t-02001,u-1203,2024-02-17
t-02002,u-1204,2023-12-05
t-02003,u-1204,2024-02-15
t-02004,u-1205,2023-12-27
t-02005,u-1206,2023-12-11
t-02006,u-1206,2024-02-10
t-02007,u-1206,2024-02-20
t-02008,u-1207,2024-01-24
t-02009,u-1207,2024-01-14
t-02010,u-1208,2024-02-15
t-02011,u-1208,2023-12-24
t-02012,u-1208,2023-12-10
t-02013,u-1210,2023-12-26
t-02014,u-1210,2024-02-23
t-02015,u-1210,2024-02-04
t-02016,u-1210,2023-12-15
t-02017,u-1210,2023-12-13
t-02018,u-1210,2023-12-27
t-02019,u-1210,2024-02-22
t-02020,u-1211,2023-12-17
t-02021,u-1211,2023-12-18
t-02022,u-1213,2024-01-27
t-02023,u-1213,2024-01-21
t-02024,u-1214,2023-12-06
t-02025,u-1214,2024-01-07
t-02026,u-1216,2024-01-29
t-02027,u-1216,2024-01-19
t-02028,u-1216,2024-03-02
t-02029,u-1217,2024-01-31
t-02030,u-1217,2024-01-07
t-02031,u-1217,2024-01-28
t-02032,u-1219,2024-01-11
t-02033,u-1219,2023-12-18
t-02034,u-1220,2023-12-26
t-02035,u-1223,2024-01-22
t-02036,u-1224,2023-12-09
t-02037,u-1224,2023-12-10
t-02038,u-1224,2024-03-02
t-02039,u-1224,2024-02-21
t-02040,u-1224,2024-02-01
t-02041,u-1224,2024-02-09
t-02042,u-1224,2023-12-22
t-02043,u-1225,2023-12-11
t-02044,u-1226,2024-02-03
t-02045,u-1227,2023-12-23
t-02046,u-1227,2024-03-02
t-02047,u-1227,2024-01-08
t-02048,u-1228,2023-12-28
t-02049,u-1228,2023-12-08
t-02050,u-1230,2024-01-20
t-02051,u-1230,2024-02-10
t-02052,u-1231,2023-12-14
t-02053,u-1233,2023-12-07
t-02054,u-1233,2024-02-20
t-02055,u-1233,2024-01-29
t-02056,u-1233,2023-12-12
t-02057,u-1233,2023-12-08
t-02058,u-1234,2023-12-05
t-02059,u-1234,2024-02-10
t-02060,u-1234,2024-01-21
t-02061,u-1235,2024-01-23
t-02062,u-1235,2024-01-14
t-02063,u-1237,2024-01-19
t-02064,u-1237,2024-01-30
t-02065,u-1237,2024-02-02
t-02066,u-1237,2023-12-16
t-02067,u-1237,2023-12-12
t-02068,u-1237,2024-02-25
t-02069,u-1237,2024-02-24
t-02070,u-1237,2023-12-09
t-02071,u-1238,2023-12-19
t-02072,u-1238,2023-12-14
t-02073,u-1239,2024-02-20
t-02074,u-1239,2024-02-12
t-02075,u-1240,2023-12-11
t-02076,u-1240,2023-12-10
t-02077,u-1240,2023-12-18
t-02078,u-1241,2023-12-06
t-02079,u-1241,2024-02-04
t-02080,u-1241,2023-12-23
t-02081,u-1241,2023-12-04
t-02082,u-1243,2024-02-22
t-02083,u-1243,2024-01-30
t-02084,u-1244,2024-02-08
t-02085,u-1245,2024-01-12
t-02086,u-1248,2024-01-05
t-02087,u-1249,2024-02-24
t-02088,u-1249,2024-01-13
t-02089,u-1249,2024-02-19
t-02090,u-1249,2023-12-11
t-02091,u-1249,2024-01-15
t-02092,u-1249,2023-12-05
t-02093,u-1251,2024-01-22
t-02094,u-1251,2024-02-14
t-02095,u-1252,2023-12-05
t-02096,u-1252,2024-01-01
t-02097,u-1253,2024-02-08
t-02098,u-1253,2023-12-05
t-02099,u-1254,2024-01-26
t-02100,u-1254,2023-12-28
t-02101,u-1255,2023-12-10
t-02102,u-1255,2024-02-08
t-02103,u-1256,2024-03-02
t-02104,u-1256,2024-02-25
t-02105,u-1257,2024-01-03
t-02106,u-1257,2024-02-01
t-02107,u-1257,2024-02-22
t-02108,u-1258,2024-02-26
t-02109,u-1258,2024-01-14
t-02110,u-1259,2024-01-14
t-02111,u-1260,2024-02-03
t-02112,u-1261,2024-01-16
t-02113,u-1261,2024-02-29
t-02114,u-1262,2023-12-31
t-02115,u-1262,2024-01-22
t-02116,u-1262,2024-02-09
t-02117,u-1262,2024-01-08
t-02118,u-1262,2024-01-02
t-02119,u-1263,2023-12-08
t-02120,u-1263,2024-01-03
t-02121,u-1263,2023-12-29
t-02122,u-1263,2023-12-12
t-02123,u-1263,2023-12-19
t-02124,u-1263,2024-01-19
t-02125,u-1263,2023-12-30
t-02126,u-1263,2024-01-23
t-02127,u-1263,2024-02-10
t-02128,u-1263,2023-12-16
t-02129,u-1264,2024-01-15
t-02130,u-1265,2024-01-21
t-02131,u-1265,2024-02-07
t-02132,u-1265,2024-02-04
t-02133,u-1265,2024-01-19
t-02134,u-1268,2024-02-21
t-02135,u-1271,2024-01-28
t-02136,u-1271,2024-02-17
t-02137,u-1272,2024-03-01
t-02138,u-1272,2024-02-24
t-02139,u-1272,2024-02-12
t-02140,u-1273,2024-02-24
t-02141,u-1275,2024-01-19
t-02142,u-1276,2023-12-08
t-02143,u-1276,2024-01-14
t-02144,u-1276,2024-02-12
t-02145,u-1277,2023-12-28
t-02146,u-1277,2023-12-14
t-02147,u-1277,2023-12-30
t-02148,u-1277,2023-12-29
t-02149,u-1278,2024-02-03
t-02150,u-1278,2024-01-20
t-02151,u-1280,2024-01-25
t-02152,u-1280,2024-02-23
t-02153,u-1280,2024-01-06
t-02154,u-1280,2023-12-21
t-02155,u-1280,2024-01-13
t-02156,u-1283,2023-12-16
t-02157,u-1283,2023-12-24
t-02158,u-1285,2023-12-27
t-02159,u-1286,2023-12-23
t-02160,u-1286,2024-01-11
t-02161,u-1288,2024-01-31
t-02162,u-1288,2023-12-20
t-02163,u-1288,2024-01-20
t-02164,u-1288,2023-12-23
t-02165,u-1288,2023-12-05
t-02166,u-1291,2024-02-20
t-02167,u-1291,2024-02-22
t-02168,u-1291,2023-12-17
t-02169,u-1292,2024-01-23
t-02170,u-1293,2023-12-29
t-02171,u-1293,2024-01-14
t-02172,u-1294,2024-02-18
t-02173,u-1295,2024-02-14
t-02174,u-1296,2024-01-23
t-02175,u-1297,2024-01-18
t-02176,u-1298,2024-02-20
t-02177,u-1298,2024-01-13
t-02178,u-1299,2024-02-14
t-02179,u-1299,2023-12-26
t-02180,u-1299,2023-12-30
t-02181,u-1299,2024-02-18
t-02182,u-1299,2024-01-04
t-02183,u-1300,2024-01-17
t-02184,u-1301,2023-12-31
t-02185,u-1301,2023-12-29
t-02186,u-1302,2024-02-05
t-02187,u-1302,2024-01-14
t-02188,u-1303,2024-02-29
t-02189,u-1303,2023-12-16
t-02190,u-1303,2023-12-31
t-02191,u-1304,2024-02-26
t-02192,u-1305,2023-12-14
t-02193,u-1305,2024-02-25
t-02194,u-1305,2024-02-16
t-02195,u-1306,2024-01-23
t-02196,u-1307,2023-12-21
t-02197,u-1307,2024-02-11
t-02198,u-1307,2024-02-28
t-02199,u-1307,2024-02-07
t-02200,u-1307,2023-12-10
t-02201,u-1307,2023-12-29
t-02202,u-1307,2024-01-18
t-02203,u-1307,2024-01-11
t-02204,u-1309,2023-12-31
t-02205,u-1309,2024-02-13
t-02206,u-1310,2024-01-29
t-02207,u-1311,2024-02-18
t-02208,u-1311,2024-02-07
t-02209,u-1311,2024-02-05
t-02210,u-1311,2024-01-05
t-02211,u-1311,2023-12-30
t-02212,u-1312,2024-01-12
t-02213,u-1312,2023-12-10
t-02214,u-1312,2024-02-20
t-02215,u-1314,2024-01-27
t-02216,u-1315,2024-01-26
t-02217,u-1316,2023-12-09
t-02218,u-1317,2024-02-04
t-02219,u-1317,2024-01-27
t-02220,u-1317,2024-01-16
t-02221,u-1317,2024-01-08
t-02222,u-1317,2024-02-25
t-02223,u-1318,2024-01-26
t-02224,u-1318,2024-02-17
t-02225,u-1318,2024-01-17
t-02226,u-1319,2024-02-15
t-02227,u-1319,2023-12-29
t-02228,u-1319,2024-02-28
t-02229,u-1319,2024-01-04
t-02230,u-1320,2024-01-24
t-02231,u-1320,2023-12-04
t-02232,u-1320,2024-02-20
t-02233,u-1320,2024-02-06
t-02234,u-1321,2024-02-09
t-02235,u-1321,2023-12-17
t-02236,u-1321,2024-03-02
t-02237,u-1322,2024-02-16
t-02238,u-1325,2024-01-07
t-02239,u-1326,2024-01-25
t-02240,u-1327,2023-12-14
t-02241,u-1327,2024-01-10
t-02242,u-1327,2024-01-07
t-02243,u-1327,2024-02-24
t-02244,u-1327,2024-02-25
t-02245,u-1327,2024-02-13
t-02246,u-1328,2023-12-07
t-02247,u-1328,2024-01-05
t-02248,u-1328,2024-02-28
t-02249,u-1330,2024-02-14
t-02250,u-1330,2024-02-08
t-02251,u-1331,2023-12-29
t-02252,u-1331,2023-12-31
t-02253,u-1331,2024-01-15
t-02254,u-1332,2024-01-11
t-02255,u-1332,2024-03-01
t-02256,u-1334,2024-02-03
t-02257,u-1335,2023-12-10
t-02258,u-1336,2024-01-26
t-02259,u-1336,2024-01-07
t-02260,u-1337,2024-01-10
t-02261,u-1337,2024-02-03
t-02262,u-1338,2024-02-13
t-02263,u-1338,2024-02-23
t-02264,u-1338,2024-01-29
t-02265,u-1338,2024-01-11
t-02266,u-1339,2024-02-11
t-02267,u-1339,2024-02-03
t-02268,u-1341,2023-12-09
t-02269,u-1343,2023-12-15
t-02270,u-1343,2023-12-30
t-02271,u-1343,2023-12-29
t-02272,u-1344,2023-12-04
t-02273,u-1344,2023-12-23
t-02274,u-1345,2024-01-31
t-02275,u-1346,2023-12-20
t-02276,u-1346,2024-02-02
t-02277,u-1347,2024-01-26
t-02278,u-1348,2024-01-09
t-02279,u-1350,2024-01-07
t-02280,u-1350,2024-01-26
t-02281,u-1351,2024-02-21
t-02282,u-1351,2024-02-08
t-02283,u-1351,2023-12-13
t-02284,u-1351,2024-02-13
t-02285,u-1351,2024-01-19
t-02286,u-1351,2024-01-19
t-02287,u-1355,2024-02-24
t-02288,u-1355,2024-02-02
t-02289,u-1355,2023-12-29
t-02290,u-1355,2023-12-04
t-02291,u-1355,2024-01-02
t-02292,u-1355,2024-01-11
t-02293,u-1357,2023-12-10
t-02294,u-1357,2024-02-26
t-02295,u-1357,2024-01-04
t-02296,u-1358,2023-12-31
t-02297,u-1358,2023-12-07
t-02298,u-1360,2024-02-13
t-02299,u-1360,2024-01-01
t-02300,u-1360,2024-02-16
t-02301,u-1360,2024-02-22
t-02302,u-1360,2024-02-10
t-02303,u-1361,2023-12-31
t-02304,u-1361,2024-01-30
t-02305,u-1362,2024-02-11
t-02306,u-1363,2023-12-06
t-02307,u-1363,2024-02-15
t-02308,u-1364,2024-02-19
t-02309,u-1364,2023-12-21
t-02310,u-1365,2024-02-01
t-02311,u-1365,2024-01-03
t-02312,u-1365,2024-01-02
t-02313,u-1367,2024-02-17
t-02314,u-1368,2023-12-25
t-02315,u-1369,2024-01-02
t-02316,u-1369,2024-01-07
t-02317,u-1369,2023-12-21
t-02318,u-1370,2024-02-07
t-02319,u-1370,2024-02-11
t-02320,u-1370,2024-02-05
t-02321,u-1370,2023-12-20
t-02322,u-1372,2024-01-02
t-02323,u-1372,2024-01-13
t-02324,u-1372,2024-01-22
t-02325,u-1372,2024-01-03
t-02326,u-1372,2024-02-16
t-02327,u-1372,2023-12-29
t-02328,u-1373,2024-01-02
t-02329,u-1374,2024-03-01
t-02330,u-1375,2024-01-26
t-02331,u-1375,2024-01-25
t-02332,u-1376,2024-02-21
t-02333,u-1377,2023-12-22
t-02334,u-1377,2024-03-02
t-02335,u-1377,2023-12-20
t-02336,u-1377,2024-01-15
t-02337,u-1378,2023-12-18
t-02338,u-1378,2023-12-16
t-02339,u-1382,2023-12-22
t-02340,u-1382,2023-12-30
t-02341,u-1382,2024-01-06
t-02342,u-1383,2024-01-10
t-02343,u-1384,2024-02-29
t-02344,u-1384,2024-01-01
t-02345,u-1384,2023-12-22
t-02346,u-1385,2024-02-18
t-02347,u-1387,2023-12-27
t-02348,u-1387,2024-01-18
t-02349,u-1387,2024-02-14
t-02350,u-1387,2023-12-31
t-02351,u-1387,2023-12-22
t-02352,u-1388,2024-02-16
t-02353,u-1388,2023-12-07
t-02354,u-1388,2024-01-28
t-02355,u-1388,2024-02-29
t-02356,u-1388,2023-12-04
t-02357,u-1388,2024-02-29
t-02358,u-1388,2024-01-13
t-02359,u-1389,2024-02-24
t-02360,u-1389,2024-02-24
t-02361,u-1389,2024-01-21
t-02362,u-1390,2024-02-11
t-02363,u-1390,2024-02-10
t-02364,u-1390,2024-02-05
t-02365,u-1392,2024-02-27
t-02366,u-1393,2023-12-10
t-02367,u-1393,2023-12-19
t-02368,u-1394,2024-02-14
t-02369,u-1395,2023-12-23
t-02370,u-1397,2023-12-22
t-02371,u-1397,2024-01-30
t-02372,u-1397,2023-12-24
t-02373,u-1397,2024-02-02
t-02374,u-1397,2023-12-16
t-02375,u-1397,2024-02-05
t-02376,u-1399,2024-01-13
t-02377,u-1399,2024-02-26
t-02378,u-1399,2023-12-17
t-02379,u-1399,2023-12-09
t-02380,u-1399,2024-02-25
t-02381,u-1399,2024-01-08
t-02382,u-1399,2024-02-10
t-02383,u-1400,2024-02-03
t-02384,u-1400,2024-01-26
t-02385,u-1400,2024-01-13
t-02386,u-1401,2024-01-27
t-02387,u-1401,2024-02-11
t-02388,u-1403,2023-12-29
t-02389,u-1403,2024-01-02
t-02390,u-1403,2024-01-10
t-02391,u-1404,2024-02-08
t-02392,u-1408,2023-12-31
t-02393,u-1409,2023-12-12
t-02394,u-1410,2023-12-05
t-02395,u-1410,2024-02-13
t-02396,u-1410,2024-01-25
t-02397,u-1410,2024-02-28
t-02398,u-1410,2023-12-04
t-02399,u-1411,2024-01-25
t-02400,u-1412,2024-02-12
t-02401,u-1412,2023-12-12
t-02402,u-1412,2024-01-22
t-02403,u-1412,2024-02-02
t-02404,u-1413,2024-02-07
t-02405,u-1413,2024-01-01
t-02406,u-1414,2024-01-13
t-02407,u-1414,2024-01-26
t-02408,u-1414,2024-02-19
t-02409,u-1415,2024-01-24
t-02410,u-1416,2024-01-09
t-02411,u-1416,2024-02-17
t-02412,u-1416,2024-01-06
t-02413,u-1416,2024-02-05
t-02414,u-1417,2023-12-18
t-02415,u-1417,2024-01-03
t-02416,u-1417,2024-02-17
t-02417,u-1417,2024-01-03
t-02418,u-1417,2024-02-26
t-02419,u-1417,2024-01-21
t-02420,u-1420,2024-01-05
t-02421,u-1421,2024-02-02
t-02422,u-1424,2023-12-07
t-02423,u-1424,2024-02-14
t-02424,u-1427,2024-02-24
t-02425,u-1428,2024-01-23
t-02426,u-1428,2024-01-05
t-02427,u-1430,2024-02-26
t-02428,u-1430,2024-01-05
t-02429,u-1430,2024-02-07
t-02430,u-1432,2024-02-08
t-02431,u-1433,2024-02-28
t-02432,u-1434,2024-02-04
t-02433,u-1434,2024-02-22
t-02434,u-1434,2023-12-15
t-02435,u-1435,2024-02-18
t-02436,u-1435,2024-01-11
t-02437,u-1435,2024-02-19
t-02438,u-1437,2024-01-31
t-02439,u-1438,2024-02-13
t-02440,u-1438,2024-01-28
t-02441,u-1438,2024-02-08
t-02442,u-1439,2024-02-04
t-02443,u-1441,2023-12-23
t-02444,u-1441,2023-12-23
t-02445,u-1441,2023-12-28
t-02446,u-1442,2023-12-05
t-02447,u-1443,2024-02-10
t-02448,u-1443,2024-02-18
t-02449,u-1443,2023-12-25
t-02450,u-1444,2024-02-12
t-02451,u-1445,2024-01-29
t-02452,u-1446,2023-12-17
t-02453,u-1447,2023-12-26
t-02454,u-1447,2023-12-23
t-02455,u-1449,2024-01-06
t-02456,u-1450,2024-02-15
t-02457,u-1451,2024-02-04
t-02458,u-1452,2024-01-04
t-02459,u-1453,2024-01-02
t-02460,u-1453,2023-12-18
t-02461,u-1453,2024-02-13
t-02462,u-1454,2023-12-08
t-02463,u-1455,2024-02-16
t-02464,u-1455,2024-01-19
t-02465,u-1455,2023-12-24
t-02466,u-1455,2024-01-21
t-02467,u-1457,2024-01-12
t-02468,u-1457,2024-01-16
t-02469,u-1457,2024-01-29
t-02470,u-1457,2024-02-23
t-02471,u-1457,2023-12-08
t-02472,u-1458,2024-01-14
t-02473,u-1458,2023-12-22
t-02474,u-1459,2023-12-04
t-02475,u-1459,2024-02-20
t-02476,u-1459,2023-12-21
t-02477,u-1460,2023-12-07
t-02478,u-1461,2023-12-28
t-02479,u-1461,2024-01-21
t-02480,u-1461,2023-12-24
t-02481,u-1462,2024-01-20
t-02482,u-1462,2024-02-10
t-02483,u-1464,2023-12-07
t-02484,u-1465,2024-02-02
t-02485,u-1465,2023-12-31
t-02486,u-1465,2024-02-04
t-02487,u-1466,2023-12-22
t-02488,u-1467,2024-02-16
t-02489,u-1467,2024-01-30
t-02490,u-1468,2024-01-06
t-02491,u-1468,2024-01-10
t-02492,u-1469,2024-01-13
t-02493,u-1470,2023-12-25
t-02494,u-1471,2023-12-15
t-02495,u-1471,2024-01-25
t-02496,u-1471,2024-01-29
t-02497,u-1472,2024-02-25
t-02498,u-1472,2023-12-19
t-02499,u-1475,2023-12-31
t-02500,u-1476,2023-12-27
t-02501,u-1476,2024-01-29
t-02502,u-1476,2023-12-29
t-02503,u-1476,2024-02-04
t-02504,u-1476,2024-01-01
t-02505,u-1477,2023-12-24
t-02506,u-1479,2024-01-12
t-02507,u-1481,2024-01-20
t-02508,u-1481,2024-02-11
t-02509,u-1481,2023-12-18
t-02510,u-1482,2023-12-04
t-02511,u-1482,2024-02-29
t-02512,u-1485,2024-02-19
t-02513,u-1485,2024-01-12
t-02514,u-1487,2024-02-07
t-02515,u-1489,2024-02-05
t-02516,u-1490,2024-01-12
t-02517,u-1490,2024-02-08
t-02518,u-1491,2024-02-22
t-02519,u-1491,2023-12-17
t-02520,u-1491,2023-12-31
t-02521,u-1491,2024-01-07
t-02522,u-1492,2023-12-23
t-02523,u-1492,2024-01-21
t-02524,u-1492,2024-02-16
t-02525,u-1492,2024-01-01
t-02526,u-1492,2024-01-22
t-02527,u-1492,2024-02-27
t-02528,u-1492,2024-01-18
t-02529,u-1493,2024-01-07
t-02530,u-1493,2023-12-14
t-02531,u-1493,2024-01-02
t-02532,u-1493,2024-01-26
t-02533,u-1494,2023-12-08
t-02534,u-1497,2023-12-30
t-02535,u-1497,2023-12-10
t-02536,u-1498,2024-01-30
t-02537,u-1499,2024-01-06
t-02538,u-1499,2024-02-26
t-02539,u-1499,2024-01-03
t-02540,u-1499,2023-12-14
t-02541,u-1500,2024-01-27
t-02542,u-1500,2024-02-29
t-02543,u-1501,2024-01-05
t-02544,u-1502,2024-01-11
t-02545,u-1504,2024-02-25
t-02546,u-1504,2024-02-11
t-02547,u-1504,2024-01-22
t-02548,u-1504,2023-12-24
t-02549,u-1505,2024-01-26
t-02550,u-1506,2024-01-14
t-02551,u-1508,2024-01-17
t-02552,u-1509,2024-03-02
t-02553,u-1509,2024-02-28
t-02554,u-1510,2023-12-22
t-02555,u-1510,2023-12-27
t-02556,u-1510,2023-12-31
t-02557,u-1510,2024-02-21
t-02558,u-1511,2024-01-15
t-02559,u-1511,2023-12-10
t-02560,u-1511,2023-12-26
t-02561,u-1513,2024-02-11
t-02562,u-1513,2024-02-04
t-02563,u-1514,2024-02-17
t-02564,u-1515,2024-02-28
t-02565,u-1516,2024-01-14
t-02566,u-1516,2024-01-03
t-02567,u-1516,2024-01-07
t-02568,u-1516,2024-01-18
t-02569,u-1516,2024-02-14
t-02570,u-1518,2023-12-18
t-02571,u-1519,2024-02-29
t-02572,u-1519,2024-01-11
t-02573,u-1519,2023-12-06
t-02574,u-1520,2024-02-11
t-02575,u-1520,2024-01-23
t-02576,u-1520,2023-12-19
t-02577,u-1520,2024-01-07
t-02578,u-1521,2024-01-28
t-02579,u-1521,2024-02-22
t-02580,u-1521,2023-12-26
t-02581,u-1521,2024-02-06
t-02582,u-1522,2024-02-19
t-02583,u-1523,2024-01-26
t-02584,u-1523,2024-01-03
t-02585,u-1523,2024-02-18
t-02586,u-1524,2024-02-13
t-02587,u-1524,2024-02-20
t-02588,u-1524,2024-01-29
t-02589,u-1524,2024-02-03
t-02590,u-1524,2024-01-19
t-02591,u-1526,2024-01-05
t-02592,u-1528,2023-12-15
t-02593,u-1528,2024-02-13
t-02594,u-1530,2023-12-26
t-02595,u-1530,2024-02-16
t-02596,u-1532,2024-02-01
t-02597,u-1533,2024-01-10
t-02598,u-1533,2024-02-26
t-02599,u-1533,2024-03-01
t-02600,u-1534,2024-02-20
t-02601,u-1534,2024-02-23
t-02602,u-1534,2024-01-03
t-02603,u-1535,2024-01-03
t-02604,u-1536,2024-02-27
t-02605,u-1536,2024-02-05
t-02606,u-1536,2024-02-05
t-02607,u-1536,2023-12-27
t-02608,u-1537,2024-02-15
t-02609,u-1537,2024-01-10
t-02610,u-1540,2023-12-21
t-02611,u-1540,2024-02-22
t-02612,u-1541,2024-01-18
t-02613,u-1541,2024-02-12
t-02614,u-1541,2023-12-09
t-02615,u-1542,2024-02-26
t-02616,u-1543,2024-02-21
t-02617,u-1546,2024-02-13
t-02618,u-1546,2024-02-14
t-02619,u-1546,2024-01-11
t-02620,u-1546,2024-02-29
t-02621,u-1546,2024-02-11
t-02622,u-1546,2024-01-02
t-02623,u-1548,2024-02-26
t-02624,u-1548,2023-12-29
t-02625,u-1550,2023-12-16
t-02626,u-1554,2024-01-27
t-02627,u-1555,2024-02-06
t-02628,u-1555,2023-12-28
t-02629,u-1555,2023-12-17
t-02630,u-1556,2023-12-24
t-02631,u-1556,2024-01-23
t-02632,u-1558,2023-12-06
t-02633,u-1560,2024-02-06
t-02634,u-1560,2024-01-28
t-02635,u-1561,2023-12-31
t-02636,u-1561,2023-12-10
t-02637,u-1561,2024-01-10
t-02638,u-1561,2024-01-06
t-02639,u-1561,2024-01-15
t-02640,u-1562,2023-12-30
t-02641,u-1564,2024-02-01
t-02642,u-1564,2024-01-31
t-02643,u-1564,2023-12-29
t-02644,u-1565,2024-02-23
t-02645,u-1565,2024-01-17
t-02646,u-1565,2024-02-08
t-02647,u-1568,2024-02-06
t-02648,u-1571,2024-02-14
t-02649,u-1571,2024-01-04
t-02650,u-1571,2024-01-23
t-02651,u-1571,2024-02-28
t-02652,u-1571,2024-01-29
t-02653,u-1573,2024-02-17
t-02654,u-1573,2024-01-28
t-02655,u-1573,2023-12-19
t-02656,u-1573,2024-02-29
t-02657,u-1573,2023-12-22
t-02658,u-1576,2024-02-22
t-02659,u-1576,2024-02-29
t-02660,u-1576,2024-01-03
t-02661,u-1577,2023-12-05
t-02662,u-1578,2023-12-21
t-02663,u-1581,2024-01-14
t-02664,u-1581,2023-12-27
t-02665,u-1581,2024-01-16
t-02666,u-1582,2023-12-30
t-02667,u-1582,2024-01-08
t-02668,u-1583,2023-12-14
t-02669,u-1583,2024-02-03
t-02670,u-1585,2024-02-29
t-02671,u-1585,2024-02-08
t-02672,u-1585,2024-01-25
t-02673,u-1586,2023-12-08
t-02674,u-1586,2024-01-11
t-02675,u-1586,2024-02-20
t-02676,u-1588,2024-02-22
t-02677,u-1590,2024-02-17
t-02678,u-1590,2024-01-01
t-02679,u-1590,2023-12-20
t-02680,u-1590,2024-01-23
t-02681,u-1590,2023-12-12
t-02682,u-1590,2024-01-10
t-02683,u-1591,2024-02-05
t-02684,u-1593,2024-01-04
t-02685,u-1593,2023-12-26
t-02686,u-1594,2024-01-11
t-02687,u-1595,2024-01-28
t-02688,u-1595,2024-01-16
t-02689,u-1595,2024-03-01
t-02690,u-1595,2024-02-07
t-02691,u-1595,2023-12-13
t-02692,u-1596,2024-03-02
t-02693,u-1596,2024-01-31
t-02694,u-1596,2023-12-18
t-02695,u-1597,2023-12-15
t-02696,u-1597,2023-12-11
t-02697,u-1597,2024-01-08
t-02698,u-1598,2024-02-15
t-02699,u-1601,2024-01-14
t-02700,u-1602,2023-12-09
t-02701,u-1603,2023-12-05
t-02702,u-1603,2023-12-13
t-02703,u-1603,2024-02-02
t-02704,u-1606,2024-01-11
t-02705,u-1606,2024-02-22
t-02706,u-1606,2024-02-23
t-02707,u-1607,2024-03-02
t-02708,u-1607,2024-02-11
t-02709,u-1607,2024-01-15
t-02710,u-1607,2024-02-28
t-02711,u-1608,2023-12-27
t-02712,u-1608,2024-02-08
t-02713,u-1608,2023-12-19
t-02714,u-1608,2024-02-28
t-02715,u-1608,2023-12-11
t-02716,u-1609,2023-12-15
t-02717,u-1609,2024-02-05
t-02718,u-1610,2023-12-24
t-02719,u-1610,2024-02-29
t-02720,u-1610,2023-12-16
t-02721,u-1611,2024-01-03
t-02722,u-1611,2024-02-16
t-02723,u-1613,2023-12-19
t-02724,u-1613,2024-01-07
t-02725,u-1613,2024-02-06
t-02726,u-1614,2024-01-31
t-02727,u-1614,2024-02-07
t-02728,u-1614,2024-01-28
t-02729,u-1614,2024-02-09
t-02730,u-1616,2024-03-02
t-02731,u-1617,2024-01-08
t-02732,u-1618,2023-12-09
t-02733,u-1618,2024-01-08
t-02734,u-1618,2024-02-05
t-02735,u-1619,2024-02-09
t-02736,u-1620,2024-01-28
t-02737,u-1620,2024-01-28
t-02738,u-1621,2024-02-11
t-02739,u-1621,2023-12-19
t-02740,u-1621,2024-01-27
t-02741,u-1621,2024-01-05
t-02742,u-1621,2024-02-15
t-02743,u-1622,2024-01-29
t-02744,u-1622,2024-01-31
t-02745,u-1622,2023-12-08
t-02746,u-1622,2024-02-14
t-02747,u-1622,2024-02-02
t-02748,u-1622,2024-01-09
t-02749,u-1622,2023-12-10
t-02750,u-1623,2024-02-27
t-02751,u-1625,2024-01-23
t-02752,u-1626,2024-02-03
t-02753,u-1626,2024-01-11
t-02754,u-1627,2024-01-15
t-02755,u-1627,2024-01-25
t-02756,u-1629,2024-02-07
t-02757,u-1629,2023-12-17
t-02758,u-1629,2023-12-26
t-02759,u-1630,2023-12-19
t-02760,u-1630,2024-01-28
t-02761,u-1634,2023-12-21
t-02762,u-1634,2024-02-10
t-02763,u-1634,2023-12-27
t-02764,u-1634,2024-02-28
t-02765,u-1634,2023-12-05
t-02766,u-1634,2023-12-19
t-02767,u-1635,2024-01-01
t-02768,u-1636,2023-12-06
t-02769,u-1636,2023-12-30
t-02770,u-1636,2023-12-29
t-02771,u-1636,2024-02-12
t-02772,u-1637,2024-01-17
t-02773,u-1638,2024-02-01
t-02774,u-1638,2024-01-02
t-02775,u-1638,2024-01-26
t-02776,u-1639,2024-01-09
t-02777,u-1639,2023-12-24
t-02778,u-1640,2024-02-12
t-02779,u-1640,2023-12-06
t-02780,u-1640,2024-01-31
t-02781,u-1641,2024-01-21
t-02782,u-1642,2024-01-24
t-02783,u-1645,2023-12-25
t-02784,u-1647,2024-02-20
t-02785,u-1647,2024-02-15
t-02786,u-1648,2023-12-27
t-02787,u-1649,2024-02-23
t-02788,u-1649,2024-02-11
t-02789,u-1650,2024-02-03
t-02790,u-1650,2024-01-25
t-02791,u-1651,2023-12-30
t-02792,u-1651,2023-12-04
t-02793,u-1652,2023-12-28
t-02794,u-1653,2023-12-28
t-02795,u-1653,2023-12-04
t-02796,u-1653,2024-01-15
t-02797,u-1653,2024-01-03
t-02798,u-1654,2024-02-15
t-02799,u-1654,2024-02-15
t-02800,u-1654,2024-01-01
t-02801,u-1654,2024-02-27
t-02802,u-1655,2023-12-08
t-02803,u-1655,2024-02-26
t-02804,u-1655,2024-02-23
t-02805,u-1656,2023-12-21
t-02806,u-1659,2023-12-22
t-02807,u-1660,2023-12-28
t-02808,u-1662,2024-02-26
t-02809,u-1663,2024-02-21
t-02810,u-1663,2024-02-19
t-02811,u-1664,2024-01-17
t-02812,u-1664,2024-01-22
t-02813,u-1665,2023-12-11
t-02814,u-1665,2023-12-10
t-02815,u-1665,2024-01-02
t-02816,u-1665,2023-12-09
t-02817,u-1667,2023-12-20
t-02818,u-1668,2024-02-03
t-02819,u-1668,2024-02-12
t-02820,u-1668,2024-01-17
t-02821,u-1668,2024-01-18
t-02822,u-1669,2024-02-29
t-02823,u-1669,2024-02-15
t-02824,u-1669,2023-12-15
t-02825,u-1669,2024-02-04
t-02826,u-1670,2024-01-03
t-02827,u-1670,2023-12-10
t-02828,u-1671,2024-02-29
t-02829,u-1671,2024-03-02
t-02830,u-1671,2024-02-26
t-02831,u-1671,2023-12-11
t-02832,u-1671,2023-12-20
t-02833,u-1673,2023-12-10
t-02834,u-1673,2024-02-12
t-02835,u-1673,2023-12-05
t-02836,u-1674,2024-02-23
t-02837,u-1674,2024-03-02
t-02838,u-1674,2024-01-09
t-02839,u-1675,2023-12-29
t-02840,u-1675,2023-12-07
t-02841,u-1676,2023-12-20
t-02842,u-1676,2023-12-27
t-02843,u-1676,2024-01-26
t-02844,u-1676,2024-02-03
t-02845,u-1676,2024-01-05
t-02846,u-1677,2023-12-16
t-02847,u-1677,2024-02-13
t-02848,u-1677,2024-01-13
t-02849,u-1677,2023-12-27
t-02850,u-1677,2023-12-11
t-02851,u-1678,2024-02-08
t-02852,u-1679,2024-02-21
t-02853,u-1680,2024-01-06
t-02854,u-1680,2024-01-20
t-02855,u-1680,2024-02-18
t-02856,u-1683,2023-12-07
t-02857,u-1683,2024-02-28
t-02858,u-1683,2024-01-02
t-02859,u-1685,2024-01-30
t-02860,u-1685,2024-02-12
t-02861,u-1685,2023-12-31
t-02862,u-1686,2024-01-20
t-02863,u-1686,2024-02-23
t-02864,u-1687,2024-02-17
t-02865,u-1687,2023-12-26
t-02866,u-1687,2024-02-21
t-02867,u-1687,2023-12-30
t-02868,u-1688,2023-12-15
t-02869,u-1688,2023-12-06
t-02870,u-1688,2024-01-31
t-02871,u-1688,2024-01-16
t-02872,u-1689,2024-01-18
t-02873,u-1689,2024-02-18
t-02874,u-1690,2024-01-09
t-02875,u-1691,2024-02-18
t-02876,u-1692,2024-02-04
t-02877,u-1692,2023-12-06
t-02878,u-1694,2024-02-22
t-02879,u-1694,2024-02-24
t-02880,u-1694,2023-12-05
t-02881,u-1694,2023-12-22
t-02882,u-1694,2024-01-26
t-02883,u-1694,2024-02-05
t-02884,u-1694,2024-02-06
t-02885,u-1694,2024-01-08
t-02886,u-1694,2023-12-14
t-02887,u-1695,2023-12-17
t-02888,u-1695,2023-12-27
t-02889,u-1696,2023-12-09
t-02890,u-1699,2024-02-11
t-02891,u-1699,2024-02-27
t-02892,u-1699,2024-02-13
t-02893,u-1699,2024-01-27
t-02894,u-1700,2024-02-03
t-02895,u-1700,2024-01-25
t-02896,u-1701,2024-01-25
t-02897,u-1701,2024-02-13
t-02898,u-1701,2023-12-23
t-02899,u-1701,2023-12-08
t-02900,u-1702,2024-01-18
t-02901,u-1703,2023-12-19
t-02902,u-1704,2024-02-07
t-02903,u-1704,2024-02-21
t-02904,u-1704,2023-12-17
t-02905,u-1705,2024-01-03
t-02906,u-1706,2023-12-31
t-02907,u-1707,2024-02-14
t-02908,u-1707,2024-02-23
t-02909,u-1709,2024-02-10
t-02910,u-1710,2023-12-10
t-02911,u-1714,2024-02-11
t-02912,u-1714,2024-02-18
t-02913,u-1715,2024-01-18
t-02914,u-1715,2024-01-09
t-02915,u-1716,2024-02-19
t-02916,u-1717,2024-03-01
t-02917,u-1717,2024-01-19
t-02918,u-1718,2024-02-28
t-02919,u-1719,2024-01-28
t-02920,u-1720,2024-02-11
t-02921,u-1721,2024-02-22
t-02922,u-1722,2024-01-15
t-02923,u-1722,2024-01-22
t-02924,u-1722,2024-01-10
t-02925,u-1722,2023-12-06
t-02926,u-1724,2023-12-31
t-02927,u-1724,2024-01-14
t-02928,u-1725,2024-01-27
t-02929,u-1727,2024-01-31
t-02930,u-1727,2023-12-21
t-02931,u-1728,2024-02-17
t-02932,u-1728,2023-12-11
t-02933,u-1728,2024-01-01
t-02934,u-1729,2023-12-14
t-02935,u-1729,2023-12-14
t-02936,u-1729,2024-01-27
t-02937,u-1729,2024-01-02
t-02938,u-1729,2023-12-22
t-02939,u-1730,2023-12-18
t-02940,u-1731,2024-01-28
t-02941,u-1731,2024-02-29
t-02942,u-1731,2023-12-22
t-02943,u-1731,2024-02-01
t-02944,u-1731,2024-02-01
t-02945,u-1732,2024-01-10
t-02946,u-1732,2024-02-01
t-02947,u-1732,2024-01-25
t-02948,u-1732,2024-02-06
t-02949,u-1735,2024-01-12
t-02950,u-1735,2024-02-14
t-02951,u-1736,2023-12-07
t-02952,u-1737,2024-02-06
t-02953,u-1737,2023-12-05
t-02954,u-1739,2024-01-30
t-02955,u-1740,2024-01-07
t-02956,u-1740,2024-02-17
t-02957,u-1740,2024-02-07
t-02958,u-1740,2024-02-17
t-02959,u-1741,2023-12-19
t-02960,u-1741,2024-01-28
t-02961,u-1741,2024-01-20
t-02962,u-1742,2024-02-23
t-02963,u-1744,2024-02-22
t-02964,u-1744,2024-02-27
t-02965,u-1744,2024-02-22
t-02966,u-1745,2024-02-10
t-02967,u-1745,2024-01-01
t-02968,u-1745,2024-01-07
t-02969,u-1745,2024-01-03
t-02970,u-1745,2024-02-21
t-02971,u-1746,2024-01-20
t-02972,u-1748,2024-03-01
t-02973,u-1748,2024-02-11
t-02974,u-1749,2023-12-11
t-02975,u-1749,2024-01-14
t-02976,u-1749,2024-02-19
t-02977,u-1749,2024-02-28
t-02978,u-1750,2024-02-14
t-02979,u-1750,2024-01-31
t-02980,u-1750,2023-12-29
t-02981,u-1750,2024-01-19
t-02982,u-1750,2024-02-18
t-02983,u-1752,2024-02-08
t-02984,u-1753,2024-01-21
t-02985,u-1753,2023-12-21
t-02986,u-1754,2024-03-01
t-02987,u-1754,2024-01-19
t-02988,u-1755,2023-12-18
t-02989,u-1756,2023-12-11
t-02990,u-1756,2023-12-15
t-02991,u-1756,2024-01-26
t-02992,u-1757,2024-02-04
t-02993,u-1757,2024-01-21
t-02994,u-1757,2024-01-18
t-02995,u-1757,2024-01-27
t-02996,u-1757,2024-01-12
t-02997,u-1757,2024-02-15
t-02998,u-1757,2024-02-10
t-02999,u-1759,2024-01-10
t-03000,u-1759,2024-03-01
t-03001,u-1759,2024-01-19
t-03002,u-1760,2023-12-27
t-03003,u-1761,2024-02-07
t-03004,u-1761,2023-12-18
t-03005,u-1761,2024-01-30
t-03006,u-1762,2024-02-04
t-03007,u-1763,2024-01-10
t-03008,u-1763,2024-02-16
t-03009,u-1764,2023-12-09
t-03010,u-1764,2024-01-03
t-03011,u-1765,2024-01-17
t-03012,u-1765,2024-01-05
t-03013,u-1765,2024-01-12
t-03014,u-1766,2024-01-31
t-03015,u-1767,2024-02-24
t-03016,u-1769,2023-12-15
t-03017,u-1769,2023-12-17
t-03018,u-1770,2024-02-03
t-03019,u-1770,2024-01-09
t-03020,u-1772,2024-02-21
t-03021,u-1772,2024-01-24
t-03022,u-1772,2024-01-02
t-03023,u-1772,2024-02-15
t-03024,u-1774,2024-01-13
t-03025,u-1775,2024-01-29
t-03026,u-1775,2024-03-01
t-03027,u-1775,2023-12-17
t-03028,u-1776,2024-02-01
t-03029,u-1777,2023-12-09
t-03030,u-1777,2023-12-23
t-03031,u-1777,2024-01-07
t-03032,u-1777,2024-01-12
t-03033,u-1778,2024-02-15
t-03034,u-1779,2024-02-04
t-03035,u-1779,2024-02-06
t-03036,u-1780,2024-01-07
t-03037,u-1780,2023-12-08
t-03038,u-1780,2024-02-29
t-03039,u-1780,2024-01-09
t-03040,u-1780,2023-12-07
t-03041,u-1782,2024-03-02
t-03042,u-1782,2024-02-12
t-03043,u-1782,2024-02-23
t-03044,u-1783,2024-02-11
t-03045,u-1783,2023-12-13
t-03046,u-1783,2024-01-03
t-03047,u-1783,2024-01-23
t-03048,u-1785,2024-02-24
t-03049,u-1786,2024-03-01
t-03050,u-1787,2024-02-15
t-03051,u-1787,2024-02-24
t-03052,u-1790,2023-12-24
t-03053,u-1790,2024-01-24
t-03054,u-1790,2024-01-07
t-03055,u-1791,2024-01-02
t-03056,u-1791,2023-12-09
t-03057,u-1791,2024-02-26
t-03058,u-1792,2024-02-15
t-03059,u-1792,2024-02-20
t-03060,u-1792,2024-02-19
t-03061,u-1793,2024-01-03
t-03062,u-1794,2024-01-12
t-03063,u-1794,2024-01-20
t-03064,u-1794,2024-02-17
t-03065,u-1797,2023-12-21
t-03066,u-1797,2024-01-22
t-03067,u-1797,2023-12-30
t-03068,u-1798,2024-02-14
t-03069,u-1798,2023-12-28
t-03070,u-1800,2024-02-07
t-03071,u-1800,2024-01-02
t-03072,u-1800,2024-02-07
t-03073,u-1800,2024-02-23
t-03074,u-1801,2023-12-17
t-03075,u-1801,2024-01-05
t-03076,u-1802,2024-02-04
t-03077,u-1804,2023-12-19
t-03078,u-1805,2024-02-22
t-03079,u-1805,2024-02-18
t-03080,u-1805,2024-02-19
t-03081,u-1805,2024-02-14
t-03082,u-1806,2023-12-27
t-03083,u-1806,2024-02-14
t-03084,u-1806,2024-02-24
t-03085,u-1806,2024-02-11
t-03086,u-1806,2024-01-05
t-03087,u-1807,2024-02-08
t-03088,u-1807,2024-02-16
t-03089,u-1808,2024-02-04
t-03090,u-1809,2023-12-06
t-03091,u-1809,2024-02-26
t-03092,u-1813,2024-01-11
t-03093,u-1813,2024-02-24
t-03094,u-1813,2024-01-14
t-03095,u-1813,2023-12-23
t-03096,u-1813,2023-12-19
t-03097,u-1813,2024-01-25
t-03098,u-1814,2024-01-13
t-03099,u-1815,2023-12-25
t-03100,u-1816,2024-01-23
t-03101,u-1816,2024-02-17
t-03102,u-1816,2023-12-31
t-03103,u-1818,2024-02-04
t-03104,u-1818,2024-02-02
t-03105,u-1818,2024-01-28
t-03106,u-1818,2024-01-16
t-03107,u-1818,2023-12-16
t-03108,u-1819,2024-01-10
t-03109,u-1819,2024-01-26
t-03110,u-1819,2023-12-11
t-03111,u-1820,2023-12-21
t-03112,u-1822,2024-02-07
t-03113,u-1822,2023-12-25
t-03114,u-1823,2024-01-17
t-03115,u-1824,2023-12-29
t-03116,u-1824,2024-01-11
t-03117,u-1826,2023-12-25
t-03118,u-1826,2024-02-21
t-03119,u-1826,2024-02-17
t-03120,u-1828,2024-01-22
t-03121,u-1830,2024-03-02
t-03122,u-1832,2024-01-17
t-03123,u-1833,2023-12-19
t-03124,u-1833,2024-01-30
t-03125,u-1835,2024-01-13
t-03126,u-1835,2023-12-29
t-03127,u-1835,2024-01-06
t-03128,u-1835,2023-12-24
t-03129,u-1836,2024-02-23
t-03130,u-1836,2024-01-07
t-03131,u-1836,2024-01-11
t-03132,u-1837,2024-01-07
t-03133,u-1837,2024-02-09
t-03134,u-1838,2023-12-25
t-03135,u-1838,2024-01-27
t-03136,u-1839,2023-12-19
t-03137,u-1840,2024-02-13
t-03138,u-1842,2024-01-01
t-03139,u-1842,2024-01-18
t-03140,u-1842,2024-01-14
t-03141,u-1843,2024-01-29
t-03142,u-1843,2024-02-14
t-03143,u-1843,2024-01-19
t-03144,u-1846,2024-02-24
t-03145,u-1846,2024-02-21
t-03146,u-1846,2024-01-06
t-03147,u-1847,2023-12-30
t-03148,u-1848,2024-02-02
t-03149,u-1848,2024-01-21
t-03150,u-1848,2024-02-18
t-03151,u-1850,2024-01-13
t-03152,u-1850,2024-02-11
t-03153,u-1850,2024-02-08
t-03154,u-1851,2024-01-10
t-03155,u-1851,2023-12-21
t-03156,u-1852,2024-01-22
t-03157,u-1853,2024-01-27
t-03158,u-1853,2024-02-26
t-03159,u-1853,2024-02-10
t-03160,u-1853,2024-01-25
t-03161,u-1854,2024-02-23
t-03162,u-1854,2023-12-14
t-03163,u-1854,2024-02-17
t-03164,u-1855,2024-02-11
t-03165,u-1855,2024-03-01
t-03166,u-1856,2024-02-06
t-03167,u-1856,2024-02-17
t-03168,u-1856,2024-02-17
t-03169,u-1856,2023-12-30
t-03170,u-1857,2024-01-07
t-03171,u-1858,2023-12-22
t-03172,u-1859,2024-01-13
t-03173,u-1859,2024-01-23
t-03174,u-1859,2023-12-20
t-03175,u-1859,2024-02-10
t-03176,u-1860,2023-12-08
t-03177,u-1860,2024-02-05
t-03178,u-1862,2024-01-15
t-03179,u-1863,2023-12-09
t-03180,u-1863,2024-01-18
t-03181,u-1864,2024-01-19
t-03182,u-1865,2024-01-23
t-03183,u-1865,2023-12-31
t-03184,u-1865,2024-01-01
t-03185,u-1866,2024-02-19
t-03186,u-1866,2023-12-25
t-03187,u-1866,2023-12-10
t-03188,u-1867,2023-12-15
t-03189,u-1867,2024-01-05
t-03190,u-1867,2024-01-02
t-03191,u-1867,2024-01-25
t-03192,u-1867,2024-01-20
t-03193,u-1868,2024-01-30
t-03194,u-1868,2024-02-12
t-03195,u-1868,2023-12-08
t-03196,u-1868,2024-02-04
t-03197,u-1868,2023-12-04
t-03198,u-1868,2023-12-04
t-03199,u-1868,2023-12-14
t-03200,u-1868,2023-12-24
t-03201,u-1869,2024-02-06
t-03202,u-1870,2024-02-19
t-03203,u-1870,2024-01-10
t-03204,u-1870,2024-02-13
t-03205,u-1870,2023-12-29
t-03206,u-1872,2024-01-14
t-03207,u-1872,2024-02-25
t-03208,u-1872,2023-12-13
t-03209,u-1872,2023-12-11
t-03210,u-1873,2024-01-03
t-03211,u-1873,2024-01-20
t-03212,u-1873,2024-02-07
t-03213,u-1873,2024-01-12
t-03214,u-1875,2024-01-26
t-03215,u-1875,2023-12-15
t-03216,u-1878,2024-01-23
t-03217,u-1878,2023-12-15
t-03218,u-1878,2024-02-10
t-03219,u-1879,2024-02-28
t-03220,u-1879,2023-12-22
t-03221,u-1880,2024-01-23
t-03222,u-1881,2024-01-06
t-03223,u-1881,2023-12-23
t-03224,u-1881,2024-01-29
t-03225,u-1881,2024-02-02
t-03226,u-1882,2023-12-24
t-03227,u-1882,2024-02-01
t-03228,u-1883,2024-02-06
t-03229,u-1885,2023-12-24
t-03230,u-1885,2023-12-29
t-03231,u-1887,2024-02-22
t-03232,u-1888,2024-02-24
t-03233,u-1888,2023-12-28
t-03234,u-1890,2023-12-12
t-03235,u-1890,2024-01-11
t-03236,u-1890,2024-01-16
t-03237,u-1892,2024-01-11
t-03238,u-1892,2024-01-03
t-03239,u-1892,2024-02-29
t-03240,u-1893,2023-12-16
t-03241,u-1893,2024-01-15
t-03242,u-1893,2024-02-09
t-03243,u-1894,2024-02-24
t-03244,u-1894,2024-03-02
t-03245,u-1894,2024-01-24
t-03246,u-1895,2023-12-12
t-03247,u-1895,2023-12-29
t-03248,u-1896,2024-02-29
t-03249,u-1897,2024-02-01
t-03250,u-1897,2024-03-02
t-03251,u-1897,2023-12-08
t-03252,u-1897,2024-02-21
t-03253,u-1897,2023-12-09
t-03254,u-1897,2024-02-19
t-03255,u-1897,2024-03-01
t-03256,u-1899,2024-02-26
t-03257,u-1899,2024-02-24
t-03258,u-1899,2023-12-25
t-03259,u-1899,2024-01-11
t-03260,u-1900,2024-01-07
t-03261,u-1900,2023-12-19
t-03262,u-1900,2023-12-26
t-03263,u-1901,2024-02-10
t-03264,u-1902,2024-01-05
t-03265,u-1902,2023-12-18
t-03266,u-1902,2024-02-02
t-03267,u-1903,2024-02-02
t-03268,u-1903,2024-03-01
t-03269,u-1903,2023-12-22
t-03270,u-1905,2024-01-19
t-03271,u-1905,2024-01-26
t-03272,u-1906,2023-12-08
t-03273,u-1906,2024-01-17
t-03274,u-1907,2024-01-17
t-03275,u-1907,2024-02-04
t-03276,u-1909,2023-12-10
t-03277,u-1909,2024-01-02
t-03278,u-1910,2024-01-09
t-03279,u-1913,2024-02-06
t-03280,u-1913,2024-02-21
t-03281,u-1913,2024-02-03
t-03282,u-1915,2024-02-08
t-03283,u-1915,2024-02-18
t-03284,u-1915,2024-01-06
t-03285,u-1916,2024-01-02
t-03286,u-1917,2024-01-18
t-03287,u-1918,2024-01-27
t-03288,u-1919,2024-02-21
t-03289,u-1921,2024-02-23
t-03290,u-1921,2023-12-04
t-03291,u-1921,2023-12-14
t-03292,u-1922,2024-01-22
t-03293,u-1925,2024-01-18
t-03294,u-1926,2024-02-06
t-03295,u-1927,2024-01-30
t-03296,u-1927,2024-01-15
t-03297,u-1927,2023-12-19
t-03298,u-1927,2024-02-21
t-03299,u-1928,2023-12-10
t-03300,u-1928,2023-12-19
t-03301,u-1929,2024-02-09
t-03302,u-1929,2023-12-11
t-03303,u-1929,2023-12-21
t-03304,u-1930,2024-01-14
t-03305,u-1931,2024-01-05
t-03306,u-1932,2024-01-12
t-03307,u-1934,2023-12-10
t-03308,u-1934,2024-02-23
t-03309,u-1935,2024-01-02
t-03310,u-1936,2024-01-23
t-03311,u-1936,2024-02-05
t-03312,u-1936,2024-01-28
t-03313,u-1937,2024-01-11
t-03314,u-1939,2024-02-11
t-03315,u-1940,2023-12-09
t-03316,u-1941,2024-02-27
t-03317,u-1942,2023-12-09
t-03318,u-1943,2024-02-04
t-03319,u-1943,2024-02-20
t-03320,u-1943,2023-12-29
t-03321,u-1943,2024-01-05
t-03322,u-1943,2023-12-09
t-03323,u-1945,2024-01-19
t-03324,u-1946,2024-03-01
t-03325,u-1949,2023-12-26
t-03326,u-1950,2024-02-11
t-03327,u-1950,2024-02-11
t-03328,u-1951,2024-02-29
t-03329,u-1953,2024-01-21
t-03330,u-1954,2024-02-03
t-03331,u-1954,2023-12-29
t-03332,u-1954,2024-03-01
t-03333,u-1956,2023-12-30
t-03334,u-1956,2024-01-21
t-03335,u-1956,2024-01-16
t-03336,u-1958,2023-12-14
t-03337,u-1958,2024-01-12
t-03338,u-1958,2024-01-26
t-03339,u-1958,2024-02-01
t-03340,u-1958,2024-01-23
t-03341,u-1959,2023-12-06
t-03342,u-1959,2024-01-06
t-03343,u-1959,2024-02-20
t-03344,u-1959,2023-12-14
t-03345,u-1960,2024-02-18
t-03346,u-1960,2024-02-09
t-03347,u-1961,2024-02-10
t-03348,u-1961,2024-02-19
t-03349,u-1961,2024-01-10
t-03350,u-1961,2024-02-20
t-03351,u-1962,2023-12-27
t-03352,u-1962,2024-01-30
t-03353,u-1963,2024-01-25
t-03354,u-1963,2024-01-18
t-03355,u-1963,2024-02-24
t-03356,u-1964,2023-12-26
t-03357,u-1965,2024-02-06
t-03358,u-1965,2024-02-10
t-03359,u-1968,2024-01-09
t-03360,u-1968,2024-01-26
t-03361,u-1969,2023-12-25
t-03362,u-1970,2023-12-28
t-03363,u-1970,2023-12-11
t-03364,u-1970,2024-02-10
t-03365,u-1970,2024-02-23
t-03366,u-1971,2024-01-30
t-03367,u-1971,2023-12-05
t-03368,u-1971,2024-02-21
t-03369,u-1975,2024-01-01
t-03370,u-1978,2024-01-23
t-03371,u-1978,2023-12-17
t-03372,u-1980,2024-01-16
t-03373,u-1980,2024-01-21
t-03374,u-1982,2024-02-13
t-03375,u-1982,2023-12-12
t-03376,u-1982,2024-02-04
t-03377,u-1983,2024-03-02
t-03378,u-1983,2024-01-18
t-03379,u-1983,2024-01-18
t-03380,u-1988,2024-02-14
t-03381,u-1988,2024-01-03
t-03382,u-1988,2024-02-04
t-03383,u-1990,2024-01-14
t-03384,u-1991,2024-02-16
t-03385,u-1991,2023-12-26
t-03386,u-1992,2024-02-28
t-03387,u-1992,2023-12-25
t-03388,u-1992,2023-12-11
t-03389,u-1994,2024-01-11
t-03390,u-1995,2023-12-18
t-03391,u-1995,2024-02-05
t-03392,u-1995,2023-12-31
t-03393,u-1996,2023-12-22
t-03394,u-1996,2024-01-17
t-03395,u-1996,2024-02-16
t-03396,u-1997,2023-12-11
t-03397,u-1997,2024-01-20
t-03398,u-1998,2024-03-01
t-03399,u-1998,2023-12-17
t-03400,u-1998,2024-01-21
t-03401,u-1999,2024-02-20
t-03402,u-2000,2024-02-22
t-03403,u-2001,2024-01-19
t-03404,u-2001,2023-12-19
t-03405,u-2001,2024-02-03
t-03406,u-2001,2024-01-14
t-03407,u-2003,2023-12-11
t-03408,u-2003,2023-12-17
t-03409,u-2004,2024-02-15
t-03410,u-2004,2023-12-16
t-03411,u-2005,2023-12-08
t-03412,u-2006,2024-01-24
t-03413,u-2006,2023-12-12
t-03414,u-2006,2024-01-06
t-03415,u-2011,2024-03-02
t-03416,u-2015,2024-01-21
t-03417,u-2017,2024-02-25
t-03418,u-2018,2023-12-19
t-03419,u-2018,2024-02-28
t-03420,u-2019,2024-02-20
t-03421,u-2020,2024-01-06
t-03422,u-2021,2024-01-06
t-03423,u-2022,2023-12-21
t-03424,u-2025,2024-01-06
t-03425,u-2025,2023-12-10
t-03426,u-2026,2024-01-15
t-03427,u-2026,2023-12-30
t-03428,u-2026,2024-01-26
t-03429,u-2027,2024-01-29
t-03430,u-2027,2024-02-07
t-03431,u-2028,2024-01-01
t-03432,u-2028,2024-02-11
t-03433,u-2029,2024-01-12
t-03434,u-2029,2024-02-19
t-03435,u-2029,2023-12-14
t-03436,u-2029,2024-02-03
t-03437,u-2030,2024-02-29
t-03438,u-2031,2024-01-11
t-03439,u-2031,2024-01-15
t-03440,u-2031,2024-01-14
t-03441,u-2033,2024-01-09
t-03442,u-2033,2023-12-07
t-03443,u-2033,2023-12-11
t-03444,u-2033,2023-12-04
t-03445,u-2034,2023-12-18
t-03446,u-2035,2024-01-08
t-03447,u-2035,2023-12-10
t-03448,u-2035,2024-01-30
t-03449,u-2035,2024-02-04
t-03450,u-2035,2024-02-27
t-03451,u-2037,2024-01-02
t-03452,u-2037,2023-12-08
t-03453,u-2037,2024-02-08
t-03454,u-2037,2024-01-18
t-03455,u-2037,2024-01-07
t-03456,u-2038,2024-01-26
t-03457,u-2038,2024-03-02
t-03458,u-2038,2023-12-22
t-03459,u-2039,2024-01-03
t-03460,u-2039,2024-01-03
t-03461,u-2039,2024-01-29
t-03462,u-2039,2024-01-09
t-03463,u-2040,2024-01-24
t-03464,u-2040,2024-02-27
t-03465,u-2040,2024-02-25
t-03466,u-2041,2024-01-11
t-03467,u-2041,2023-12-29
t-03468,u-2041,2024-01-17
t-03469,u-2042,2024-02-12
t-03470,u-2042,2023-12-19
t-03471,u-2043,2024-03-01
t-03472,u-2044,2023-12-13
t-03473,u-2044,2024-03-01
t-03474,u-2044,2024-01-12
t-03475,u-2045,2024-01-12
t-03476,u-2046,2024-02-08
t-03477,u-2047,2024-01-30
t-03478,u-2047,2024-01-01
t-03479,u-2047,2024-01-01
t-03480,u-2047,2023-12-29
t-03481,u-2047,2024-02-04
t-03482,u-2047,2024-02-26
t-03483,u-2047,2024-02-09
t-03484,u-2048,2023-12-04
t-03485,u-2049,2023-12-13
t-03486,u-2050,2024-01-19
t-03487,u-2051,2024-01-12
t-03488,u-2051,2024-03-01
t-03489,u-2052,2024-02-23
t-03490,u-2052,2024-02-13
t-03491,u-2053,2024-02-24
t-03492,u-2053,2024-01-26
t-03493,u-2055,2024-02-05
t-03494,u-2055,2024-01-23
t-03495,u-2055,2024-02-10
t-03496,u-2056,2024-01-25
t-03497,u-2056,2024-02-11
t-03498,u-2061,2024-02-14
t-03499,u-2061,2024-01-13
t-03500,u-2062,2023-12-26
t-03501,u-2062,2024-02-17
t-03502,u-2062,2024-01-17
t-03503,u-2064,2023-12-21
t-03504,u-2064,2023-12-18
t-03505,u-2064,2024-02-19
t-03506,u-2064,2024-02-04
t-03507,u-2064,2024-02-09
t-03508,u-2065,2024-01-13
t-03509,u-2065,2024-02-29
t-03510,u-2065,2024-01-19
t-03511,u-2067,2024-01-18
t-03512,u-2067,2024-01-11
t-03513,u-2068,2024-01-21
t-03514,u-2069,2024-01-15
t-03515,u-2070,2024-02-18
t-03516,u-2070,2024-02-07
t-03517,u-2070,2024-01-04
t-03518,u-2070,2024-01-22
t-03519,u-2070,2024-02-05
t-03520,u-2072,2024-02-11
t-03521,u-2074,2024-01-05
t-03522,u-2074,2023-12-07
t-03523,u-2075,2023-12-14
t-03524,u-2076,2023-12-16
t-03525,u-2076,2024-02-19
t-03526,u-2077,2024-02-26
t-03527,u-2078,2024-02-23
t-03528,u-2079,2024-02-29
t-03529,u-2079,2024-02-23
t-03530,u-2079,2024-01-09
t-03531,u-2079,2024-01-01
t-03532,u-2079,2024-02-12
t-03533,u-2080,2023-12-28
t-03534,u-2081,2023-12-18
t-03535,u-2081,2023-12-25
t-03536,u-2081,2024-02-20
t-03537,u-2082,2024-01-17
t-03538,u-2082,2023-12-20
t-03539,u-2082,2024-02-19
t-03540,u-2083,2024-01-06
t-03541,u-2083,2023-12-20
t-03542,u-2085,2024-02-16
t-03543,u-2086,2024-02-10
t-03544,u-2086,2024-01-03
t-03545,u-2087,2023-12-17
t-03546,u-2087,2024-01-27
t-03547,u-2088,2024-02-25
t-03548,u-2089,2023-12-06
t-03549,u-2089,2024-02-04
t-03550,u-2089,2024-02-25
t-03551,u-2090,2024-02-29
t-03552,u-2091,2023-12-29
t-03553,u-2092,2023-12-08
t-03554,u-2092,2024-01-20
t-03555,u-2093,2023-12-21
t-03556,u-2093,2024-02-12
t-03557,u-2094,2024-02-17
t-03558,u-2094,2024-02-12
t-03559,u-2095,2023-12-25
t-03560,u-2095,2024-02-15
t-03561,u-2096,2024-02-14
t-03562,u-2100,2024-01-15
t-03563,u-2101,2024-01-13
t-03564,u-2103,2023-12-15
t-03565,u-2104,2024-01-25
t-03566,u-2105,2024-01-29
t-03567,u-2105,2024-01-04
t-03568,u-2105,2024-01-03
t-03569,u-2107,2023-12-15
t-03570,u-2109,2023-12-10
t-03571,u-2111,2024-02-11
t-03572,u-2111,2024-01-16
t-03573,u-2111,2024-01-23
t-03574,u-2111,2023-12-30
t-03575,u-2113,2024-02-18
t-03576,u-2113,2024-01-07
t-03577,u-2113,2024-02-20
t-03578,u-2113,2024-02-29
t-03579,u-2115,2024-02-27
t-03580,u-2116,2024-02-04
t-03581,u-2116,2024-01-25
t-03582,u-2116,2023-12-05
t-03583,u-2117,2024-02-10
t-03584,u-2117,2024-01-09
t-03585,u-2120,2024-02-09
t-03586,u-2120,2023-12-22
t-03587,u-2120,2024-01-09
t-03588,u-2120,2024-01-25
t-03589,u-2121,2023-12-13
t-03590,u-2122,2024-01-28
t-03591,u-2122,2024-02-12
t-03592,u-2123,2024-01-30
t-03593,u-2124,2024-02-16
t-03594,u-2124,2023-12-28
t-03595,u-2125,2024-02-15
t-03596,u-2126,2024-01-09
t-03597,u-2126,2024-01-08
t-03598,u-2127,2023-12-18
t-03599,u-2127,2023-12-25
t-03600,u-2127,2024-01-01
t-03601,u-2127,2024-02-21
t-03602,u-2127,2024-02-17
t-03603,u-2128,2024-01-05
t-03604,u-2128,2024-01-05
t-03605,u-2129,2024-02-23
t-03606,u-2131,2023-12-23
t-03607,u-2132,2024-02-17
t-03608,u-2132,2024-02-09
t-03609,u-2132,2024-02-01
t-03610,u-2133,2024-01-02
t-03611,u-2134,2024-02-29
t-03612,u-2136,2024-03-02
t-03613,u-2137,2024-01-29
t-03614,u-2137,2023-12-11
t-03615,u-2137,2023-12-17
t-03616,u-2137,2024-01-30
t-03617,u-2138,2024-01-30
t-03618,u-2139,2024-01-20
t-03619,u-2139,2024-01-05
t-03620,u-2139,2023-12-30
t-03621,u-2140,2024-01-13
t-03622,u-2141,2024-03-01
t-03623,u-2141,2024-01-08
t-03624,u-2141,2024-02-12
t-03625,u-2142,2024-01-06
t-03626,u-2142,2023-12-16
t-03627,u-2142,2024-02-13
t-03628,u-2142,2024-01-01
t-03629,u-2143,2024-03-01
t-03630,u-2143,2024-01-17
t-03631,u-2144,2024-02-09
t-03632,u-2145,2024-01-04
t-03633,u-2147,2024-02-20
t-03634,u-2147,2024-01-02
t-03635,u-2148,2024-02-13
t-03636,u-2148,2024-01-20
t-03637,u-2148,2023-12-13
t-03638,u-2148,2024-01-15
t-03639,u-2149,2024-01-22
t-03640,u-2152,2024-02-20
t-03641,u-2153,2024-02-03
t-03642,u-2153,2023-12-31
t-03643,u-2153,2024-01-06
t-03644,u-2155,2024-03-02
t-03645,u-2155,2024-02-14
t-03646,u-2156,2024-02-29
t-03647,u-2156,2024-01-14
t-03648,u-2157,2023-12-07
t-03649,u-2157,2024-01-03
t-03650,u-2158,2024-01-15
t-03651,u-2158,2023-12-04
t-03652,u-2158,2024-01-01
t-03653,u-2158,2024-01-18
t-03654,u-2159,2024-02-08
t-03655,u-2162,2024-02-02
t-03656,u-2162,2024-02-20
t-03657,u-2162,2024-01-16
t-03658,u-2162,2023-12-09
t-03659,u-2162,2023-12-17
t-03660,u-2163,2023-12-27
t-03661,u-2163,2024-01-12
t-03662,u-2164,2023-12-30
t-03663,u-2164,2024-01-18
t-03664,u-2164,2023-12-18
t-03665,u-2164,2024-02-18
t-03666,u-2165,2024-03-01
t-03667,u-2166,2024-01-19
t-03668,u-2166,2024-01-17
t-03669,u-2166,2023-12-30
t-03670,u-2167,2024-01-30
t-03671,u-2167,2024-03-02
t-03672,u-2168,2024-01-04
t-03673,u-2169,2024-01-31
t-03674,u-2169,2024-02-17
t-03675,u-2171,2024-01-22
t-03676,u-2171,2024-01-11
t-03677,u-2172,2024-01-06
t-03678,u-2172,2023-12-12
t-03679,u-2173,2024-01-06
t-03680,u-2173,2024-02-02
t-03681,u-2173,2024-01-07
t-03682,u-2173,2024-02-29
t-03683,u-2174,2024-01-12
t-03684,u-2174,2024-02-24
t-03685,u-2174,2023-12-29
t-03686,u-2174,2023-12-25
t-03687,u-2175,2023-12-31
t-03688,u-2177,2024-01-11
t-03689,u-2178,2023-12-29
t-03690,u-2178,2023-12-11
t-03691,u-2178,2024-02-27
t-03692,u-2178,2024-02-01
t-03693,u-2178,2023-12-12
t-03694,u-2178,2024-01-21
t-03695,u-2179,2024-02-04
t-03696,u-2179,2024-02-03
t-03697,u-2179,2024-02-08
t-03698,u-2179,2023-12-19
t-03699,u-2180,2023-12-22
t-03700,u-2181,2023-12-21
t-03701,u-2181,2024-02-06
t-03702,u-2181,2023-12-31
t-03703,u-2181,2023-12-18
t-03704,u-2183,2023-12-27
t-03705,u-2184,2023-12-09
t-03706,u-2185,2023-12-06
t-03707,u-2185,2024-01-13
t-03708,u-2188,2024-02-02
t-03709,u-2189,2023-12-26
t-03710,u-2190,2024-01-21
t-03711,u-2190,2024-02-20
t-03712,u-2192,2023-12-14
t-03713,u-2192,2024-02-19
t-03714,u-2192,2024-02-08
t-03715,u-2192,2024-02-15
t-03716,u-2193,2024-01-29
t-03717,u-2193,2024-01-17
t-03718,u-2196,2024-01-16
t-03719,u-2198,2024-01-03
t-03720,u-2199,2024-01-06
t-03721,u-2199,2024-02-26
t-03722,u-2200,2023-12-27
t-03723,u-2200,2024-02-27
t-03724,u-2200,2024-01-17
t-03725,u-2200,2024-02-22
t-03726,u-2202,2024-01-12
t-03727,u-2202,2024-02-14
t-03728,u-2203,2024-02-26
t-03729,u-2204,2024-01-24
t-03730,u-2205,2023-12-16
t-03731,u-2205,2023-12-20
t-03732,u-2205,2024-01-27
t-03733,u-2205,2024-01-12
t-03734,u-2205,2024-01-01
t-03735,u-2206,2024-02-22
t-03736,u-2206,2023-12-21
t-03737,u-2206,2024-02-16
t-03738,u-2206,2023-12-30
t-03739,u-2208,2024-02-18
t-03740,u-2208,2024-02-04
t-03741,u-2208,2024-01-04
t-03742,u-2208,2024-03-01
t-03743,u-2208,2023-12-09
t-03744,u-2210,2024-01-01
t-03745,u-2212,2023-12-16
t-03746,u-2212,2023-12-09
t-03747,u-2212,2023-12-25
t-03748,u-2213,2024-02-26
t-03749,u-2213,2024-01-24
t-03750,u-2215,2023-12-16
t-03751,u-2217,2024-01-09
t-03752,u-2219,2024-02-02
t-03753,u-2220,2024-02-05
t-03754,u-2222,2024-01-07
t-03755,u-2222,2024-01-28
t-03756,u-2225,2024-01-04
t-03757,u-2228,2024-01-07
t-03758,u-2229,2023-12-24
t-03759,u-2229,2024-01-30
t-03760,u-2229,2024-02-08
t-03761,u-2230,2024-01-13
t-03762,u-2231,2024-01-31
t-03763,u-2231,2024-01-10
t-03764,u-2231,2024-01-29
t-03765,u-2235,2024-02-15
t-03766,u-2236,2024-02-19
t-03767,u-2236,2024-01-09
t-03768,u-2237,2024-02-23
t-03769,u-2238,2024-02-09
t-03770,u-2238,2024-01-17
t-03771,u-2239,2023-12-05
t-03772,u-2239,2023-12-23
t-03773,u-2239,2024-01-29
t-03774,u-2239,2023-12-14
t-03775,u-2239,2024-01-19
t-03776,u-2242,2023-12-24
t-03777,u-2244,2023-12-31
t-03778,u-2245,2024-01-13
t-03779,u-2245,2024-01-23
t-03780,u-2245,2024-02-15
t-03781,u-2246,2023-12-27
t-03782,u-2246,2023-12-18
t-03783,u-2247,2024-01-13
t-03784,u-2247,2023-12-18
t-03785,u-2247,2024-02-29
t-03786,u-2249,2023-12-10
t-03787,u-2250,2024-02-01
t-03788,u-2252,2024-02-20
t-03789,u-2252,2024-01-19
t-03790,u-2252,2024-01-30
t-03791,u-2253,2024-02-04
t-03792,u-2254,2024-01-27
t-03793,u-2254,2024-01-29
t-03794,u-2254,2024-01-30
t-03795,u-2254,2023-12-14
t-03796,u-2255,2024-02-13
t-03797,u-2255,2023-12-04
t-03798,u-2256,2024-02-13
t-03799,u-2256,2024-01-25
t-03800,u-2257,2023-12-24
t-03801,u-2259,2024-02-04
t-03802,u-2259,2024-02-04
t-03803,u-2262,2024-02-27
t-03804,u-2262,2023-12-30
t-03805,u-2262,2024-01-16
t-03806,u-2264,2024-01-26
t-03807,u-2265,2023-12-13
t-03808,u-2265,2023-12-20
t-03809,u-2267,2024-02-03
t-03810,u-2268,2024-01-17
t-03811,u-2268,2023-12-16
t-03812,u-2271,2024-01-27
t-03813,u-2271,2024-01-12
t-03814,u-2273,2023-12-08
t-03815,u-2273,2024-01-15
t-03816,u-2273,2024-01-02
t-03817,u-2273,2024-02-18
t-03818,u-2274,2024-02-16
t-03819,u-2275,2024-01-19
t-03820,u-2275,2023-12-14
t-03821,u-2276,2024-01-10
t-03822,u-2276,2024-02-24
t-03823,u-2278,2024-02-01
t-03824,u-2278,2024-01-22
t-03825,u-2278,2024-01-02
t-03826,u-2279,2023-12-26
t-03827,u-2279,2024-01-19
t-03828,u-2279,2024-02-22
t-03829,u-2279,2024-03-02
t-03830,u-2279,2024-01-16
t-03831,u-2280,2024-01-17
t-03832,u-2280,2024-02-24
t-03833,u-2280,2024-02-25
t-03834,u-2280,2023-12-31
t-03835,u-2281,2024-01-26
t-03836,u-2282,2024-02-12
t-03837,u-2283,2023-12-15
t-03838,u-2283,2023-12-04
t-03839,u-2284,2024-01-02
t-03840,u-2286,2024-01-12
t-03841,u-2287,2023-12-07
t-03842,u-2289,2024-02-02
t-03843,u-2289,2024-02-29
t-03844,u-2291,2024-02-13
t-03845,u-2292,2024-01-08
t-03846,u-2292,2023-12-20
t-03847,u-2293,2024-03-02
t-03848,u-2294,2024-02-15
t-03849,u-2295,2023-12-07
t-03850,u-2296,2024-01-02
t-03851,u-2298,2024-01-12
t-03852,u-2298,2024-01-03
t-03853,u-2298,2023-12-27
t-03854,u-2298,2023-12-10
t-03855,u-2299,2023-12-24
t-03856,u-2300,2023-12-31
t-03857,u-2300,2024-01-16
t-03858,u-2300,2024-01-14
t-03859,u-2301,2024-01-14
t-03860,u-2302,2023-12-24
t-03861,u-2303,2023-12-08
t-03862,u-2303,2024-01-31
t-03863,u-2303,2024-01-06
t-03864,u-2303,2024-02-02
t-03865,u-2304,2024-02-13
t-03866,u-2305,2024-03-01
t-03867,u-2305,2024-01-28
t-03868,u-2305,2024-01-30
t-03869,u-2305,2024-02-13
t-03870,u-2305,2023-12-11
t-03871,u-2306,2023-12-14
t-03872,u-2306,2024-01-01
t-03873,u-2306,2023-12-15
t-03874,u-2306,2023-12-25
t-03875,u-2307,2024-02-12
t-03876,u-2308,2024-01-27
t-03877,u-2310,2023-12-17
t-03878,u-2310,2024-02-29
t-03879,u-2310,2023-12-20
t-03880,u-2311,2023-12-05
t-03881,u-2311,2023-12-06
t-03882,u-2312,2024-02-01
t-03883,u-2312,2024-01-24
t-03884,u-2312,2024-01-20
t-03885,u-2312,2024-02-15
t-03886,u-2312,2024-01-23
t-03887,u-2313,2024-01-03
t-03888,u-2315,2024-02-08
t-03889,u-2315,2024-02-21
t-03890,u-2315,2023-12-20
t-03891,u-2315,2024-01-15
t-03892,u-2315,2024-01-07
t-03893,u-2316,2023-12-16
t-03894,u-2317,2023-12-14
t-03895,u-2317,2024-02-26
t-03896,u-2318,2024-02-01
t-03897,u-2319,2024-01-15
t-03898,u-2320,2023-12-12
t-03899,u-2321,2024-01-23
t-03900,u-2321,2023-12-14
t-03901,u-2322,2024-02-16
t-03902,u-2323,2023-12-29
t-03903,u-2324,2024-01-05
t-03904,u-2324,2024-01-13
t-03905,u-2326,2024-02-15
t-03906,u-2326,2023-12-07
t-03907,u-2327,2023-12-19
t-03908,u-2327,2024-02-18
t-03909,u-2328,2023-12-25
t-03910,u-2329,2023-12-08
t-03911,u-2329,2024-02-26
t-03912,u-2329,2024-02-29
t-03913,u-2331,2024-02-05
t-03914,u-2331,2024-01-27
t-03915,u-2331,2024-01-05
t-03916,u-2331,2024-01-03
t-03917,u-2331,2023-12-22
t-03918,u-2332,2023-12-13
t-03919,u-2333,2024-02-14
t-03920,u-2333,2024-01-23
t-03921,u-2333,2023-12-26
t-03922,u-2333,2024-02-24
t-03923,u-2333,2024-01-27
t-03924,u-2333,2024-01-02
t-03925,u-2334,2024-01-07
t-03926,u-2337,2023-12-15
t-03927,u-2340,2024-01-28
t-03928,u-2340,2024-01-16
t-03929,u-2340,2023-12-17
t-03930,u-2342,2024-02-15
t-03931,u-2343,2024-01-26
t-03932,u-2343,2023-12-26
t-03933,u-2344,2024-01-04
t-03934,u-2344,2024-01-15
t-03935,u-2344,2024-01-29
t-03936,u-2345,2024-02-25
t-03937,u-2345,2024-01-19
t-03938,u-2346,2023-12-31
t-03939,u-2347,2024-01-23
t-03940,u-2347,2023-12-29
t-03941,u-2347,2024-01-09
t-03942,u-2347,2024-02-28
t-03943,u-2347,2023-12-10
t-03944,u-2348,2024-02-29
t-03945,u-2348,2024-02-24
t-03946,u-2348,2024-02-04
t-03947,u-2349,2023-12-09
t-03948,u-2349,2024-01-07
t-03949,u-2351,2024-03-01
t-03950,u-2353,2024-02-15
t-03951,u-2354,2023-12-11
t-03952,u-2354,2023-12-24
t-03953,u-2354,2024-01-19
t-03954,u-2358,2024-02-11
t-03955,u-2358,2024-02-22
t-03956,u-2358,2024-02-11
t-03957,u-2359,2023-12-27
t-03958,u-2359,2024-02-06
t-03959,u-2361,2024-02-20
t-03960,u-2362,2024-01-05
t-03961,u-2364,2024-02-10
t-03962,u-2364,2023-12-27
t-03963,u-2364,2024-01-11
t-03964,u-2365,2024-02-18
t-03965,u-2365,2024-02-11
t-03966,u-2365,2023-12-29
t-03967,u-2365,2024-02-05
t-03968,u-2367,2023-12-17
t-03969,u-2368,2024-02-27
t-03970,u-2368,2023-12-05
t-03971,u-2368,2024-02-02
t-03972,u-2369,2024-01-24
t-03973,u-2370,2024-01-14
t-03974,u-2371,2024-02-24
t-03975,u-2371,2024-01-30
t-03976,u-2372,2024-02-01
t-03977,u-2372,2023-12-25
t-03978,u-2373,2024-01-08
t-03979,u-2375,2024-01-26
t-03980,u-2375,2024-02-19
t-03981,u-2376,2024-02-03
t-03982,u-2376,2023-12-15
t-03983,u-2377,2024-02-25
t-03984,u-2377,2024-01-16
t-03985,u-2377,2024-01-17
t-03986,u-2378,2024-02-11
t-03987,u-2378,2024-02-14
t-03988,u-2378,2024-01-28
t-03989,u-2379,2024-02-10
t-03990,u-2380,2024-01-22
t-03991,u-2380,2023-12-22
t-03992,u-2380,2024-02-24
t-03993,u-2381,2023-12-21
t-03994,u-2381,2024-01-21
t-03995,u-2381,2024-01-18
t-03996,u-2381,2024-01-01
t-03997,u-2381,2024-01-18
t-03998,u-2381,2023-12-05
t-03999,u-2382,2024-01-21
t-04000,u-2382,2024-02-08
t-04001,u-2383,2024-02-27
t-04002,u-2383,2024-02-14
t-04003,u-2383,2024-01-07
t-04004,u-2385,2024-02-28
t-04005,u-2385,2024-02-24
t-04006,u-2385,2024-02-02
t-04007,u-2385,2024-01-24
t-04008,u-2385,2024-02-21
t-04009,u-2385,2024-01-04
t-04010,u-2385,2023-12-27
t-04011,u-2388,2023-12-07
t-04012,u-2389,2024-02-08
t-04013,u-2389,2023-12-05
t-04014,u-2389,2024-02-22
t-04015,u-2389,2024-02-07
t-04016,u-2389,2024-02-22
t-04017,u-2390,2023-12-16
t-04018,u-2390,2024-01-14
t-04019,u-2391,2024-01-23
t-04020,u-2392,2023-12-12
t-04021,u-2392,2024-02-13
t-04022,u-2394,2023-12-31
t-04023,u-2394,2024-01-05
t-04024,u-2394,2024-01-15
t-04025,u-2395,2023-12-10
t-04026,u-2395,2023-12-20
t-04027,u-2395,2024-02-06
t-04028,u-2398,2023-12-08
t-04029,u-2398,2024-01-01
t-04030,u-2399,2024-02-04
t-04031,u-2399,2024-02-18
t-04032,u-2400,2024-02-29
t-04033,u-2400,2024-03-02
t-04034,u-2400,2023-12-15
t-04035,u-2400,2024-02-09
t-04036,u-2402,2023-12-04
t-04037,u-2402,2023-12-26
t-04038,u-2402,2024-01-14
t-04039,u-2402,2024-01-04
t-04040,u-2402,2023-12-22
t-04041,u-2403,2024-01-14
t-04042,u-2405,2024-02-02
t-04043,u-2405,2023-12-08
t-04044,u-2406,2024-01-23
t-04045,u-2407,2024-02-04
t-04046,u-2407,2024-01-26
t-04047,u-2407,2024-02-03
t-04048,u-2408,2024-01-07
t-04049,u-2408,2024-02-26
t-04050,u-2408,2023-12-07
t-04051,u-2409,2024-02-07
t-04052,u-2410,2024-02-27
t-04053,u-2412,2024-02-28
t-04054,u-2412,2024-01-11
t-04055,u-2412,2024-01-02
t-04056,u-2412,2024-02-21
t-04057,u-2413,2024-01-14
t-04058,u-2414,2024-01-09
t-04059,u-2415,2024-02-22
t-04060,u-2416,2023-12-14
t-04061,u-2418,2024-01-05
t-04062,u-2418,2024-03-02
t-04063,u-2419,2024-02-28
t-04064,u-2419,2023-12-08
t-04065,u-2420,2024-01-30
t-04066,u-2420,2024-02-16
t-04067,u-2422,2024-01-05
t-04068,u-2422,2023-12-08
t-04069,u-2423,2024-02-29
t-04070,u-2423,2024-02-03
t-04071,u-2424,2024-01-11
t-04072,u-2424,2024-01-04
t-04073,u-2424,2023-12-14
t-04074,u-2426,2024-01-11
t-04075,u-2426,2024-02-09
t-04076,u-2427,2024-01-15
t-04077,u-2430,2023-12-23
t-04078,u-2430,2024-02-20
t-04079,u-2431,2024-02-03
t-04080,u-2431,2024-01-17
t-04081,u-2431,2024-02-06
t-04082,u-2433,2024-02-09
t-04083,u-2433,2023-12-28
t-04084,u-2434,2024-02-25
t-04085,u-2436,2023-12-16
t-04086,u-2436,2024-01-05
t-04087,u-2437,2023-12-29
t-04088,u-2438,2024-02-16
t-04089,u-2440,2024-01-24
t-04090,u-2441,2024-02-28
t-04091,u-2441,2024-02-18
t-04092,u-2441,2024-01-25
t-04093,u-2442,2024-01-10
t-04094,u-2442,2023-12-21
t-04095,u-2442,2023-12-27
t-04096,u-2442,2024-01-27
t-04097,u-2442,2023-12-12
t-04098,u-2443,2023-12-11
t-04099,u-2444,2024-01-12
t-04100,u-2444,2023-12-29
t-04101,u-2444,2024-02-20
t-04102,u-2444,2024-02-24
t-04103,u-2446,2023-12-25
t-04104,u-2447,2024-03-02
t-04105,u-2447,2024-02-24
t-04106,u-2448,2024-02-26
t-04107,u-2448,2024-01-12
t-04108,u-2448,2023-12-10
t-04109,u-2448,2024-02-06
t-04110,u-2448,2023-12-17
t-04111,u-2448,2024-02-10
t-04112,u-2448,2024-01-10
t-04113,u-2449,2024-02-21
t-04114,u-2449,2023-12-13
t-04115,u-2449,2024-02-13
t-04116,u-2450,2024-01-08
t-04117,u-2450,2023-12-22
t-04118,u-2452,2024-01-17
t-04119,u-2454,2023-12-21
t-04120,u-2454,2024-02-20
t-04121,u-2454,2023-12-09
t-04122,u-2455,2024-01-14
t-04123,u-2455,2023-12-16
t-04124,u-2456,2024-01-18
t-04125,u-2456,2024-02-23
t-04126,u-2456,2023-12-23
t-04127,u-2456,2024-01-23
t-04128,u-2456,2024-01-11
t-04129,u-2459,2024-01-04
t-04130,u-2460,2024-02-11
t-04131,u-2461,2023-12-14
t-04132,u-2461,2023-12-09
t-04133,u-2462,2023-12-05
t-04134,u-2462,2024-01-16
t-04135,u-2463,2023-12-07
t-04136,u-2463,2024-01-29
t-04137,u-2463,2023-12-08
t-04138,u-2465,2024-02-05
t-04139,u-2465,2024-01-12
t-04140,u-2465,2023-12-10
t-04141,u-2465,2024-02-14
t-04142,u-2466,2024-01-08
t-04143,u-2466,2024-01-15
t-04144,u-2466,2023-12-10
t-04145,u-2467,2024-01-12
t-04146,u-2467,2024-02-12
t-04147,u-2467,2023-12-04
t-04148,u-2468,2024-03-01
t-04149,u-2468,2023-12-20
t-04150,u-2468,2024-02-20
t-04151,u-2469,2024-01-31
t-04152,u-2470,2023-12-22
t-04153,u-2470,2023-12-09
t-04154,u-2470,2024-02-11
t-04155,u-2472,2024-01-09
t-04156,u-2472,2023-12-18
t-04157,u-2472,2024-02-04
t-04158,u-2472,2023-12-22
t-04159,u-2473,2024-01-24
t-04160,u-2474,2024-02-27
t-04161,u-2475,2023-12-18
t-04162,u-2476,2024-02-29
t-04163,u-2476,2024-02-05
t-04164,u-2478,2023-12-19
t-04165,u-2479,2024-03-02
t-04166,u-2480,2024-01-04
t-04167,u-2480,2023-12-05
t-04168,u-2481,2024-01-03
t-04169,u-2482,2023-12-11
t-04170,u-2483,2024-02-17
t-04171,u-2484,2023-12-18
t-04172,u-2484,2024-02-11
t-04173,u-2484,2024-01-28
t-04174,u-2484,2023-12-17
t-04175,u-2485,2024-01-01
t-04176,u-2487,2024-01-24
t-04177,u-2487,2023-12-24
t-04178,u-2487,2024-01-10
t-04179,u-2488,2024-01-26
t-04180,u-2488,2024-01-17
t-04181,u-2488,2024-01-05
t-04182,u-2488,2024-01-02
t-04183,u-2488,2024-01-16
t-04184,u-2489,2024-01-24
t-04185,u-2490,2024-02-06
t-04186,u-2491,2023-12-19
t-04187,u-2491,2023-12-20
t-04188,u-2491,2024-02-02
t-04189,u-2492,2023-12-25
t-04190,u-2493,2024-01-18
t-04191,u-2493,2024-03-02
t-04192,u-2493,2024-01-24
t-04193,u-2494,2024-01-13
t-04194,u-2494,2024-02-20
t-04195,u-2494,2024-01-10
t-04196,u-2494,2024-02-03
t-04197,u-2494,2024-03-02
t-04198,u-2494,2024-01-05
t-04199,u-2494,2024-01-01
t-04200,u-2496,2024-02-06
t-04201,u-2497,2024-02-05
t-04202,u-2497,2024-02-23
t-04203,u-2498,2024-02-10
t-04204,u-2498,2023-12-09
t-04205,u-2498,2023-12-14
t-04206,u-2498,2024-02-09
t-04207,u-2499,2024-01-14
t-04208,u-2500,2024-01-21
t-04209,u-2500,2023-12-21
t-04210,u-2501,2024-02-12
t-04211,u-2504,2024-01-28
t-04212,u-2505,2024-02-12
t-04213,u-2505,2024-01-06
t-04214,u-2505,2024-01-05
t-04215,u-2506,2024-01-26
t-04216,u-2507,2024-01-27
t-04217,u-2507,2023-12-21
t-04218,u-2507,2024-02-19
t-04219,u-2507,2024-02-08
t-04220,u-2507,2024-02-24
t-04221,u-2507,2024-01-17
t-04222,u-2508,2024-02-22
t-04223,u-2508,2023-12-25
t-04224,u-2510,2024-01-22
t-04225,u-2510,2024-01-21
t-04226,u-2510,2023-12-27
t-04227,u-2511,2024-01-19
t-04228,u-2512,2024-02-22
t-04229,u-2512,2023-12-16
t-04230,u-2512,2024-01-19
t-04231,u-2513,2024-02-28
t-04232,u-2513,2024-01-15
t-04233,u-2513,2024-01-26
t-04234,u-2513,2024-01-03
t-04235,u-2513,2023-12-31
t-04236,u-2514,2024-02-21
t-04237,u-2514,2024-02-14
t-04238,u-2515,2023-12-14
t-04239,u-2516,2024-02-10
t-04240,u-2516,2024-02-28
t-04241,u-2516,2024-01-13
t-04242,u-2516,2024-01-13
t-04243,u-2518,2024-02-26
t-04244,u-2518,2024-01-23
t-04245,u-2521,2023-12-07
t-04246,u-2522,2024-02-09
t-04247,u-2522,2024-03-02
t-04248,u-2522,2024-01-01
t-04249,u-2523,2024-01-06
t-04250,u-2524,2024-02-04
t-04251,u-2524,2024-01-29
t-04252,u-2525,2024-01-24
t-04253,u-2525,2024-01-20
t-04254,u-2525,2024-02-08
t-04255,u-2526,2023-12-04
t-04256,u-2527,2024-01-14
t-04257,u-2528,2024-01-22
t-04258,u-2528,2024-02-12
t-04259,u-2528,2023-12-05
t-04260,u-2531,2024-02-24
t-04261,u-2531,2024-02-09
t-04262,u-2531,2024-01-08
t-04263,u-2534,2023-12-05
t-04264,u-2535,2023-12-20
t-04265,u-2536,2023-12-13
t-04266,u-2537,2024-01-22
t-04267,u-2538,2024-01-30
t-04268,u-2538,2024-01-24
t-04269,u-2539,2024-01-09
t-04270,u-2539,2024-02-14
t-04271,u-2539,2023-12-27
t-04272,u-2539,2023-12-17
t-04273,u-2540,2024-02-29
t-04274,u-2540,2023-12-12
t-04275,u-2544,2023-12-24
t-04276,u-2545,2024-02-18
t-04277,u-2545,2023-12-31
t-04278,u-2546,2024-01-31
t-04279,u-2546,2024-01-20
t-04280,u-2547,2024-01-10
t-04281,u-2547,2023-12-23
t-04282,u-2548,2024-01-07
t-04283,u-2548,2024-02-27
t-04284,u-2549,2024-02-23
t-04285,u-2550,2024-02-28
t-04286,u-2551,2024-02-23
t-04287,u-2551,2024-02-24
t-04288,u-2552,2024-01-24
t-04289,u-2553,2024-02-17
t-04290,u-2553,2023-12-18
t-04291,u-2553,2024-02-03
t-04292,u-2554,2023-12-05
t-04293,u-2554,2023-12-14
t-04294,u-2554,2024-03-01
t-04295,u-2554,2023-12-13
t-04296,u-2556,2024-01-09
t-04297,u-2556,2023-12-07
t-04298,u-2556,2023-12-21
t-04299,u-2557,2024-02-08
t-04300,u-2558,2024-01-02
t-04301,u-2558,2024-01-19
t-04302,u-2559,2024-01-27
t-04303,u-2559,2024-01-26
t-04304,u-2559,2023-12-25
t-04305,u-2561,2023-12-21
t-04306,u-2561,2024-02-25
t-04307,u-2563,2024-02-07
t-04308,u-2563,2023-12-23
t-04309,u-2565,2024-01-20
t-04310,u-2566,2024-01-05
t-04311,u-2567,2024-02-09
t-04312,u-2568,2024-02-16
t-04313,u-2569,2024-01-01
t-04314,u-2569,2024-01-10
t-04315,u-2572,2024-01-23
t-04316,u-2572,2024-02-14
t-04317,u-2572,2024-01-21
t-04318,u-2572,2023-12-18
t-04319,u-2573,2024-01-15
t-04320,u-2573,2024-01-08
t-04321,u-2574,2023-12-22
t-04322,u-2576,2024-03-01
t-04323,u-2577,2024-02-29
t-04324,u-2578,2023-12-14
t-04325,u-2578,2024-02-11
t-04326,u-2578,2023-12-12
t-04327,u-2579,2024-02-18
t-04328,u-2581,2023-12-18
t-04329,u-2581,2024-01-04
t-04330,u-2581,2024-02-07
t-04331,u-2582,2023-12-13
t-04332,u-2584,2024-02-27
t-04333,u-2584,2024-01-06
t-04334,u-2585,2023-12-22
t-04335,u-2586,2023-12-22
t-04336,u-2589,2024-01-13
t-04337,u-2589,2024-01-09
t-04338,u-2589,2024-02-10
t-04339,u-2589,2024-01-12
t-04340,u-2590,2024-02-06
t-04341,u-2590,2023-12-15
t-04342,u-2591,2024-02-13
t-04343,u-2592,2023-12-08
t-04344,u-2593,2024-02-02
t-04345,u-2594,2024-02-26
t-04346,u-2594,2024-01-19
t-04347,u-2594,2024-01-30
t-04348,u-2596,2024-01-18
t-04349,u-2596,2023-12-18
t-04350,u-2596,2024-02-07
t-04351,u-2596,2024-02-24
t-04352,u-2596,2024-01-30
t-04353,u-2596,2023-12-12
t-04354,u-2599,2024-02-06
t-04355,u-2599,2024-01-28
t-04356,u-2600,2024-02-03
t-04357,u-2600,2023-12-20
t-04358,u-2600,2023-12-15
t-04359,u-2601,2024-02-06
t-04360,u-2601,2024-01-08
t-04361,u-2603,2024-01-10
t-04362,u-2603,2023-12-15
t-04363,u-2604,2023-12-05
t-04364,u-2604,2024-02-14
t-04365,u-2604,2024-02-19
t-04366,u-2605,2024-02-14
t-04367,u-2605,2023-12-19
t-04368,u-2606,2024-01-13
t-04369,u-2606,2023-12-24
t-04370,u-2606,2024-01-29
t-04371,u-2607,2023-12-30
t-04372,u-2607,2023-12-18
t-04373,u-2607,2024-02-25
t-04374,u-2608,2024-02-14
t-04375,u-2609,2024-02-05
t-04376,u-2610,2024-02-27
t-04377,u-2610,2024-01-19
t-04378,u-2611,2024-01-25
t-04379,u-2611,2023-12-25
t-04380,u-2611,2023-12-05
t-04381,u-2611,2024-01-02
t-04382,u-2612,2024-02-18
t-04383,u-2613,2024-03-01
t-04384,u-2613,2023-12-13
t-04385,u-2614,2024-01-14
t-04386,u-2614,2023-12-21
t-04387,u-2615,2024-01-17
t-04388,u-2615,2024-01-04
t-04389,u-2615,2024-01-24
t-04390,u-2616,2023-12-14
t-04391,u-2616,2023-12-25
t-04392,u-2616,2023-12-20
t-04393,u-2616,2024-02-04
t-04394,u-2617,2024-02-03
t-04395,u-2617,2023-12-25
t-04396,u-2620,2024-02-09
t-04397,u-2621,2024-01-11
t-04398,u-2625,2024-02-10
t-04399,u-2626,2023-12-05
t-04400,u-2627,2023-12-06
t-04401,u-2628,2024-02-11
t-04402,u-2628,2024-01-30
t-04403,u-2628,2024-01-13
t-04404,u-2628,2024-01-11
t-04405,u-2629,2024-02-09
t-04406,u-2629,2023-12-07
t-04407,u-2629,2024-02-02
t-04408,u-2629,2024-01-06
t-04409,u-2629,2024-01-23
t-04410,u-2630,2024-02-13
t-04411,u-2630,2023-12-14
t-04412,u-2630,2024-01-30
t-04413,u-2630,2024-03-01
t-04414,u-2630,2023-12-31
t-04415,u-2630,2023-12-10
t-04416,u-2630,2024-01-23
t-04417,u-2631,2023-12-19
t-04418,u-2632,2024-01-07
t-04419,u-2632,2024-01-11
t-04420,u-2632,2024-01-02
t-04421,u-2632,2023-12-19
t-04422,u-2633,2024-02-10
t-04423,u-2633,2024-01-19
t-04424,u-2634,2023-12-27
t-04425,u-2635,2024-01-25
t-04426,u-2636,2024-03-02
t-04427,u-2638,2023-12-18
t-04428,u-2638,2024-01-31
t-04429,u-2638,2024-02-07
t-04430,u-2638,2023-12-24
t-04431,u-2638,2024-01-19
t-04432,u-2639,2024-02-07
t-04433,u-2639,2024-01-01
t-04434,u-2639,2023-12-09
t-04435,u-2639,2024-01-23
t-04436,u-2639,2023-12-28
t-04437,u-2639,2024-01-10
t-04438,u-2640,2024-02-09
t-04439,u-2640,2024-02-17
t-04440,u-2641,2024-01-01
t-04441,u-2642,2024-01-27
t-04442,u-2642,2023-12-26
t-04443,u-2642,2024-01-24
t-04444,u-2642,2024-01-25
t-04445,u-2642,2023-12-18
t-04446,u-2643,2023-12-23
t-04447,u-2644,2023-12-27
t-04448,u-2644,2023-12-10
t-04449,u-2646,2023-12-13
t-04450,u-2646,2024-01-15
t-04451,u-2646,2024-02-08
t-04452,u-2648,2023-12-07
t-04453,u-2649,2023-12-04
t-04454,u-2650,2023-12-24
t-04455,u-2651,2024-01-05
t-04456,u-2651,2024-02-05
t-04457,u-2651,2023-12-10
t-04458,u-2651,2024-02-21
t-04459,u-2655,2024-02-21
t-04460,u-2656,2024-01-23
t-04461,u-2656,2024-01-11
t-04462,u-2656,2024-01-17
t-04463,u-2657,2024-02-23
t-04464,u-2658,2024-01-31
t-04465,u-2660,2024-02-09
t-04466,u-2660,2024-01-22
t-04467,u-2660,2024-02-14
t-04468,u-2661,2024-02-28
t-04469,u-2664,2023-12-18
t-04470,u-2664,2024-01-20
t-04471,u-2664,2024-02-28
t-04472,u-2665,2023-12-28
t-04473,u-2666,2024-01-05
t-04474,u-2666,2024-01-27
t-04475,u-2667,2024-02-21
t-04476,u-2667,2024-01-31
t-04477,u-2667,2024-01-11
t-04478,u-2668,2023-12-09
t-04479,u-2670,2024-01-02
t-04480,u-2673,2024-01-04
t-04481,u-2673,2024-01-28
t-04482,u-2673,2024-02-14
t-04483,u-2673,2024-01-27
t-04484,u-2674,2024-02-04
t-04485,u-2674,2024-02-26
t-04486,u-2677,2024-02-25
t-04487,u-2677,2024-02-21
t-04488,u-2677,2024-01-27
t-04489,u-2678,2024-02-03
t-04490,u-2678,2024-01-07
t-04491,u-2678,2023-12-12
t-04492,u-2680,2023-12-26
t-04493,u-2680,2024-02-18
t-04494,u-2680,2024-02-24
t-04495,u-2680,2024-02-03
t-04496,u-2683,2023-12-25
t-04497,u-2683,2024-02-17
t-04498,u-2684,2024-02-26
t-04499,u-2684,2024-02-28
t-04500,u-2685,2024-02-29
t-04501,u-2685,2023-12-22
t-04502,u-2685,2024-01-06
t-04503,u-2685,2023-12-26
t-04504,u-2685,2024-01-24
t-04505,u-2685,2024-01-29
t-04506,u-2685,2024-02-10
t-04507,u-2685,2024-02-05
t-04508,u-2686,2023-12-04
t-04509,u-2687,2024-01-08
t-04510,u-2687,2024-01-10
t-04511,u-2688,2023-12-08
t-04512,u-2689,2024-02-03
t-04513,u-2689,2024-02-12
t-04514,u-2690,2024-02-27
t-04515,u-2692,2024-01-06
t-04516,u-2692,2023-12-04
t-04517,u-2692,2024-02-29
t-04518,u-2692,2024-01-20
t-04519,u-2693,2023-12-30
t-04520,u-2693,2024-01-01
t-04521,u-2693,2024-01-11
t-04522,u-2693,2023-12-28
t-04523,u-2693,2023-12-08
t-04524,u-2693,2024-02-15
t-04525,u-2693,2023-12-17
t-04526,u-2694,2024-01-22
t-04527,u-2694,2024-02-07
t-04528,u-2695,2023-12-15
t-04529,u-2695,2024-01-06
t-04530,u-2695,2024-01-04
t-04531,u-2695,2023-12-11
t-04532,u-2696,2024-01-09
t-04533,u-2697,2023-12-28
t-04534,u-2697,2024-02-26
t-04535,u-2697,2023-12-06
t-04536,u-2698,2023-12-21
t-04537,u-2698,2024-02-02
t-04538,u-2699,2023-12-07
t-04539,u-2699,2024-01-02
t-04540,u-2699,2023-12-30
t-04541,u-2700,2024-02-18
t-04542,u-2700,2024-02-01
t-04543,u-2700,2024-01-15
t-04544,u-2700,2023-12-14
t-04545,u-2702,2024-01-11
t-04546,u-2703,2024-03-02
t-04547,u-2704,2023-12-29
t-04548,u-2706,2024-01-21
t-04549,u-2706,2023-12-08
t-04550,u-2706,2024-02-12
t-04551,u-2706,2024-02-16
t-04552,u-2709,2024-01-02
t-04553,u-2709,2023-12-28
t-04554,u-2710,2024-01-29
t-04555,u-2710,2024-02-28
t-04556,u-2710,2023-12-24
t-04557,u-2710,2024-01-01
t-04558,u-2710,2024-03-01
t-04559,u-2711,2023-12-23
t-04560,u-2711,2023-12-07
t-04561,u-2711,2023-12-30
t-04562,u-2713,2024-02-26
t-04563,u-2713,2024-02-22
t-04564,u-2715,2024-02-09
t-04565,u-2715,2023-12-17
t-04566,u-2715,2024-03-02
t-04567,u-2715,2024-02-17
t-04568,u-2715,2024-01-24
t-04569,u-2716,2023-12-13
t-04570,u-2716,2023-12-27
t-04571,u-2716,2023-12-24
t-04572,u-2716,2024-02-26
t-04573,u-2716,2024-02-08
t-04574,u-2716,2024-01-08
t-04575,u-2716,2023-12-19
t-04576,u-2717,2024-02-07
t-04577,u-2717,2024-02-13
t-04578,u-2717,2024-02-22
t-04579,u-2718,2023-12-12
t-04580,u-2718,2024-02-16
t-04581,u-2718,2024-01-28
t-04582,u-2718,2024-01-09
t-04583,u-2719,2023-12-26
t-04584,u-2720,2024-01-21
t-04585,u-2721,2023-12-30
t-04586,u-2721,2024-02-12
t-04587,u-2721,2023-12-29
t-04588,u-2721,2023-12-24
t-04589,u-2722,2023-12-22
t-04590,u-2723,2024-02-06
t-04591,u-2723,2024-01-13
t-04592,u-2723,2023-12-05
t-04593,u-2724,2024-02-17
t-04594,u-2724,2023-12-21
t-04595,u-2724,2024-01-12
t-04596,u-2724,2024-01-08
t-04597,u-2725,2023-12-18
t-04598,u-2726,2024-01-29
t-04599,u-2727,2024-01-01
t-04600,u-2727,2024-02-19
t-04601,u-2727,2024-02-05
t-04602,u-2728,2023-12-28
t-04603,u-2728,2023-12-05
t-04604,u-2729,2024-02-05
t-04605,u-2732,2024-01-30
t-04606,u-2732,2023-12-11
t-04607,u-2732,2024-02-06
t-04608,u-2733,2023-12-21
t-04609,u-2733,2023-12-11
t-04610,u-2733,2024-02-23
t-04611,u-2734,2024-01-10
t-04612,u-2735,2023-12-19
t-04613,u-2737,2023-12-12
t-04614,u-2738,2024-01-14
t-04615,u-2738,2024-02-27
t-04616,u-2738,2023-12-13
t-04617,u-2739,2023-12-06
t-04618,u-2739,2024-02-13
t-04619,u-2739,2023-12-29
t-04620,u-2741,2024-01-05
t-04621,u-2741,2024-02-16
t-04622,u-2741,2023-12-25
t-04623,u-2741,2024-02-23
t-04624,u-2743,2024-02-06
t-04625,u-2744,2023-12-04
t-04626,u-2745,2024-03-02
t-04627,u-2745,2023-12-13
t-04628,u-2745,2024-01-27
t-04629,u-2747,2023-12-30
t-04630,u-2747,2024-01-23
t-04631,u-2749,2024-01-30
t-04632,u-2749,2024-02-05
t-04633,u-2749,2024-01-23
t-04634,u-2749,2023-12-31
t-04635,u-2750,2023-12-29
t-04636,u-2750,2023-12-07
t-04637,u-2750,2024-02-29
t-04638,u-2751,2023-12-12
t-04639,u-2754,2024-02-04
t-04640,u-2755,2024-02-24
t-04641,u-2755,2024-01-01
t-04642,u-2757,2024-01-22
t-04643,u-2757,2024-02-27
t-04644,u-2757,2024-01-02
t-04645,u-2759,2023-12-18
t-04646,u-2759,2024-01-21
t-04647,u-2760,2024-02-07
t-04648,u-2760,2024-01-02
t-04649,u-2762,2024-01-23
t-04650,u-2763,2023-12-13
t-04651,u-2763,2024-01-26
t-04652,u-2765,2024-02-25
t-04653,u-2766,2024-02-11
t-04654,u-2766,2024-02-17
t-04655,u-2767,2023-12-12
t-04656,u-2768,2024-01-21
t-04657,u-2768,2024-01-05
t-04658,u-2768,2024-02-15
t-04659,u-2769,2024-01-06
t-04660,u-2769,2023-12-17
t-04661,u-2769,2024-02-27
t-04662,u-2770,2024-01-11
t-04663,u-2772,2023-12-08
t-04664,u-2772,2023-12-05
t-04665,u-2772,2024-01-24
t-04666,u-2774,2023-12-15
t-04667,u-2774,2023-12-23
t-04668,u-2775,2024-01-14
t-04669,u-2776,2024-02-19
t-04670,u-2780,2023-12-14
t-04671,u-2784,2023-12-23
t-04672,u-2784,2024-02-26
t-04673,u-2785,2024-01-22
t-04674,u-2785,2023-12-14
t-04675,u-2785,2023-12-29
t-04676,u-2786,2024-02-16
t-04677,u-2786,2024-01-22
t-04678,u-2787,2023-12-04
t-04679,u-2787,2023-12-16
t-04680,u-2787,2023-12-20
t-04681,u-2787,2024-02-11
t-04682,u-2788,2023-12-22
t-04683,u-2788,2024-02-26
t-04684,u-2789,2024-02-02
t-04685,u-2789,2023-12-29
t-04686,u-2789,2024-01-18
t-04687,u-2789,2023-12-06
t-04688,u-2789,2023-12-26
t-04689,u-2789,2023-12-07
t-04690,u-2790,2024-01-04
t-04691,u-2790,2024-01-23
t-04692,u-2792,2024-01-09
t-04693,u-2792,2024-01-06
t-04694,u-2792,2023-12-08
t-04695,u-2797,2024-02-01
t-04696,u-2798,2023-12-11
t-04697,u-2798,2024-02-14
t-04698,u-2798,2024-01-08
t-04699,u-2800,2023-12-14
t-04700,u-2800,2024-01-21
t-04701,u-2800,2024-02-18
t-04702,u-2801,2024-01-02
t-04703,u-2801,2024-01-07
t-04704,u-2801,2024-01-17
t-04705,u-2801,2023-12-16
t-04706,u-2802,2024-01-28
t-04707,u-2802,2024-01-14
t-04708,u-2803,2023-12-14
t-04709,u-2803,2023-12-10
t-04710,u-2803,2024-01-25
t-04711,u-2803,2023-12-27
t-04712,u-2804,2023-12-30
t-04713,u-2804,2024-01-14
t-04714,u-2805,2023-12-11
t-04715,u-2805,2023-12-14
t-04716,u-2806,2023-12-27
t-04717,u-2806,2024-02-20
t-04718,u-2806,2024-01-11
t-04719,u-2808,2023-12-06
t-04720,u-2808,2023-12-13
t-04721,u-2808,2024-02-21
t-04722,u-2809,2023-12-30
t-04723,u-2809,2024-01-20
t-04724,u-2809,2023-12-29
t-04725,u-2809,2024-02-10
t-04726,u-2809,2024-02-27
t-04727,u-2809,2024-02-24
t-04728,u-2811,2024-02-11
t-04729,u-2811,2024-02-20
t-04730,u-2812,2023-12-15
t-04731,u-2812,2024-02-27
t-04732,u-2815,2024-01-13
t-04733,u-2815,2024-01-10
t-04734,u-2815,2024-02-24
t-04735,u-2816,2024-01-24
t-04736,u-2816,2023-12-30
t-04737,u-2816,2024-02-20
t-04738,u-2817,2024-02-02
t-04739,u-2818,2023-12-31
t-04740,u-2818,2024-01-10
t-04741,u-2818,2024-01-14
t-04742,u-2818,2024-02-21
t-04743,u-2819,2023-12-07
t-04744,u-2819,2024-01-05
t-04745,u-2819,2024-02-13
t-04746,u-2820,2024-02-07
t-04747,u-2820,2024-02-06
t-04748,u-2822,2024-01-29
t-04749,u-2824,2024-01-03
t-04750,u-2825,2024-01-04
t-04751,u-2827,2024-02-14
t-04752,u-2827,2024-02-09
t-04753,u-2828,2024-01-31
t-04754,u-2828,2024-02-03
t-04755,u-2828,2024-01-15
t-04756,u-2828,2023-12-19
t-04757,u-2830,2024-01-11
t-04758,u-2830,2024-02-10
t-04759,u-2830,2024-02-18
t-04760,u-2830,2024-01-29
t-04761,u-2830,2024-01-11
t-04762,u-2831,2023-12-28
t-04763,u-2832,2023-12-12
t-04764,u-2832,2023-12-27
t-04765,u-2832,2024-01-31
t-04766,u-2833,2023-12-04
t-04767,u-2833,2023-12-21
t-04768,u-2833,2023-12-26
t-04769,u-2833,2024-02-24
t-04770,u-2833,2024-01-05
t-04771,u-2833,2024-01-15
t-04772,u-2834,2024-02-19
t-04773,u-2834,2024-01-28
t-04774,u-2835,2024-01-20
t-04775,u-2836,2023-12-21
t-04776,u-2843,2024-02-18
t-04777,u-2843,2024-03-01
t-04778,u-2843,2024-02-11
t-04779,u-2843,2023-12-06
t-04780,u-2846,2023-12-14
t-04781,u-2846,2023-12-09
t-04782,u-2848,2024-02-11
t-04783,u-2848,2024-01-18
t-04784,u-2848,2024-02-11
t-04785,u-2849,2024-01-29
t-04786,u-2849,2024-01-21
t-04787,u-2849,2024-02-21
t-04788,u-2849,2024-01-23
t-04789,u-2850,2024-02-03
t-04790,u-2850,2023-12-14
t-04791,u-2850,2023-12-13
t-04792,u-2850,2023-12-14
t-04793,u-2851,2023-12-13
t-04794,u-2852,2024-02-17
t-04795,u-2852,2023-12-11
t-04796,u-2852,2023-12-31
t-04797,u-2852,2024-01-25
t-04798,u-2852,2023-12-15
t-04799,u-2852,2023-12-25
t-04800,u-2852,2024-02-18
t-04801,u-2853,2024-01-31
t-04802,u-2853,2024-02-08
t-04803,u-2853,2024-02-29
t-04804,u-2854,2023-12-06
t-04805,u-2854,2023-12-16
t-04806,u-2854,2024-02-28
t-04807,u-2855,2024-01-29
t-04808,u-2855,2024-01-18
t-04809,u-2855,2024-02-20
t-04810,u-2855,2023-12-30
t-04811,u-2855,2023-12-29
t-04812,u-2855,2024-01-01
t-04813,u-2855,2024-01-10
t-04814,u-2856,2024-02-05
t-04815,u-2856,2023-12-08
t-04816,u-2856,2023-12-07
t-04817,u-2857,2024-02-04
t-04818,u-2858,2024-01-28
t-04819,u-2858,2024-02-16
t-04820,u-2858,2024-02-04
t-04821,u-2859,2024-02-23
t-04822,u-2859,2024-01-17
t-04823,u-2860,2024-02-04
t-04824,u-2861,2023-12-23
t-04825,u-2861,2024-02-17
t-04826,u-2862,2024-02-26
t-04827,u-2862,2024-02-10
t-04828,u-2863,2024-02-05
t-04829,u-2863,2024-02-14
t-04830,u-2863,2024-01-17
t-04831,u-2863,2024-01-08
t-04832,u-2864,2023-12-08
t-04833,u-2866,2024-01-07
t-04834,u-2866,2024-01-03
t-04835,u-2866,2023-12-09
t-04836,u-2867,2024-02-25
t-04837,u-2867,2024-01-12
t-04838,u-2867,2024-01-15
t-04839,u-2867,2024-02-15
t-04840,u-2868,2023-12-17
t-04841,u-2868,2024-02-13
t-04842,u-2868,2024-01-23
t-04843,u-2868,2024-02-12
t-04844,u-2868,2023-12-10
t-04845,u-2869,2023-12-10
t-04846,u-2869,2023-12-05
t-04847,u-2869,2023-12-27
t-04848,u-2870,2023-12-18
t-04849,u-2871,2024-03-01
t-04850,u-2871,2024-01-30
t-04851,u-2871,2024-02-23
t-04852,u-2871,2023-12-22
t-04853,u-2873,2024-01-04
t-04854,u-2874,2024-01-03
t-04855,u-2874,2023-12-08
t-04856,u-2875,2023-12-24
t-04857,u-2875,2024-01-13
t-04858,u-2876,2023-12-31
t-04859,u-2877,2024-02-02
t-04860,u-2879,2024-01-31
t-04861,u-2880,2023-12-15
t-04862,u-2881,2024-01-17
t-04863,u-2881,2023-12-28
t-04864,u-2881,2023-12-16
t-04865,u-2881,2024-02-01
t-04866,u-2881,2023-12-24
t-04867,u-2882,2024-02-14
t-04868,u-2884,2024-02-12
t-04869,u-2884,2024-01-17
t-04870,u-2884,2024-01-14
t-04871,u-2884,2024-02-02
t-04872,u-2886,2024-01-08
t-04873,u-2886,2024-02-15
t-04874,u-2888,2024-01-04
t-04875,u-2888,2024-02-14
t-04876,u-2888,2023-12-28
t-04877,u-2889,2024-01-04
t-04878,u-2889,2024-02-27
t-04879,u-2889,2023-12-29
t-04880,u-2891,2023-12-16
t-04881,u-2891,2023-12-26
t-04882,u-2893,2024-01-19
t-04883,u-2893,2023-12-26
t-04884,u-2893,2024-02-13
t-04885,u-2893,2023-12-22
t-04886,u-2894,2024-01-04
t-04887,u-2895,2024-01-15
t-04888,u-2896,2024-02-22
t-04889,u-2896,2024-02-03
t-04890,u-2897,2023-12-05
t-04891,u-2898,2023-12-17
t-04892,u-2899,2023-12-24
t-04893,u-2899,2023-12-12
t-04894,u-2899,2024-01-04
t-04895,u-2899,2024-01-26
t-04896,u-2899,2023-12-16
t-04897,u-2901,2023-12-14
t-04898,u-2903,2023-12-11
t-04899,u-2904,2023-12-08
t-04900,u-2904,2024-02-08
t-04901,u-2904,2024-02-13
t-04902,u-2905,2024-02-09
t-04903,u-2905,2023-12-27
t-04904,u-2905,2024-02-22
t-04905,u-2905,2024-01-26
t-04906,u-2906,2024-01-06
t-04907,u-2906,2024-01-25
t-04908,u-2907,2024-02-22
t-04909,u-2908,2024-02-12
t-04910,u-2909,2023-12-16
t-04911,u-2909,2024-02-01
t-04912,u-2909,2024-01-16
t-04913,u-2909,2024-01-21
t-04914,u-2910,2023-12-21
t-04915,u-2910,2024-01-08
t-04916,u-2911,2024-01-30
t-04917,u-2911,2024-02-21
t-04918,u-2911,2024-01-01
t-04919,u-2911,2024-01-27
t-04920,u-2912,2024-01-11
t-04921,u-2912,2024-01-12
t-04922,u-2913,2023-12-08
t-04923,u-2913,2024-02-04
t-04924,u-2914,2023-12-17
t-04925,u-2917,2023-12-13
t-04926,u-2917,2024-01-05
t-04927,u-2917,2023-12-10
t-04928,u-2918,2024-01-11
t-04929,u-2918,2024-02-16
t-04930,u-2919,2023-12-28
t-04931,u-2919,2024-01-10
t-04932,u-2919,2024-01-02
t-04933,u-2919,2024-02-02
t-04934,u-2919,2024-02-13
t-04935,u-2921,2024-01-10
t-04936,u-2922,2023-12-17
t-04937,u-2924,2024-01-13
t-04938,u-2925,2023-12-21
t-04939,u-2925,2023-12-16
t-04940,u-2926,2024-02-11
t-04941,u-2927,2024-01-01
t-04942,u-2927,2024-02-06
t-04943,u-2927,2023-12-25
t-04944,u-2928,2024-02-24
t-04945,u-2928,2023-12-11
t-04946,u-2928,2023-12-09
t-04947,u-2929,2024-01-06
t-04948,u-2929,2024-02-04
t-04949,u-2929,2024-01-04
t-04950,u-2932,2024-03-02
t-04951,u-2933,2024-01-04
t-04952,u-2933,2024-01-04
t-04953,u-2933,2024-02-17
t-04954,u-2933,2023-12-26
t-04955,u-2933,2024-01-11
t-04956,u-2934,2024-01-27
t-04957,u-2935,2024-01-16
t-04958,u-2935,2024-02-25
t-04959,u-2935,2024-02-10
t-04960,u-2936,2024-02-05
t-04961,u-2936,2024-02-26
t-04962,u-2936,2024-01-14
t-04963,u-2936,2024-02-03
t-04964,u-2937,2024-01-31
t-04965,u-2937,2023-12-15
t-04966,u-2937,2024-02-02
t-04967,u-2937,2024-02-19
t-04968,u-2938,2023-12-28
t-04969,u-2939,2024-02-24
t-04970,u-2939,2023-12-20
t-04971,u-2939,2024-01-10
t-04972,u-2941,2024-02-29
t-04973,u-2941,2023-12-22
t-04974,u-2942,2024-02-09
t-04975,u-2943,2024-01-16
t-04976,u-2943,2024-02-28
t-04977,u-2943,2024-01-23
t-04978,u-2943,2024-01-12
t-04979,u-2944,2023-12-30
t-04980,u-2945,2024-03-01
t-04981,u-2946,2024-01-07
t-04982,u-2946,2024-01-03
t-04983,u-2946,2024-01-08
t-04984,u-2947,2024-02-15
t-04985,u-2948,2023-12-20
t-04986,u-2948,2024-03-01
t-04987,u-2948,2023-12-06
t-04988,u-2949,2024-02-07
t-04989,u-2951,2024-03-02
t-04990,u-2951,2024-01-09
t-04991,u-2952,2024-02-16
t-04992,u-2953,2024-01-22
t-04993,u-2953,2024-02-27
t-04994,u-2953,2024-02-02
t-04995,u-2955,2024-01-19
t-04996,u-2956,2024-01-16
t-04997,u-2956,2023-12-16
t-04998,u-2958,2024-01-27
t-04999,u-2958,2023-12-10
t-05000,u-2959,2024-01-28
t-05001,u-2959,2023-12-31
t-05002,u-2959,2024-02-07
t-05003,u-2959,2023-12-16
t-05004,u-2959,2024-01-12
t-05005,u-2960,2023-12-17
t-05006,u-2960,2024-02-04
t-05007,u-2960,2024-02-08
t-05008,u-2961,2024-02-19
t-05009,u-2962,2023-12-30
t-05010,u-2962,2024-01-25
t-05011,u-2962,2024-01-31
t-05012,u-2965,2024-02-03
t-05013,u-2966,2024-01-27
t-05014,u-2966,2024-02-20
t-05015,u-2967,2024-01-30
t-05016,u-2967,2023-12-06
t-05017,u-2967,2023-12-23
t-05018,u-2967,2023-12-11
t-05019,u-2968,2024-01-25
t-05020,u-2969,2024-01-27
t-05021,u-2969,2023-12-24
t-05022,u-2969,2024-01-10
t-05023,u-2969,2023-12-13
t-05024,u-2972,2024-01-17
t-05025,u-2972,2024-02-14
t-05026,u-2972,2024-01-15
t-05027,u-2972,2024-02-26
t-05028,u-2973,2024-02-27
t-05029,u-2974,2023-12-15
t-05030,u-2974,2023-12-18
t-05031,u-2974,2024-01-07
t-05032,u-2975,2023-12-11
t-05033,u-2975,2024-01-12
t-05034,u-2975,2024-02-02
t-05035,u-2975,2024-02-15
t-05036,u-2975,2023-12-23
t-05037,u-2976,2023-12-22
t-05038,u-2977,2024-01-17
t-05039,u-2978,2024-02-29
t-05040,u-2978,2024-02-10
t-05041,u-2979,2024-01-04
t-05042,u-2979,2024-03-02
t-05043,u-2981,2024-01-04
t-05044,u-2981,2024-02-17
t-05045,u-2982,2024-02-02
t-05046,u-2982,2024-02-22
t-05047,u-2982,2023-12-04
t-05048,u-2982,2024-01-30
t-05049,u-2982,2023-12-27
t-05050,u-2983,2024-02-03
t-05051,u-2983,2023-12-14
t-05052,u-2983,2024-02-02
t-05053,u-2984,2023-12-16
t-05054,u-2985,2024-02-21
t-05055,u-2985,2023-12-14
t-05056,u-2986,2024-01-07
t-05057,u-2986,2024-02-29
t-05058,u-2987,2024-02-10
t-05059,u-2988,2024-01-08
t-05060,u-2989,2024-02-04
t-05061,u-2989,2024-01-13
t-05062,u-2990,2024-02-12
t-05063,u-2991,2024-01-22
t-05064,u-2991,2024-01-23
t-05065,u-2993,2024-02-15
t-05066,u-2993,2024-02-14
t-05067,u-2993,2023-12-18
t-05068,u-2994,2023-12-14
t-05069,u-2995,2024-01-23
t-05070,u-2995,2024-01-24
t-05071,u-2998,2023-12-06
t-05072,u-2999,2024-02-02
t-05073,u-2999,2024-02-02
t-05074,u-2999,2023-12-28
t-05075,u-3000,2024-01-12
t-05076,u-3000,2023-12-15
t-05077,u-3000,2024-02-08
t-05078,u-3001,2024-02-10
t-05079,u-3001,2023-12-31
t-05080,u-3001,2024-01-02
t-05081,u-3001,2024-01-27
t-05082,u-3002,2024-02-03
t-05083,u-3003,2024-03-01
t-05084,u-3003,2024-02-10
t-05085,u-3003,2024-02-01
t-05086,u-3003,2024-01-26
t-05087,u-3004,2024-02-25
t-05088,u-3004,2024-02-07
t-05089,u-3004,2023-12-14
t-05090,u-3004,2024-02-13
t-05091,u-3005,2024-02-03
t-05092,u-3005,2024-03-02
t-05093,u-3006,2023-12-20
t-05094,u-3007,2023-12-21
t-05095,u-3007,2024-01-21
t-05096,u-3009,2023-12-06
t-05097,u-3009,2024-03-02
t-05098,u-3009,2024-02-22
t-05099,u-3009,2024-01-25
t-05100,u-3009,2024-01-17
t-05101,u-3010,2023-12-15
t-05102,u-3011,2024-02-23
t-05103,u-3011,2024-01-08
t-05104,u-3011,2024-03-02
t-05105,u-3012,2024-02-06
t-05106,u-3012,2024-02-27
t-05107,u-3012,2023-12-31
t-05108,u-3013,2023-12-11
t-05109,u-3014,2024-01-29
t-05110,u-3014,2024-02-27
t-05111,u-3016,2024-01-18
t-05112,u-3016,2023-12-28
t-05113,u-3017,2024-01-12
t-05114,u-3021,2024-02-24
t-05115,u-3022,2024-02-10
t-05116,u-3024,2024-01-23
t-05117,u-3024,2023-12-20
t-05118,u-3024,2024-02-22
t-05119,u-3025,2023-12-04
t-05120,u-3025,2024-02-28
t-05121,u-3025,2024-02-05
t-05122,u-3026,2024-03-01
t-05123,u-3027,2023-12-13
t-05124,u-3027,2024-01-30
t-05125,u-3027,2023-12-31
t-05126,u-3028,2023-12-17
t-05127,u-3028,2024-02-27
t-05128,u-3029,2024-02-08
t-05129,u-3029,2024-01-02
t-05130,u-3029,2023-12-04
t-05131,u-3031,2024-02-03
t-05132,u-3033,2024-02-13
t-05133,u-3033,2024-02-18
t-05134,u-3033,2023-12-05
t-05135,u-3033,2024-02-05
t-05136,u-3034,2024-01-19
t-05137,u-3034,2024-01-03
t-05138,u-3034,2023-12-08
t-05139,u-3035,2023-12-25
t-05140,u-3035,2024-01-13
t-05141,u-3038,2023-12-08
t-05142,u-3039,2024-01-16
t-05143,u-3039,2024-02-22
t-05144,u-3039,2024-01-11
t-05145,u-3040,2024-01-03
t-05146,u-3040,2024-02-02
t-05147,u-3040,2024-01-31
t-05148,u-3041,2023-12-09
t-05149,u-3041,2024-02-14
t-05150,u-3041,2024-02-19
t-05151,u-3042,2024-01-25
t-05152,u-3042,2024-02-29
t-05153,u-3042,2024-02-10
t-05154,u-3042,2024-02-09
t-05155,u-3046,2024-02-11
t-05156,u-3046,2024-01-01
t-05157,u-3046,2024-01-28
t-05158,u-3046,2023-12-15
t-05159,u-3046,2024-02-29
t-05160,u-3046,2024-02-13
t-05161,u-3047,2024-02-15
t-05162,u-3047,2024-02-16
t-05163,u-3047,2024-02-19
t-05164,u-3048,2024-02-18
t-05165,u-3048,2023-12-04
t-05166,u-3048,2024-02-20
t-05167,u-3049,2024-02-02
t-05168,u-3049,2024-02-02
t-05169,u-3049,2023-12-14
t-05170,u-3050,2024-01-29
t-05171,u-3050,2023-12-23
t-05172,u-3052,2024-02-06
t-05173,u-3052,2023-12-09
t-05174,u-3054,2023-12-12
t-05175,u-3054,2024-01-17
t-05176,u-3057,2023-12-23
t-05177,u-3057,2023-12-24
t-05178,u-3058,2024-02-13
t-05179,u-3058,2023-12-13
t-05180,u-3058,2024-01-22
t-05181,u-3058,2024-01-31
t-05182,u-3059,2024-01-24
t-05183,u-3059,2024-01-03
t-05184,u-3060,2024-01-31
t-05185,u-3060,2023-12-18
t-05186,u-3060,2023-12-14
t-05187,u-3060,2024-02-17
t-05188,u-3060,2024-02-18
t-05189,u-3062,2024-01-13
t-05190,u-3062,2023-12-05
t-05191,u-3063,2023-12-21
t-05192,u-3063,2023-12-22
t-05193,u-3064,2024-01-01
t-05194,u-3064,2024-01-23
t-05195,u-3068,2024-01-31
t-05196,u-3068,2023-12-29
t-05197,u-3068,2023-12-28
t-05198,u-3068,2024-02-20
t-05199,u-3069,2024-01-07
t-05200,u-3070,2023-12-15
t-05201,u-3071,2024-02-04
t-05202,u-3071,2023-12-11
t-05203,u-3072,2024-02-21
t-05204,u-3072,2024-01-09
t-05205,u-3072,2024-02-28
t-05206,u-3072,2023-12-26
t-05207,u-3073,2024-02-11
t-05208,u-3074,2023-12-26
t-05209,u-3074,2024-02-28
t-05210,u-3075,2024-02-22
t-05211,u-3075,2023-12-25
t-05212,u-3076,2024-02-19
t-05213,u-3077,2024-02-20
t-05214,u-3077,2024-02-06
t-05215,u-3079,2023-12-05
t-05216,u-3079,2024-02-21
t-05217,u-3080,2024-01-01
t-05218,u-3080,2024-01-03
t-05219,u-3081,2024-02-08
t-05220,u-3081,2024-02-15
t-05221,u-3081,2023-12-14
t-05222,u-3084,2023-12-11
t-05223,u-3085,2024-02-03
t-05224,u-3085,2024-02-23
t-05225,u-3086,2024-01-06
t-05226,u-3086,2024-01-15
t-05227,u-3086,2024-01-09
t-05228,u-3086,2023-12-10
t-05229,u-3087,2023-12-16
t-05230,u-3087,2023-12-21
t-05231,u-3092,2024-02-23
t-05232,u-3092,2024-01-27
t-05233,u-3092,2024-01-17
t-05234,u-3094,2024-02-09
t-05235,u-3095,2024-02-26
t-05236,u-3095,2024-02-28
t-05237,u-3095,2024-02-15
t-05238,u-3096,2024-02-20
t-05239,u-3098,2023-12-15
t-05240,u-3099,2024-01-23
t-05241,u-3099,2024-02-21
t-05242,u-3101,2023-12-14
t-05243,u-3102,2023-12-17
t-05244,u-3102,2024-02-15
t-05245,u-3102,2023-12-08
t-05246,u-3102,2024-02-18
t-05247,u-3102,2024-01-20
t-05248,u-3103,2023-12-06
t-05249,u-3103,2024-01-07
t-05250,u-3103,2024-01-28
t-05251,u-3104,2024-02-08
t-05252,u-3104,2024-02-24
t-05253,u-3104,2023-12-16
t-05254,u-3105,2023-12-05
t-05255,u-3106,2023-12-17
t-05256,u-3107,2024-01-30
t-05257,u-3107,2024-02-17
t-05258,u-3108,2024-01-27
t-05259,u-3108,2024-02-12
t-05260,u-3109,2024-01-30
t-05261,u-3109,2024-01-30
t-05262,u-3109,2023-12-30
t-05263,u-3110,2024-01-11
t-05264,u-3110,2023-12-28
t-05265,u-3110,2024-01-24
t-05266,u-3111,2023-12-06
t-05267,u-3112,2024-01-11
t-05268,u-3113,2024-01-17
t-05269,u-3115,2024-01-19
t-05270,u-3115,2023-12-21
t-05271,u-3116,2024-02-04
t-05272,u-3116,2024-02-10
t-05273,u-3116,2024-03-02
t-05274,u-3117,2023-12-12
t-05275,u-3117,2024-01-24
t-05276,u-3117,2023-12-27
t-05277,u-3117,2024-02-12
t-05278,u-3118,2023-12-19
t-05279,u-3119,2024-03-01
t-05280,u-3121,2024-01-31
t-05281,u-3121,2024-03-02
t-05282,u-3123,2024-01-27
t-05283,u-3123,2024-01-06
t-05284,u-3124,2024-01-06
t-05285,u-3124,2024-02-09
t-05286,u-3124,2024-02-13
t-05287,u-3125,2024-02-11
t-05288,u-3125,2023-12-28
t-05289,u-3125,2024-02-04
t-05290,u-3125,2024-02-25
t-05291,u-3127,2023-12-06
t-05292,u-3128,2024-02-29
t-05293,u-3129,2023-12-22
t-05294,u-3129,2024-02-17
t-05295,u-3129,2023-12-18
t-05296,u-3130,2024-02-18
t-05297,u-3130,2023-12-27
t-05298,u-3131,2023-12-22
t-05299,u-3131,2024-02-25
t-05300,u-3131,2024-01-25
t-05301,u-3131,2024-02-03
t-05302,u-3132,2023-12-15
t-05303,u-3132,2024-02-21
t-05304,u-3135,2024-01-11
t-05305,u-3135,2024-02-19
t-05306,u-3135,2023-12-27
t-05307,u-3135,2024-02-06
t-05308,u-3135,2024-02-20
t-05309,u-3135,2024-02-28
t-05310,u-3135,2024-01-02
t-05311,u-3136,2024-02-09
t-05312,u-3136,2024-01-14
t-05313,u-3136,2023-12-07
t-05314,u-3138,2024-01-23
t-05315,u-3138,2024-02-17
t-05316,u-3139,2024-02-21
t-05317,u-3140,2023-12-21
t-05318,u-3140,2024-02-09
t-05319,u-3140,2023-12-31
t-05320,u-3140,2023-12-20
t-05321,u-3140,2024-01-03
t-05322,u-3142,2024-01-15
t-05323,u-3144,2024-02-13
t-05324,u-3144,2023-12-12
t-05325,u-3144,2023-12-18
t-05326,u-3144,2024-02-07
t-05327,u-3146,2023-12-25
t-05328,u-3146,2024-02-06
t-05329,u-3146,2023-12-19
t-05330,u-3146,2024-02-25
t-05331,u-3147,2024-01-23
t-05332,u-3148,2023-12-27
t-05333,u-3148,2023-12-28
t-05334,u-3149,2024-01-29
t-05335,u-3149,2023-12-11
t-05336,u-3150,2024-02-29
t-05337,u-3150,2024-01-09
t-05338,u-3150,2024-02-04
t-05339,u-3150,2023-12-29
t-05340,u-3151,2024-01-09
t-05341,u-3152,2024-02-04
t-05342,u-3158,2023-12-14
t-05343,u-3158,2023-12-08
t-05344,u-3158,2024-02-21
t-05345,u-3159,2023-12-22
t-05346,u-3159,2024-02-19
t-05347,u-3159,2024-01-05
t-05348,u-3160,2024-01-08
t-05349,u-3160,2024-01-20
t-05350,u-3160,2023-12-29
t-05351,u-3162,2023-12-06
t-05352,u-3162,2024-02-21
t-05353,u-3162,2023-12-05
t-05354,u-3162,2024-02-06
t-05355,u-3162,2024-02-06
t-05356,u-3163,2024-01-25
t-05357,u-3165,2024-02-03
t-05358,u-3166,2024-02-07
t-05359,u-3166,2023-12-13
t-05360,u-3166,2023-12-23
t-05361,u-3166,2024-01-23
t-05362,u-3166,2023-12-29
t-05363,u-3167,2023-12-07
t-05364,u-3167,2023-12-24
t-05365,u-3167,2024-01-23
t-05366,u-3168,2024-02-11
t-05367,u-3168,2024-02-14
t-05368,u-3169,2024-02-06
t-05369,u-3169,2024-01-20
t-05370,u-3169,2023-12-09
t-05371,u-3171,2024-01-13
t-05372,u-3172,2023-12-15
t-05373,u-3172,2024-02-15
t-05374,u-3172,2024-01-09
t-05375,u-3174,2023-12-08
t-05376,u-3174,2024-01-27
t-05377,u-3174,2024-02-17
t-05378,u-3175,2024-01-06
t-05379,u-3176,2024-02-23
t-05380,u-3176,2024-01-29
t-05381,u-3176,2023-12-15
t-05382,u-3177,2024-02-08
t-05383,u-3177,2024-02-17
t-05384,u-3178,2024-02-06
t-05385,u-3178,2024-01-03
t-05386,u-3181,2024-02-16
t-05387,u-3181,2024-01-21
t-05388,u-3181,2024-02-11
t-05389,u-3182,2023-12-19
t-05390,u-3182,2024-01-24
t-05391,u-3182,2024-01-23
t-05392,u-3185,2024-02-11
t-05393,u-3185,2024-01-22
t-05394,u-3185,2024-01-20
t-05395,u-3186,2024-02-24
t-05396,u-3186,2024-01-28
t-05397,u-3186,2024-01-26
t-05398,u-3186,2024-02-02
t-05399,u-3187,2024-02-24
t-05400,u-3188,2024-02-14
t-05401,u-3188,2024-01-22
t-05402,u-3188,2024-02-22
t-05403,u-3189,2024-02-03
t-05404,u-3190,2023-12-31
t-05405,u-3190,2024-01-12
t-05406,u-3190,2024-02-09
t-05407,u-3190,2024-02-28
t-05408,u-3192,2023-12-26
t-05409,u-3192,2024-02-22
t-05410,u-3193,2024-01-27
t-05411,u-3195,2024-01-12
t-05412,u-3196,2023-12-26
t-05413,u-3196,2024-02-12
t-05414,u-3196,2024-01-17
t-05415,u-3196,2024-01-30
t-05416,u-3196,2024-02-18
t-05417,u-3198,2023-12-17
t-05418,u-3199,2023-12-14
t-05419,u-3200,2024-01-09
t-05420,u-3200,2024-01-17
t-05421,u-3200,2024-02-29
t-05422,u-3201,2024-02-21
t-05423,u-3203,2023-12-29
t-05424,u-3204,2024-01-05
t-05425,u-3204,2024-01-06
t-05426,u-3206,2024-01-17
t-05427,u-3206,2024-02-29
t-05428,u-3206,2024-01-10
t-05429,u-3206,2023-12-23
t-05430,u-3206,2024-01-22
t-05431,u-3207,2024-02-05
t-05432,u-3209,2024-01-28
t-05433,u-3209,2024-02-13
t-05434,u-3209,2024-02-15
t-05435,u-3210,2024-01-13
t-05436,u-3210,2024-03-02
t-05437,u-3213,2024-02-24
t-05438,u-3213,2024-02-29
t-05439,u-3213,2024-02-12
t-05440,u-3216,2024-02-09
t-05441,u-3217,2024-02-06
t-05442,u-3217,2024-01-05
t-05443,u-3217,2024-01-11
t-05444,u-3218,2024-03-01
t-05445,u-3219,2023-12-04
t-05446,u-3219,2024-01-27
t-05447,u-3219,2024-02-02
t-05448,u-3220,2024-02-06
t-05449,u-3220,2024-01-15
t-05450,u-3221,2023-12-19
t-05451,u-3221,2024-01-17
t-05452,u-3221,2023-12-04
t-05453,u-3223,2023-12-21
t-05454,u-3223,2023-12-31
t-05455,u-3224,2023-12-23
t-05456,u-3224,2023-12-22
t-05457,u-3225,2024-01-05
t-05458,u-3225,2023-12-18
t-05459,u-3225,2023-12-23
t-05460,u-3225,2024-01-19
t-05461,u-3228,2023-12-29
t-05462,u-3229,2024-01-02
t-05463,u-3230,2024-01-02
t-05464,u-3230,2023-12-19
t-05465,u-3230,2024-02-02
t-05466,u-3230,2024-01-13
t-05467,u-3230,2024-02-10
t-05468,u-3230,2024-01-26
t-05469,u-3231,2024-02-08
t-05470,u-3231,2024-01-14
t-05471,u-3234,2023-12-30
t-05472,u-3234,2024-01-11
t-05473,u-3234,2024-01-26
t-05474,u-3234,2023-12-26
t-05475,u-3234,2024-02-06
t-05476,u-3236,2024-01-27
t-05477,u-3237,2023-12-26
t-05478,u-3237,2023-12-28
t-05479,u-3238,2024-02-05
t-05480,u-3238,2024-02-25
t-05481,u-3238,2024-02-07
t-05482,u-3239,2024-02-03
t-05483,u-3240,2024-01-08
t-05484,u-3242,2024-01-03
t-05485,u-3242,2024-01-20
t-05486,u-3243,2023-12-13
t-05487,u-3244,2024-01-20
t-05488,u-3244,2024-01-28
t-05489,u-3244,2024-01-25
t-05490,u-3244,2024-01-23
t-05491,u-3245,2024-02-12
t-05492,u-3245,2024-01-14
t-05493,u-3246,2024-02-14
t-05494,u-3246,2024-02-21
t-05495,u-3247,2024-02-27
t-05496,u-3247,2024-02-04
t-05497,u-3248,2023-12-22
t-05498,u-3249,2023-12-23
t-05499,u-3250,2023-12-26
t-05500,u-3250,2024-01-07
t-05501,u-3251,2023-12-08
t-05502,u-3252,2023-12-21
t-05503,u-3252,2024-01-17
t-05504,u-3252,2023-12-20
t-05505,u-3253,2023-12-13
t-05506,u-3254,2024-03-02
t-05507,u-3255,2024-02-03
t-05508,u-3255,2024-01-25
t-05509,u-3256,2023-12-31
t-05510,u-3256,2024-01-28
t-05511,u-3257,2024-02-28
t-05512,u-3257,2023-12-28
t-05513,u-3257,2024-01-06
t-05514,u-3258,2023-12-23
t-05515,u-3259,2023-12-11
t-05516,u-3259,2023-12-07
t-05517,u-3260,2023-12-28
t-05518,u-3260,2024-02-22
t-05519,u-3260,2024-02-20
t-05520,u-3262,2024-01-08
t-05521,u-3263,2023-12-14
t-05522,u-3263,2023-12-29
t-05523,u-3263,2024-01-25
t-05524,u-3263,2023-12-12
t-05525,u-3264,2024-02-13
t-05526,u-3264,2024-02-16
t-05527,u-3264,2023-12-21
t-05528,u-3265,2023-12-28
t-05529,u-3265,2023-12-04
t-05530,u-3266,2024-01-09
t-05531,u-3268,2023-12-31
t-05532,u-3268,2024-02-14
t-05533,u-3268,2023-12-20
t-05534,u-3268,2024-02-24
t-05535,u-3270,2024-01-30
t-05536,u-3272,2023-12-30
t-05537,u-3272,2024-01-21
t-05538,u-3272,2024-02-19
t-05539,u-3273,2024-02-28
t-05540,u-3274,2023-12-28
t-05541,u-3274,2024-01-08
t-05542,u-3274,2024-01-13
t-05543,u-3275,2024-01-30
t-05544,u-3276,2024-01-09
t-05545,u-3277,2023-12-29
t-05546,u-3277,2024-01-20
t-05547,u-3277,2024-02-06
t-05548,u-3277,2024-01-21
t-05549,u-3277,2023-12-24
t-05550,u-3277,2024-01-17
t-05551,u-3278,2024-01-04
t-05552,u-3278,2024-01-21
t-05553,u-3278,2024-02-10
t-05554,u-3278,2024-01-19
t-05555,u-3278,2023-12-12
t-05556,u-3278,2024-01-13
t-05557,u-3279,2024-02-15
t-05558,u-3280,2024-01-11
t-05559,u-3280,2024-01-29
t-05560,u-3281,2023-12-27
t-05561,u-3281,2024-01-16
t-05562,u-3282,2024-01-27
t-05563,u-3282,2024-01-29
t-05564,u-3282,2023-12-08
t-05565,u-3282,2024-01-23
t-05566,u-3283,2024-01-23
t-05567,u-3283,2024-01-26
t-05568,u-3283,2024-02-25
t-05569,u-3283,2024-01-09
t-05570,u-3284,2024-01-21
t-05571,u-3287,2024-01-29
t-05572,u-3287,2024-02-18
t-05573,u-3288,2023-12-15
t-05574,u-3288,2023-12-06
t-05575,u-3288,2023-12-27
t-05576,u-3288,2024-01-22
t-05577,u-3288,2024-02-16
t-05578,u-3288,2024-01-09
t-05579,u-3290,2024-01-20
t-05580,u-3290,2024-01-07
t-05581,u-3290,2024-02-19
t-05582,u-3291,2024-02-28
t-05583,u-3291,2024-01-10
t-05584,u-3291,2023-12-11
t-05585,u-3291,2024-01-21
t-05586,u-3291,2024-02-25
t-05587,u-3291,2023-12-07
t-05588,u-3292,2024-02-03
t-05589,u-3293,2024-02-29
t-05590,u-3293,2024-01-21
t-05591,u-3294,2023-12-27
t-05592,u-3294,2024-02-26
t-05593,u-3295,2024-01-11
t-05594,u-3295,2024-02-23
t-05595,u-3295,2024-02-14
t-05596,u-3296,2024-02-28
t-05597,u-3296,2024-01-03
t-05598,u-3298,2024-02-27
t-05599,u-3298,2023-12-05
t-05600,u-3299,2024-01-16
t-05601,u-3299,2024-02-15
t-05602,u-3299,2024-02-20
t-05603,u-3300,2024-02-05
t-05604,u-3300,2024-01-03
t-05605,u-3300,2024-02-12
t-05606,u-3301,2024-01-02
t-05607,u-3301,2024-02-20
t-05608,u-3301,2023-12-29
t-05609,u-3301,2023-12-21
t-05610,u-3301,2023-12-11
t-05611,u-3301,2024-02-20
t-05612,u-3302,2024-01-24
t-05613,u-3302,2024-01-22
t-05614,u-3302,2024-02-14
t-05615,u-3303,2024-01-31
t-05616,u-3303,2024-02-20
t-05617,u-3305,2024-02-02
t-05618,u-3306,2024-02-04
t-05619,u-3308,2024-02-05
t-05620,u-3308,2023-12-12
t-05621,u-3309,2024-02-04
t-05622,u-3309,2024-01-15
t-05623,u-3309,2024-02-11
t-05624,u-3309,2024-01-17
t-05625,u-3309,2024-02-10
t-05626,u-3309,2023-12-09
t-05627,u-3310,2023-12-27
t-05628,u-3310,2023-12-22
t-05629,u-3310,2024-02-04
t-05630,u-3310,2024-02-28
t-05631,u-3310,2024-02-06
t-05632,u-3310,2023-12-08
t-05633,u-3311,2024-02-15
t-05634,u-3311,2024-01-17
t-05635,u-3312,2024-02-22
t-05636,u-3312,2024-02-20
t-05637,u-3312,2024-01-26
t-05638,u-3313,2023-12-10
t-05639,u-3314,2024-02-27
t-05640,u-3315,2023-12-11
t-05641,u-3316,2023-12-22
t-05642,u-3316,2024-01-26
t-05643,u-3316,2024-01-21
t-05644,u-3318,2023-12-22
t-05645,u-3318,2024-02-02
t-05646,u-3318,2024-02-19
t-05647,u-3318,2023-12-13
t-05648,u-3323,2024-01-27
t-05649,u-3324,2023-12-31
t-05650,u-3325,2024-02-20
t-05651,u-3325,2024-02-02
t-05652,u-3325,2024-01-27
t-05653,u-3326,2024-02-20
t-05654,u-3326,2023-12-15
t-05655,u-3326,2023-12-22
t-05656,u-3327,2023-12-20
t-05657,u-3327,2023-12-08
t-05658,u-3327,2023-12-20
t-05659,u-3328,2024-01-18
t-05660,u-3329,2024-02-10
t-05661,u-3329,2024-02-27
t-05662,u-3331,2023-12-06
t-05663,u-3331,2024-01-19
t-05664,u-3332,2023-12-12
t-05665,u-3333,2024-02-16
t-05666,u-3334,2024-02-22
t-05667,u-3334,2024-02-01
t-05668,u-3334,2024-01-13
t-05669,u-3334,2023-12-11
t-05670,u-3334,2024-02-16
t-05671,u-3336,2024-02-15
t-05672,u-3336,2023-12-26
t-05673,u-3337,2023-12-11
t-05674,u-3337,2024-01-07
t-05675,u-3337,2024-02-29
t-05676,u-3338,2024-02-23
t-05677,u-3338,2024-01-03
t-05678,u-3339,2024-01-28
t-05679,u-3340,2024-01-08
t-05680,u-3343,2024-02-13
t-05681,u-3343,2024-02-08
t-05682,u-3344,2023-12-21
t-05683,u-3344,2024-01-26
t-05684,u-3344,2024-01-15
t-05685,u-3345,2024-02-08
t-05686,u-3346,2024-01-15
t-05687,u-3347,2024-01-06
t-05688,u-3347,2023-12-17
t-05689,u-3349,2024-01-30
t-05690,u-3349,2023-12-15
t-05691,u-3349,2024-02-28
t-05692,u-3351,2024-01-28
t-05693,u-3351,2023-12-24
t-05694,u-3351,2024-01-24
t-05695,u-3351,2024-01-22
t-05696,u-3351,2024-02-14
t-05697,u-3352,2024-02-20
t-05698,u-3353,2024-01-23
t-05699,u-3354,2024-02-25
t-05700,u-3354,2024-01-11
t-05701,u-3355,2024-02-06
t-05702,u-3355,2024-02-25
t-05703,u-3355,2024-02-26
t-05704,u-3355,2024-02-13
t-05705,u-3356,2023-12-12
t-05706,u-3356,2024-01-08
t-05707,u-3356,2023-12-10
t-05708,u-3357,2023-12-10
t-05709,u-3359,2024-02-27
t-05710,u-3359,2023-12-13
t-05711,u-3360,2024-02-28
t-05712,u-3360,2024-02-13
t-05713,u-3361,2024-01-06
t-05714,u-3362,2024-01-25
t-05715,u-3362,2024-01-11
t-05716,u-3362,2024-01-12
t-05717,u-3362,2023-12-28
t-05718,u-3365,2024-02-02
t-05719,u-3368,2024-02-01
t-05720,u-3368,2024-01-28
t-05721,u-3368,2024-02-01
t-05722,u-3376,2024-01-27
t-05723,u-3378,2023-12-12
t-05724,u-3378,2024-02-03
t-05725,u-3379,2024-01-26
t-05726,u-3379,2024-01-03
t-05727,u-3380,2023-12-04
t-05728,u-3380,2024-02-05
t-05729,u-3381,2023-12-21
t-05730,u-3381,2023-12-10
t-05731,u-3382,2024-02-09
t-05732,u-3382,2024-01-13
t-05733,u-3382,2024-02-01
t-05734,u-3383,2024-01-18
t-05735,u-3384,2024-01-13
t-05736,u-3384,2023-12-30
t-05737,u-3387,2024-02-22
t-05738,u-3387,2024-02-15
t-05739,u-3387,2024-01-05
t-05740,u-3388,2024-01-15
t-05741,u-3388,2024-02-18
t-05742,u-3388,2024-02-04
t-05743,u-3390,2024-01-03
t-05744,u-3390,2024-02-24
t-05745,u-3390,2024-02-03
t-05746,u-3391,2023-12-21
t-05747,u-3391,2024-01-28
t-05748,u-3391,2024-01-04
t-05749,u-3392,2023-12-07
t-05750,u-3394,2024-02-20
t-05751,u-3395,2023-12-08
t-05752,u-3396,2024-02-03
t-05753,u-3396,2023-12-08
t-05754,u-3396,2023-12-17
t-05755,u-3396,2024-01-24
t-05756,u-3396,2024-01-05
t-05757,u-3398,2024-02-02
t-05758,u-3398,2023-12-05
t-05759,u-3398,2023-12-18
t-05760,u-3398,2024-02-17
t-05761,u-3401,2023-12-14
t-05762,u-3402,2023-12-17
t-05763,u-3402,2023-12-27
t-05764,u-3403,2024-02-19
t-05765,u-3403,2024-02-27
t-05766,u-3404,2023-12-15
t-05767,u-3404,2023-12-28
t-05768,u-3405,2024-02-17
t-05769,u-3407,2024-01-31
t-05770,u-3408,2024-01-13
t-05771,u-3408,2024-01-26
t-05772,u-3409,2024-02-05
t-05773,u-3410,2023-12-18
t-05774,u-3410,2024-01-21
t-05775,u-3410,2023-12-17
t-05776,u-3411,2023-12-13
t-05777,u-3411,2023-12-21
t-05778,u-3412,2023-12-24
t-05779,u-3412,2023-12-26
t-05780,u-3412,2024-01-16
t-05781,u-3412,2024-03-02
t-05782,u-3413,2024-01-30
t-05783,u-3413,2023-12-15
t-05784,u-3413,2024-01-08
t-05785,u-3414,2024-02-28
t-05786,u-3414,2023-12-10
t-05787,u-3415,2024-02-29
t-05788,u-3415,2024-01-20
t-05789,u-3416,2024-01-22
t-05790,u-3421,2024-01-29
t-05791,u-3421,2024-02-18
t-05792,u-3421,2024-02-19
t-05793,u-3422,2024-02-13
t-05794,u-3422,2024-01-01
t-05795,u-3422,2024-02-29
t-05796,u-3423,2024-01-21
t-05797,u-3423,2023-12-04
t-05798,u-3423,2023-12-23
t-05799,u-3423,2023-12-28
t-05800,u-3425,2023-12-10
t-05801,u-3425,2023-12-06
t-05802,u-3425,2024-02-29
t-05803,u-3426,2024-02-06
t-05804,u-3426,2024-02-11
t-05805,u-3427,2024-02-02
t-05806,u-3427,2024-01-03
t-05807,u-3427,2023-12-08
t-05808,u-3427,2024-01-09
t-05809,u-3428,2023-12-21
t-05810,u-3429,2024-02-07
t-05811,u-3429,2024-01-22
t-05812,u-3429,2024-01-20
t-05813,u-3429,2023-12-29
t-05814,u-3429,2024-02-08
t-05815,u-3431,2024-01-15
t-05816,u-3432,2023-12-14
t-05817,u-3433,2024-01-17
t-05818,u-3435,2024-02-07
t-05819,u-3436,2023-12-23
t-05820,u-3436,2024-02-28
t-05821,u-3437,2023-12-08
t-05822,u-3437,2024-01-30
t-05823,u-3438,2023-12-05
t-05824,u-3441,2023-12-16
t-05825,u-3441,2023-12-06
t-05826,u-3442,2024-02-03
t-05827,u-3442,2024-02-14
t-05828,u-3442,2024-01-21
t-05829,u-3443,2023-12-23
t-05830,u-3444,2023-12-08
t-05831,u-3445,2023-12-28
t-05832,u-3446,2024-02-05
t-05833,u-3446,2024-02-01
t-05834,u-3447,2023-12-19
t-05835,u-3449,2023-12-31
t-05836,u-3452,2024-01-08
t-05837,u-3452,2024-02-04
t-05838,u-3455,2023-12-25
t-05839,u-3455,2024-01-17
t-05840,u-3457,2024-01-11
t-05841,u-3457,2024-01-10
t-05842,u-3459,2024-01-29
t-05843,u-3460,2024-02-06
t-05844,u-3460,2023-12-15
t-05845,u-3461,2024-01-10
t-05846,u-3462,2023-12-17
t-05847,u-3463,2023-12-28
t-05848,u-3463,2024-02-01
t-05849,u-3463,2024-01-23
t-05850,u-3465,2024-01-13
t-05851,u-3469,2024-01-01
t-05852,u-3469,2024-02-17
t-05853,u-3469,2024-01-31
t-05854,u-3469,2024-01-13
t-05855,u-3470,2024-01-03
t-05856,u-3471,2024-01-21
t-05857,u-3471,2024-01-01
t-05858,u-3471,2023-12-28
t-05859,u-3475,2024-01-17
t-05860,u-3475,2024-03-01
t-05861,u-3476,2023-12-05
t-05862,u-3476,2023-12-05
t-05863,u-3479,2024-02-16
t-05864,u-3479,2024-02-11
t-05865,u-3479,2024-02-19
t-05866,u-3479,2024-01-31
t-05867,u-3483,2024-02-07
t-05868,u-3485,2024-02-14
t-05869,u-3487,2023-12-17
t-05870,u-3487,2023-12-25
t-05871,u-3487,2024-01-02
t-05872,u-3489,2024-01-16
t-05873,u-3490,2023-12-19
t-05874,u-3490,2024-02-01
t-05875,u-3490,2023-12-06
t-05876,u-3490,2024-01-21
t-05877,u-3491,2024-01-26
t-05878,u-3492,2024-02-20
t-05879,u-3493,2023-12-29
t-05880,u-3493,2023-12-09
t-05881,u-3494,2024-02-15
t-05882,u-3494,2023-12-08
t-05883,u-3495,2024-01-06
t-05884,u-3495,2023-12-28
t-05885,u-3495,2024-02-17
t-05886,u-3495,2024-02-20
t-05887,u-3495,2023-12-20
t-05888,u-3495,2024-02-22
t-05889,u-3495,2024-02-12
t-05890,u-3496,2024-01-12
t-05891,u-3497,2024-02-26
t-05892,u-3497,2023-12-20
t-05893,u-3498,2023-12-13
t-05894,u-3500,2023-12-31
t-05895,u-3500,2023-12-25
t-05896,u-3500,2024-01-03
t-05897,u-3503,2023-12-14
t-05898,u-3503,2024-01-06
t-05899,u-3504,2024-01-16
t-05900,u-3504,2024-02-04
t-05901,u-3504,2024-02-29
t-05902,u-3504,2024-01-23
t-05903,u-3506,2024-02-28
t-05904,u-3508,2024-01-21
t-05905,u-3508,2023-12-05
t-05906,u-3508,2024-02-10
t-05907,u-3508,2024-02-29
t-05908,u-3509,2023-12-18
t-05909,u-3509,2024-01-05
t-05910,u-3510,2024-01-03
t-05911,u-3510,2024-01-25
t-05912,u-3510,2023-12-11
t-05913,u-3511,2023-12-29
t-05914,u-3511,2023-12-20
t-05915,u-3511,2024-02-15
t-05916,u-3511,2024-01-28
t-05917,u-3511,2024-01-09
t-05918,u-3511,2024-02-06
t-05919,u-3512,2023-12-28
t-05920,u-3512,2024-02-22
t-05921,u-3513,2024-01-26
t-05922,u-3514,2023-12-18
t-05923,u-3515,2024-02-09
t-05924,u-3515,2024-01-05
t-05925,u-3515,2024-01-13
t-05926,u-3516,2024-02-07
t-05927,u-3517,2024-01-08
t-05928,u-3518,2024-02-09
t-05929,u-3518,2024-02-19
t-05930,u-3518,2024-02-20
t-05931,u-3520,2023-12-09
t-05932,u-3520,2024-02-29
t-05933,u-3520,2024-02-26
t-05934,u-3522,2024-02-08
t-05935,u-3523,2023-12-30
t-05936,u-3523,2023-12-20
t-05937,u-3525,2023-12-10
t-05938,u-3525,2024-01-30
t-05939,u-3525,2024-01-25
t-05940,u-3529,2024-01-10
t-05941,u-3529,2023-12-23
t-05942,u-3530,2024-02-06
t-05943,u-3532,2024-01-29
t-05944,u-3533,2023-12-17
t-05945,u-3534,2023-12-08
t-05946,u-3534,2024-02-17
t-05947,u-3534,2024-01-11
t-05948,u-3534,2023-12-06
t-05949,u-3535,2023-12-05
t-05950,u-3536,2023-12-08
t-05951,u-3539,2024-01-03
t-05952,u-3540,2024-01-06
t-05953,u-3541,2024-01-01
t-05954,u-3541,2024-01-22
t-05955,u-3541,2024-02-12
t-05956,u-3542,2024-02-10
t-05957,u-3542,2024-02-18
t-05958,u-3542,2024-02-03
t-05959,u-3542,2023-12-09
t-05960,u-3543,2023-12-06
t-05961,u-3543,2024-02-08
t-05962,u-3544,2024-02-20
t-05963,u-3544,2024-01-05
t-05964,u-3544,2023-12-22
t-05965,u-3544,2024-01-09
t-05966,u-3544,2024-01-11
t-05967,u-3545,2024-02-12
t-05968,u-3546,2023-12-09
t-05969,u-3547,2024-01-14
t-05970,u-3548,2023-12-28
t-05971,u-3549,2024-02-06
t-05972,u-3549,2023-12-25
t-05973,u-3549,2024-02-08
t-05974,u-3549,2024-01-13
t-05975,u-3550,2023-12-08
t-05976,u-3550,2024-02-05
t-05977,u-3551,2024-02-08
t-05978,u-3553,2024-01-12
t-05979,u-3553,2024-02-09
t-05980,u-3554,2024-01-26
t-05981,u-3554,2024-02-16
t-05982,u-3555,2024-01-14
t-05983,u-3555,2023-12-22
t-05984,u-3555,2024-02-13
t-05985,u-3555,2023-12-10
t-05986,u-3557,2024-01-07
t-05987,u-3557,2024-02-28
t-05988,u-3557,2023-12-28
t-05989,u-3559,2023-12-13
t-05990,u-3560,2023-12-21
t-05991,u-3560,2024-02-10
t-05992,u-3561,2023-12-28
t-05993,u-3562,2024-02-05
t-05994,u-3565,2024-02-15
t-05995,u-3565,2024-01-02
t-05996,u-3565,2024-02-11
t-05997,u-3565,2023-12-31
t-05998,u-3567,2024-01-17
t-05999,u-3567,2024-02-18
t-06000,u-3568,2024-02-26
t-06001,u-3569,2024-01-19
t-06002,u-3569,2024-02-29
t-06003,u-3570,2024-01-06
t-06004,u-3570,2023-12-21
t-06005,u-3570,2023-12-25
t-06006,u-3575,2023-12-13
t-06007,u-3575,2024-02-22
t-06008,u-3575,2024-02-13
t-06009,u-3575,2024-01-19
t-06010,u-3575,2024-01-01
t-06011,u-3575,2024-02-22
t-06012,u-3577,2024-01-15
t-06013,u-3579,2024-01-01
t-06014,u-3580,2023-12-15
t-06015,u-3580,2024-01-13
t-06016,u-3580,2024-02-26
t-06017,u-3580,2024-02-17
t-06018,u-3580,2024-01-11
t-06019,u-3580,2024-01-13
t-06020,u-3581,2023-12-08
t-06021,u-3581,2023-12-07
t-06022,u-3583,2024-03-01
t-06023,u-3583,2024-02-24
t-06024,u-3585,2024-02-04
t-06025,u-3586,2024-02-24
t-06026,u-3586,2024-02-12
t-06027,u-3586,2024-01-28
t-06028,u-3588,2024-01-31
t-06029,u-3588,2024-01-16
t-06030,u-3589,2024-02-20
t-06031,u-3590,2024-02-28
t-06032,u-3591,2024-01-27
t-06033,u-3591,2023-12-24
t-06034,u-3591,2024-01-14
t-06035,u-3592,2024-01-24
t-06036,u-3592,2023-12-11
t-06037,u-3592,2024-02-18
t-06038,u-3592,2024-02-24
t-06039,u-3596,2024-01-29
t-06040,u-3597,2023-12-16
t-06041,u-3597,2023-12-09
t-06042,u-3598,2023-12-18
t-06043,u-3598,2024-03-01
t-06044,u-3598,2024-03-01
t-06045,u-3598,2023-12-20
t-06046,u-3598,2024-02-02
t-06047,u-3602,2024-02-10
t-06048,u-3602,2024-01-28
t-06049,u-3602,2024-01-15
t-06050,u-3603,2023-12-20
t-06051,u-3603,2023-12-28
t-06052,u-3603,2024-02-05
t-06053,u-3603,2024-02-19
t-06054,u-3604,2024-02-09
t-06055,u-3604,2024-01-25
t-06056,u-3604,2023-12-22
t-06057,u-3604,2024-02-20
t-06058,u-3605,2024-02-11
t-06059,u-3608,2024-01-25
t-06060,u-3610,2024-02-29
t-06061,u-3610,2024-01-20
t-06062,u-3610,2024-02-09
t-06063,u-3611,2024-02-15
t-06064,u-3613,2023-12-20
t-06065,u-3615,2024-01-05
t-06066,u-3616,2023-12-28
t-06067,u-3617,2024-01-18
t-06068,u-3619,2024-02-21
t-06069,u-3620,2024-01-15
t-06070,u-3620,2023-12-20
t-06071,u-3620,2024-01-06
t-06072,u-3620,2024-02-12
t-06073,u-3621,2023-12-09
t-06074,u-3621,2024-02-20
t-06075,u-3622,2024-02-28
t-06076,u-3622,2024-02-21
t-06077,u-3625,2023-12-12
t-06078,u-3625,2024-02-10
t-06079,u-3625,2024-01-20
t-06080,u-3626,2024-01-05
t-06081,u-3626,2024-01-13
t-06082,u-3626,2024-01-06
t-06083,u-3626,2024-02-01
t-06084,u-3626,2024-01-12
t-06085,u-3627,2024-03-01
t-06086,u-3627,2024-02-09
t-06087,u-3627,2024-01-07
t-06088,u-3627,2023-12-24
t-06089,u-3628,2023-12-08
t-06090,u-3628,2023-12-05
t-06091,u-3629,2024-01-07
t-06092,u-3629,2024-01-27
t-06093,u-3630,2024-02-21
t-06094,u-3631,2024-01-03
t-06095,u-3633,2024-01-19
t-06096,u-3633,2024-01-26
t-06097,u-3636,2023-12-22
t-06098,u-3636,2023-12-09
t-06099,u-3637,2024-01-17
t-06100,u-3637,2023-12-28
t-06101,u-3637,2023-12-16
t-06102,u-3637,2023-12-20
t-06103,u-3638,2024-01-31
t-06104,u-3638,2024-02-10
t-06105,u-3639,2024-02-05
t-06106,u-3639,2024-01-27
t-06107,u-3639,2024-02-13
t-06108,u-3639,2024-01-08
t-06109,u-3639,2024-02-11
t-06110,u-3639,2023-12-15
t-06111,u-3640,2024-02-05
t-06112,u-3640,2024-02-15
t-06113,u-3641,2024-03-02
t-06114,u-3641,2023-12-27
t-06115,u-3641,2024-02-21
t-06116,u-3641,2024-02-21
t-06117,u-3642,2024-02-23
t-06118,u-3642,2024-01-03
t-06119,u-3643,2024-02-09
t-06120,u-3643,2023-12-23
t-06121,u-3643,2024-02-19
t-06122,u-3644,2023-12-07
t-06123,u-3645,2024-02-13
t-06124,u-3645,2023-12-12
t-06125,u-3646,2024-02-07
t-06126,u-3647,2023-12-10
t-06127,u-3647,2024-02-27
t-06128,u-3648,2024-02-20
t-06129,u-3648,2023-12-13
t-06130,u-3649,2024-02-23
t-06131,u-3649,2024-01-09
t-06132,u-3649,2024-02-17
t-06133,u-3649,2023-12-04
t-06134,u-3650,2024-01-03
t-06135,u-3650,2024-02-23
t-06136,u-3650,2023-12-15
t-06137,u-3651,2023-12-16
t-06138,u-3651,2024-02-04
t-06139,u-3651,2024-01-17
t-06140,u-3651,2023-12-22
t-06141,u-3651,2024-02-23
t-06142,u-3651,2024-02-16
t-06143,u-3652,2024-02-19
t-06144,u-3653,2023-12-07
t-06145,u-3653,2024-01-02
t-06146,u-3654,2024-02-09
t-06147,u-3657,2024-02-20
t-06148,u-3659,2024-01-01
t-06149,u-3659,2024-02-25
t-06150,u-3659,2024-01-28
t-06151,u-3659,2024-02-18
t-06152,u-3660,2023-12-18
t-06153,u-3661,2023-12-08
t-06154,u-3661,2024-02-27
t-06155,u-3662,2024-03-01
t-06156,u-3662,2023-12-15
t-06157,u-3662,2024-03-01
t-06158,u-3663,2024-02-01
t-06159,u-3663,2023-12-04
t-06160,u-3664,2024-01-14
t-06161,u-3665,2024-02-16
t-06162,u-3665,2024-01-13
t-06163,u-3665,2024-02-25
t-06164,u-3665,2024-01-10
t-06165,u-3665,2023-12-21
t-06166,u-3665,2024-02-27
t-06167,u-3665,2024-01-06
t-06168,u-3665,2024-02-13
t-06169,u-3667,2024-02-13
t-06170,u-3668,2023-12-30
t-06171,u-3668,2024-01-27
t-06172,u-3669,2024-02-29
t-06173,u-3669,2023-12-26
t-06174,u-3671,2024-02-29
t-06175,u-3671,2024-02-23
t-06176,u-3671,2024-01-27
t-06177,u-3672,2023-12-30
t-06178,u-3672,2024-02-25
t-06179,u-3673,2024-01-24
t-06180,u-3674,2024-01-22
t-06181,u-3674,2024-02-24
t-06182,u-3675,2024-01-20
t-06183,u-3675,2024-02-22
t-06184,u-3675,2024-01-03
t-06185,u-3675,2023-12-11
t-06186,u-3675,2024-01-11
t-06187,u-3676,2023-12-11
t-06188,u-3676,2024-02-18
t-06189,u-3676,2024-01-07
t-06190,u-3678,2024-02-04
t-06191,u-3679,2024-01-24
t-06192,u-3682,2024-02-16
t-06193,u-3682,2023-12-30
t-06194,u-3682,2024-02-04
t-06195,u-3683,2024-01-01
t-06196,u-3684,2023-12-11
t-06197,u-3684,2023-12-10
t-06198,u-3685,2023-12-08
t-06199,u-3686,2024-02-02
t-06200,u-3686,2024-01-23
t-06201,u-3686,2024-02-13
t-06202,u-3686,2024-02-22
t-06203,u-3686,2023-12-07
t-06204,u-3687,2023-12-31
t-06205,u-3688,2024-02-25
t-06206,u-3690,2023-12-08
t-06207,u-3691,2024-02-21
t-06208,u-3691,2024-01-21
t-06209,u-3692,2024-01-30
t-06210,u-3693,2024-02-03
t-06211,u-3693,2024-02-01
t-06212,u-3693,2024-02-20
t-06213,u-3694,2023-12-28
t-06214,u-3694,2023-12-13
t-06215,u-3694,2024-02-26
t-06216,u-3694,2024-01-26
t-06217,u-3694,2023-12-31
t-06218,u-3694,2023-12-11
t-06219,u-3698,2024-02-24
t-06220,u-3698,2024-01-11
t-06221,u-3698,2023-12-11
t-06222,u-3698,2024-02-26
t-06223,u-3699,2023-12-29
t-06224,u-3700,2024-01-25
t-06225,u-3701,2024-02-22
t-06226,u-3701,2024-02-15
t-06227,u-3701,2023-12-27
t-06228,u-3701,2024-02-22
t-06229,u-3701,2023-12-21
t-06230,u-3701,2024-01-12
t-06231,u-3702,2023-12-19
t-06232,u-3702,2024-01-31
t-06233,u-3702,2024-03-02
t-06234,u-3703,2024-02-29
t-06235,u-3704,2024-02-11
t-06236,u-3704,2024-01-21
t-06237,u-3704,2024-02-18
t-06238,u-3705,2024-01-21
t-06239,u-3705,2024-02-11
t-06240,u-3705,2024-02-27
t-06241,u-3705,2024-02-16
t-06242,u-3708,2024-01-28
t-06243,u-3708,2024-02-23
t-06244,u-3708,2024-02-07
t-06245,u-3708,2023-12-13
t-06246,u-3709,2023-12-30
t-06247,u-3713,2023-12-11
t-06248,u-3714,2024-02-02
t-06249,u-3714,2024-03-01
t-06250,u-3714,2024-01-28
t-06251,u-3714,2024-01-03
t-06252,u-3715,2024-02-29
t-06253,u-3715,2024-02-19
t-06254,u-3716,2024-01-08
t-06255,u-3716,2023-12-31
t-06256,u-3716,2023-12-06
t-06257,u-3717,2024-01-29
t-06258,u-3719,2024-01-06
t-06259,u-3719,2024-02-01
t-06260,u-3719,2023-12-29
t-06261,u-3719,2024-01-30
t-06262,u-3721,2023-12-08
t-06263,u-3721,2024-02-25
t-06264,u-3722,2024-01-21
t-06265,u-3722,2023-12-18
t-06266,u-3722,2023-12-27
t-06267,u-3722,2023-12-13
t-06268,u-3722,2024-02-05
t-06269,u-3722,2023-12-09
t-06270,u-3723,2024-01-20
t-06271,u-3724,2023-12-06
t-06272,u-3724,2024-01-21
t-06273,u-3724,2024-01-08
t-06274,u-3725,2024-01-17
t-06275,u-3725,2024-02-20
t-06276,u-3725,2024-02-20
t-06277,u-3725,2024-01-18
t-06278,u-3726,2024-02-18
t-06279,u-3728,2024-02-03
t-06280,u-3729,2024-02-22
t-06281,u-3731,2024-03-01
t-06282,u-3732,2024-01-04
t-06283,u-3732,2024-01-20
t-06284,u-3732,2023-12-20
t-06285,u-3733,2024-01-17
t-06286,u-3733,2024-01-15
t-06287,u-3734,2024-01-04
t-06288,u-3735,2024-02-07
t-06289,u-3736,2024-01-21
t-06290,u-3737,2024-01-17
t-06291,u-3737,2024-02-06
t-06292,u-3737,2024-01-22
t-06293,u-3738,2024-01-04
t-06294,u-3739,2024-01-14
t-06295,u-3740,2024-01-25
t-06296,u-3740,2024-01-25
t-06297,u-3740,2024-02-11
t-06298,u-3740,2024-02-10
t-06299,u-3740,2024-02-02
t-06300,u-3741,2024-01-27
t-06301,u-3742,2023-12-28
t-06302,u-3742,2024-01-05
t-06303,u-3742,2024-01-02
t-06304,u-3742,2024-02-28
t-06305,u-3743,2023-12-20
t-06306,u-3743,2023-12-15
t-06307,u-3744,2024-01-09
t-06308,u-3745,2024-02-08
t-06309,u-3745,2023-12-10
t-06310,u-3745,2024-01-19
t-06311,u-3747,2024-01-20
t-06312,u-3747,2024-01-11
t-06313,u-3747,2024-03-01
t-06314,u-3748,2024-01-08
t-06315,u-3750,2024-01-19
t-06316,u-3751,2024-01-24
t-06317,u-3751,2024-02-28
t-06318,u-3752,2023-12-22
t-06319,u-3752,2023-12-10
t-06320,u-3754,2024-02-16
t-06321,u-3754,2023-12-22
t-06322,u-3754,2024-02-29
t-06323,u-3754,2024-02-02
t-06324,u-3755,2023-12-11
t-06325,u-3755,2024-02-09
t-06326,u-3755,2024-02-12
t-06327,u-3756,2024-01-26
t-06328,u-3756,2024-01-29
t-06329,u-3757,2024-01-11
t-06330,u-3758,2023-12-21
t-06331,u-3758,2023-12-24
t-06332,u-3758,2024-01-28
t-06333,u-3758,2024-01-22
t-06334,u-3758,2023-12-09
t-06335,u-3758,2023-12-28
t-06336,u-3759,2023-12-12
t-06337,u-3759,2024-02-10
t-06338,u-3759,2024-01-03
t-06339,u-3760,2024-02-10
t-06340,u-3760,2024-02-21
t-06341,u-3760,2023-12-12
t-06342,u-3760,2024-02-11
t-06343,u-3761,2024-02-13
t-06344,u-3761,2024-01-27
t-06345,u-3761,2024-02-01
t-06346,u-3761,2024-01-21
t-06347,u-3761,2024-01-09
t-06348,u-3761,2024-01-29
t-06349,u-3763,2024-01-06
t-06350,u-3763,2024-01-30
t-06351,u-3764,2023-12-19
t-06352,u-3766,2024-01-07
t-06353,u-3766,2024-01-12
t-06354,u-3767,2024-01-11
t-06355,u-3767,2023-12-17
t-06356,u-3770,2024-01-02
t-06357,u-3770,2023-12-26
t-06358,u-3770,2024-01-05
t-06359,u-3772,2024-01-19
t-06360,u-3772,2024-02-26
t-06361,u-3772,2024-02-17
t-06362,u-3772,2024-02-19
t-06363,u-3772,2023-12-21
t-06364,u-3772,2023-12-23
t-06365,u-3772,2024-02-26
t-06366,u-3773,2023-12-24
t-06367,u-3773,2024-02-17
t-06368,u-3774,2023-12-08
t-06369,u-3775,2023-12-08
t-06370,u-3775,2024-01-07
t-06371,u-3775,2024-02-24
t-06372,u-3776,2024-02-25
t-06373,u-3776,2023-12-19
t-06374,u-3776,2024-01-25
t-06375,u-3778,2023-12-07
t-06376,u-3778,2024-02-16
t-06377,u-3779,2024-01-25
t-06378,u-3779,2024-01-15
t-06379,u-3780,2024-02-02
t-06380,u-3781,2024-02-13
t-06381,u-3781,2024-01-03
t-06382,u-3782,2024-01-06
t-06383,u-3782,2024-02-15
t-06384,u-3782,2024-02-23
t-06385,u-3782,2024-01-27
t-06386,u-3782,2024-01-10
t-06387,u-3783,2023-12-25
t-06388,u-3784,2024-01-12
t-06389,u-3785,2024-02-15
t-06390,u-3786,2024-01-25
t-06391,u-3786,2023-12-20
t-06392,u-3787,2024-01-07
t-06393,u-3788,2024-02-16
t-06394,u-3788,2024-01-30
t-06395,u-3788,2023-12-16
t-06396,u-3789,2024-02-16
t-06397,u-3789,2024-01-27
t-06398,u-3789,2024-01-01
t-06399,u-3790,2024-01-06
t-06400,u-3791,2024-01-24
t-06401,u-3792,2024-02-21
t-06402,u-3793,2023-12-30
t-06403,u-3793,2024-02-24
t-06404,u-3793,2024-01-11
t-06405,u-3794,2023-12-05
t-06406,u-3794,2024-02-26
t-06407,u-3795,2024-01-24
t-06408,u-3796,2024-01-18
t-06409,u-3796,2023-12-13
t-06410,u-3797,2024-01-15
t-06411,u-3797,2023-12-18
t-06412,u-3799,2024-02-17
t-06413,u-3800,2023-12-16
t-06414,u-3801,2023-12-27
t-06415,u-3801,2024-01-31
t-06416,u-3803,2024-02-13
t-06417,u-3803,2024-01-12
t-06418,u-3803,2023-12-25
t-06419,u-3804,2024-02-22
t-06420,u-3805,2024-02-06
t-06421,u-3806,2024-02-06
t-06422,u-3806,2024-02-01
t-06423,u-3806,2023-12-23
t-06424,u-3806,2023-12-28
t-06425,u-3809,2024-02-07
t-06426,u-3811,2024-01-08
t-06427,u-3813,2023-12-28
t-06428,u-3814,2024-01-07
t-06429,u-3814,2023-12-14
t-06430,u-3815,2024-02-14
t-06431,u-3817,2024-01-05
t-06432,u-3817,2024-01-13
t-06433,u-3817,2024-01-09
t-06434,u-3817,2024-01-31
t-06435,u-3818,2023-12-23
t-06436,u-3818,2023-12-06
t-06437,u-3819,2024-02-29
t-06438,u-3819,2024-02-08
t-06439,u-3820,2024-01-07
t-06440,u-3820,2024-02-03
t-06441,u-3820,2024-02-11
t-06442,u-3821,2023-12-14
t-06443,u-3822,2024-02-04
t-06444,u-3823,2024-02-06
t-06445,u-3826,2024-01-16
t-06446,u-3827,2023-12-26
t-06447,u-3827,2023-12-08
t-06448,u-3828,2023-12-24
t-06449,u-3830,2024-02-18
t-06450,u-3830,2023-12-29
t-06451,u-3830,2024-02-02
t-06452,u-3834,2024-01-28
t-06453,u-3834,2023-12-29
t-06454,u-3834,2023-12-06
t-06455,u-3836,2023-12-09
t-06456,u-3836,2024-02-28
t-06457,u-3837,2024-03-02
t-06458,u-3838,2024-01-05
t-06459,u-3838,2023-12-27
t-06460,u-3839,2024-01-11
t-06461,u-3839,2024-01-30
t-06462,u-3839,2024-01-06
t-06463,u-3839,2024-02-12
t-06464,u-3839,2024-02-27
t-06465,u-3840,2023-12-26
t-06466,u-3840,2023-12-07
t-06467,u-3841,2024-01-12
t-06468,u-3841,2024-01-07
t-06469,u-3843,2023-12-11
t-06470,u-3843,2024-01-25
t-06471,u-3844,2024-02-11
t-06472,u-3845,2024-01-10
t-06473,u-3845,2024-02-05
t-06474,u-3845,2024-01-28
t-06475,u-3845,2024-01-28
t-06476,u-3846,2024-02-10
t-06477,u-3846,2024-02-17
t-06478,u-3847,2023-12-04
t-06479,u-3847,2024-02-25
t-06480,u-3848,2024-02-24
t-06481,u-3848,2024-02-21
t-06482,u-3848,2024-01-12
t-06483,u-3848,2024-01-15
t-06484,u-3848,2024-02-23
t-06485,u-3849,2024-01-04
t-06486,u-3849,2024-02-05
t-06487,u-3850,2023-12-11
t-06488,u-3851,2023-12-13
t-06489,u-3851,2024-01-11
t-06490,u-3853,2023-12-20
t-06491,u-3855,2024-01-17
t-06492,u-3855,2024-01-22
t-06493,u-3856,2024-02-22
t-06494,u-3857,2024-02-11
t-06495,u-3858,2023-12-17
t-06496,u-3858,2024-02-29
t-06497,u-3859,2024-02-07
t-06498,u-3859,2023-12-04
t-06499,u-3860,2023-12-18
t-06500,u-3861,2023-12-24
t-06501,u-3861,2024-01-29
t-06502,u-3863,2024-01-16
t-06503,u-3863,2024-02-09
t-06504,u-3863,2024-01-25
t-06505,u-3864,2023-12-30
t-06506,u-3865,2023-12-12
t-06507,u-3865,2024-02-05
t-06508,u-3867,2024-02-03
t-06509,u-3868,2024-02-29
t-06510,u-3870,2024-01-05
t-06511,u-3870,2024-02-25
t-06512,u-3870,2024-02-04
t-06513,u-3871,2024-01-19
t-06514,u-3871,2024-02-22
t-06515,u-3871,2024-02-29
t-06516,u-3871,2024-02-13
t-06517,u-3871,2024-02-05
t-06518,u-3871,2024-02-24
t-06519,u-3872,2024-02-24
t-06520,u-3873,2024-02-22
t-06521,u-3874,2024-01-08
t-06522,u-3874,2024-02-18
t-06523,u-3874,2023-12-08
t-06524,u-3874,2024-02-01
t-06525,u-3875,2024-01-16
t-06526,u-3875,2023-12-10
t-06527,u-3876,2024-01-11
t-06528,u-3876,2024-02-02
t-06529,u-3876,2024-03-01
t-06530,u-3879,2024-01-10
t-06531,u-3880,2024-01-01
t-06532,u-3880,2023-12-23
t-06533,u-3882,2024-01-23
t-06534,u-3882,2024-02-01
t-06535,u-3883,2024-02-24
t-06536,u-3883,2024-02-10
t-06537,u-3883,2023-12-26
t-06538,u-3884,2024-01-30
t-06539,u-3884,2024-02-19
t-06540,u-3885,2024-02-02
t-06541,u-3887,2024-02-21
t-06542,u-3887,2023-12-08
t-06543,u-3888,2024-02-26
t-06544,u-3888,2024-01-18
t-06545,u-3888,2024-02-23
t-06546,u-3888,2024-02-02
t-06547,u-3888,2023-12-17
t-06548,u-3889,2024-02-06
t-06549,u-3889,2023-12-04
t-06550,u-3889,2024-03-02
t-06551,u-3890,2024-02-21
t-06552,u-3890,2024-02-07
t-06553,u-3891,2023-12-17
t-06554,u-3893,2024-02-16
t-06555,u-3895,2023-12-11
t-06556,u-3896,2023-12-09
t-06557,u-3896,2023-12-19
t-06558,u-3897,2023-12-08
t-06559,u-3897,2023-12-09
t-06560,u-3898,2024-01-27
t-06561,u-3898,2024-01-28
t-06562,u-3900,2024-02-17
t-06563,u-3901,2023-12-21
t-06564,u-3901,2024-01-12
t-06565,u-3901,2024-01-27
t-06566,u-3902,2023-12-09
t-06567,u-3904,2024-01-21
t-06568,u-3904,2024-01-16
t-06569,u-3906,2024-02-08
t-06570,u-3906,2024-01-01
t-06571,u-3907,2023-12-16
t-06572,u-3908,2024-01-30
t-06573,u-3908,2024-02-11
t-06574,u-3908,2024-02-04
t-06575,u-3908,2023-12-28
t-06576,u-3909,2023-12-11
t-06577,u-3909,2024-02-04
t-06578,u-3910,2024-01-03
t-06579,u-3911,2024-02-24
t-06580,u-3912,2023-12-10
t-06581,u-3912,2024-01-20
t-06582,u-3912,2024-02-07
t-06583,u-3912,2023-12-08
t-06584,u-3914,2024-02-15
t-06585,u-3914,2024-02-06
t-06586,u-3915,2024-02-19
t-06587,u-3917,2024-02-17
t-06588,u-3917,2023-12-31
t-06589,u-3919,2024-01-17
t-06590,u-3920,2023-12-25
t-06591,u-3922,2024-01-10
t-06592,u-3922,2023-12-07
t-06593,u-3922,2023-12-29
t-06594,u-3922,2024-03-01
t-06595,u-3923,2024-01-17
t-06596,u-3924,2024-01-09
t-06597,u-3924,2023-12-06
t-06598,u-3925,2023-12-04
t-06599,u-3925,2024-01-29
t-06600,u-3925,2024-01-02
t-06601,u-3925,2023-12-19
t-06602,u-3926,2024-01-12
t-06603,u-3926,2024-02-18
t-06604,u-3926,2024-01-02
t-06605,u-3927,2024-01-22
t-06606,u-3928,2023-12-21
t-06607,u-3928,2024-02-02
t-06608,u-3930,2023-12-17
t-06609,u-3931,2024-02-11
t-06610,u-3931,2024-03-02
t-06611,u-3931,2023-12-27
t-06612,u-3931,2023-12-10
t-06613,u-3932,2024-01-23
t-06614,u-3932,2023-12-11
t-06615,u-3934,2024-02-26
t-06616,u-3935,2023-12-04
t-06617,u-3935,2023-12-05
t-06618,u-3936,2023-12-06
t-06619,u-3936,2024-01-03
t-06620,u-3936,2024-01-14
t-06621,u-3938,2023-12-31
t-06622,u-3938,2024-02-04
t-06623,u-3938,2023-12-28
t-06624,u-3940,2024-02-12
t-06625,u-3941,2024-01-12
t-06626,u-3942,2024-01-17
t-06627,u-3943,2024-02-15
t-06628,u-3945,2023-12-11
t-06629,u-3946,2024-01-27
t-06630,u-3946,2024-01-24
t-06631,u-3946,2024-01-15
t-06632,u-3946,2024-01-12
t-06633,u-3946,2024-01-08
t-06634,u-3946,2024-01-28
t-06635,u-3947,2024-02-07
t-06636,u-3948,2024-02-20
t-06637,u-3948,2023-12-31
t-06638,u-3948,2024-01-02
t-06639,u-3949,2024-01-09
t-06640,u-3949,2023-12-20
t-06641,u-3949,2024-02-18
t-06642,u-3949,2024-02-16
t-06643,u-3949,2024-02-05
t-06644,u-3949,2024-02-11
t-06645,u-3949,2024-03-01
t-06646,u-3949,2024-01-27
t-06647,u-3950,2023-12-07
t-06648,u-3952,2024-02-20
t-06649,u-3952,2024-02-12
t-06650,u-3952,2024-01-05
t-06651,u-3952,2024-02-19
t-06652,u-3953,2024-02-23
t-06653,u-3955,2023-12-07
t-06654,u-3955,2024-02-06
t-06655,u-3955,2024-02-21
t-06656,u-3956,2024-01-17
t-06657,u-3956,2024-02-18
t-06658,u-3957,2024-02-10
t-06659,u-3957,2023-12-31
t-06660,u-3959,2024-01-30
t-06661,u-3961,2023-12-14
t-06662,u-3961,2024-02-24
t-06663,u-3961,2023-12-20
t-06664,u-3962,2024-02-03
t-06665,u-3963,2024-01-20
t-06666,u-3963,2024-02-10
t-06667,u-3964,2023-12-12
t-06668,u-3964,2024-01-24
t-06669,u-3965,2024-02-21
t-06670,u-3968,2024-02-15
t-06671,u-3968,2024-02-18
t-06672,u-3968,2024-03-02
t-06673,u-3968,2024-01-02
t-06674,u-3969,2024-01-11
t-06675,u-3969,2024-02-15
t-06676,u-3971,2024-02-01
t-06677,u-3972,2024-01-22
t-06678,u-3972,2024-01-06
t-06679,u-3974,2024-02-25
t-06680,u-3976,2024-02-03
t-06681,u-3976,2023-12-23
t-06682,u-3976,2024-02-03
t-06683,u-3976,2023-12-22
t-06684,u-3976,2024-02-24
t-06685,u-3977,2023-12-09
t-06686,u-3977,2023-12-20
t-06687,u-3978,2024-02-26
t-06688,u-3978,2023-12-09
t-06689,u-3978,2024-01-01
t-06690,u-3983,2023-12-10
t-06691,u-3983,2024-01-02
t-06692,u-3983,2023-12-28
t-06693,u-3986,2024-02-14
t-06694,u-3986,2024-02-06
t-06695,u-3986,2024-02-18
t-06696,u-3987,2023-12-14
t-06697,u-3988,2023-12-06
t-06698,u-3989,2024-02-16
t-06699,u-3989,2024-02-17
t-06700,u-3990,2023-12-15
t-06701,u-3990,2023-12-08
t-06702,u-3990,2024-02-23
t-06703,u-3991,2023-12-09
t-06704,u-3991,2024-01-07
t-06705,u-3991,2024-01-04
t-06706,u-3991,2024-01-18
t-06707,u-3993,2024-02-27
t-06708,u-3993,2024-02-18
t-06709,u-3995,2024-02-20
t-06710,u-3995,2024-02-02
t-06711,u-3997,2024-01-17
t-06712,u-3997,2023-12-25
t-06713,u-3997,2023-12-20
t-06714,u-3998,2024-02-29
t-06715,u-3998,2024-01-08
t-06716,u-3998,2024-01-14
t-06717,u-3998,2024-02-18
t-06718,u-3998,2024-02-13
t-06719,u-4000,2023-12-31
t-06720,u-4001,2024-01-31
t-06721,u-4001,2024-01-31
t-06722,u-4001,2024-01-26
t-06723,u-4002,2024-02-18
t-06724,u-4004,2024-02-14
t-06725,u-4004,2023-12-10
t-06726,u-4004,2023-12-07
t-06727,u-4004,2024-02-10
t-06728,u-4004,2024-02-07
t-06729,u-4004,2024-01-01
t-06730,u-4004,2023-12-11
t-06731,u-4005,2023-12-21
t-06732,u-4005,2024-01-22
t-06733,u-4005,2024-02-27
t-06734,u-4007,2024-01-30
t-06735,u-4007,2024-02-08
t-06736,u-4008,2024-01-17
t-06737,u-4010,2023-12-30
t-06738,u-4010,2024-01-10
t-06739,u-4011,2024-01-08
t-06740,u-4013,2024-02-12
t-06741,u-4014,2024-01-07
t-06742,u-4015,2024-01-12
t-06743,u-4016,2024-02-03
t-06744,u-4016,2023-12-17
t-06745,u-4016,2024-01-01
t-06746,u-4016,2024-01-27
t-06747,u-4017,2024-02-14
t-06748,u-4017,2023-12-04
t-06749,u-4017,2024-01-20
t-06750,u-4017,2023-12-05
t-06751,u-4019,2024-02-13
t-06752,u-4019,2024-01-06
t-06753,u-4019,2023-12-24
t-06754,u-4019,2024-01-28
t-06755,u-4020,2024-01-09
t-06756,u-4020,2023-12-26
t-06757,u-4023,2023-12-30
t-06758,u-4023,2023-12-17
t-06759,u-4023,2024-02-01
t-06760,u-4024,2023-12-27
t-06761,u-4026,2024-02-21
t-06762,u-4026,2023-12-28
t-06763,u-4027,2024-01-07
t-06764,u-4028,2024-01-16
t-06765,u-4028,2024-02-26
t-06766,u-4028,2023-12-15
t-06767,u-4030,2024-03-02
t-06768,u-4031,2024-01-25
t-06769,u-4032,2024-02-16
t-06770,u-4034,2024-02-18
t-06771,u-4035,2023-12-22
t-06772,u-4035,2024-02-01
t-06773,u-4035,2024-02-05
t-06774,u-4037,2023-12-04
t-06775,u-4037,2024-01-12
t-06776,u-4037,2024-02-06
t-06777,u-4038,2023-12-11
t-06778,u-4038,2023-12-12
t-06779,u-4038,2024-02-16
t-06780,u-4038,2024-01-31
t-06781,u-4039,2024-01-09
t-06782,u-4040,2024-02-12
t-06783,u-4040,2024-02-08
t-06784,u-4040,2024-02-21
t-06785,u-4040,2023-12-25
t-06786,u-4041,2023-12-17
t-06787,u-4041,2023-12-17
t-06788,u-4041,2024-02-27
t-06789,u-4044,2023-12-29
t-06790,u-4044,2023-12-28
t-06791,u-4044,2024-01-11
t-06792,u-4044,2024-01-14
t-06793,u-4044,2023-12-23
t-06794,u-4044,2024-01-31
t-06795,u-4046,2024-01-22
t-06796,u-4046,2024-02-27
t-06797,u-4047,2024-01-25
t-06798,u-4047,2023-12-14
t-06799,u-4047,2024-01-29
t-06800,u-4049,2024-01-28
t-06801,u-4051,2024-01-10
t-06802,u-4052,2024-02-08
t-06803,u-4052,2023-12-11
t-06804,u-4052,2023-12-10
t-06805,u-4053,2023-12-20
t-06806,u-4054,2024-02-23
t-06807,u-4055,2023-12-23
t-06808,u-4055,2024-01-25
t-06809,u-4055,2024-02-12
t-06810,u-4055,2023-12-18
t-06811,u-4055,2024-02-05
t-06812,u-4056,2023-12-19
t-06813,u-4056,2024-01-02
t-06814,u-4056,2023-12-16
t-06815,u-4056,2024-02-22
t-06816,u-4056,2024-02-12
t-06817,u-4057,2024-01-14
t-06818,u-4057,2023-12-17
t-06819,u-4059,2023-12-16
t-06820,u-4059,2024-01-08
t-06821,u-4059,2024-01-17
t-06822,u-4061,2023-12-09
t-06823,u-4062,2024-02-18
t-06824,u-4063,2024-01-31
t-06825,u-4064,2023-12-18
t-06826,u-4064,2024-02-16
t-06827,u-4065,2024-01-30
t-06828,u-4065,2024-02-25
t-06829,u-4067,2023-12-25
t-06830,u-4067,2023-12-21
t-06831,u-4068,2024-02-09
t-06832,u-4068,2024-03-02
t-06833,u-4068,2024-02-24
t-06834,u-4068,2024-02-01
t-06835,u-4068,2023-12-28
t-06836,u-4070,2024-01-29
t-06837,u-4070,2024-02-01
t-06838,u-4072,2024-02-05
t-06839,u-4072,2023-12-18
t-06840,u-4072,2024-02-06
t-06841,u-4073,2023-12-06
t-06842,u-4073,2023-12-10
t-06843,u-4074,2023-12-08
t-06844,u-4075,2024-02-10
t-06845,u-4075,2024-02-24
t-06846,u-4075,2023-12-12
t-06847,u-4075,2024-01-18
t-06848,u-4075,2023-12-07
t-06849,u-4076,2024-01-19
t-06850,u-4076,2023-12-17
t-06851,u-4077,2024-01-05
t-06852,u-4079,2024-01-22
t-06853,u-4079,2023-12-25
t-06854,u-4080,2024-01-25
t-06855,u-4080,2023-12-21
t-06856,u-4081,2024-01-23
t-06857,u-4083,2024-01-28
t-06858,u-4083,2024-01-04
t-06859,u-4084,2024-01-21
t-06860,u-4086,2023-12-26
t-06861,u-4086,2023-12-31
t-06862,u-4086,2024-01-30
t-06863,u-4087,2024-03-02
t-06864,u-4087,2023-12-12
t-06865,u-4088,2023-12-28
t-06866,u-4088,2024-01-13
t-06867,u-4089,2023-12-27
t-06868,u-4089,2024-01-19
t-06869,u-4089,2023-12-18
t-06870,u-4089,2024-02-11
t-06871,u-4089,2023-12-27
t-06872,u-4090,2023-12-28
t-06873,u-4091,2024-03-01
t-06874,u-4091,2024-01-09
t-06875,u-4091,2024-01-22
t-06876,u-4092,2023-12-23
t-06877,u-4093,2024-02-25
t-06878,u-4094,2024-02-06
t-06879,u-4094,2024-01-17
t-06880,u-4095,2024-02-23
t-06881,u-4097,2023-12-28
t-06882,u-4097,2024-01-03
t-06883,u-4097,2024-01-13
t-06884,u-4097,2024-01-31
t-06885,u-4097,2024-02-16
t-06886,u-4097,2023-12-25
t-06887,u-4097,2023-12-22
t-06888,u-4098,2024-01-17
t-06889,u-4098,2024-02-02
t-06890,u-4100,2024-01-20
t-06891,u-4101,2024-01-11
t-06892,u-4102,2024-01-24
t-06893,u-4102,2024-02-14
t-06894,u-4102,2024-01-03
t-06895,u-4102,2023-12-22
t-06896,u-4102,2024-01-21
t-06897,u-4103,2024-01-28
t-06898,u-4104,2024-02-05
t-06899,u-4104,2023-12-13
t-06900,u-4104,2024-02-26
t-06901,u-4104,2024-01-13
t-06902,u-4105,2023-12-04
t-06903,u-4105,2023-12-08
t-06904,u-4105,2024-02-21
t-06905,u-4106,2024-01-27
t-06906,u-4106,2023-12-20
t-06907,u-4107,2023-12-18
t-06908,u-4108,2024-02-28
t-06909,u-4108,2024-01-02
t-06910,u-4110,2024-01-22
t-06911,u-4110,2023-12-25
t-06912,u-4111,2023-12-06
t-06913,u-4112,2024-01-21
t-06914,u-4112,2024-01-03
t-06915,u-4114,2024-01-05
t-06916,u-4114,2023-12-22
t-06917,u-4114,2023-12-05
t-06918,u-4114,2024-01-15
t-06919,u-4115,2024-01-06
t-06920,u-4116,2024-01-21
t-06921,u-4116,2023-12-12
t-06922,u-4116,2024-01-25
t-06923,u-4117,2024-01-25
t-06924,u-4117,2024-02-16
t-06925,u-4117,2024-01-24
t-06926,u-4118,2024-01-03
t-06927,u-4118,2024-01-05
t-06928,u-4118,2024-01-10
t-06929,u-4121,2024-01-20
t-06930,u-4121,2024-01-04
t-06931,u-4122,2024-02-28
t-06932,u-4122,2023-12-05
t-06933,u-4123,2024-01-21
t-06934,u-4124,2024-02-01
t-06935,u-4126,2024-01-12
t-06936,u-4126,2024-02-25
t-06937,u-4126,2023-12-25
t-06938,u-4127,2023-12-23
t-06939,u-4127,2023-12-04
t-06940,u-4128,2023-12-21
t-06941,u-4128,2024-02-14
t-06942,u-4129,2023-12-08
t-06943,u-4129,2024-01-18
t-06944,u-4130,2024-01-19
t-06945,u-4130,2024-02-23
t-06946,u-4130,2024-02-20
t-06947,u-4132,2024-02-02
t-06948,u-4132,2024-02-15
t-06949,u-4132,2024-02-21
t-06950,u-4133,2024-01-29
t-06951,u-4133,2024-01-30
t-06952,u-4133,2024-01-13
t-06953,u-4134,2024-01-16
t-06954,u-4134,2024-02-29
t-06955,u-4134,2024-01-06
t-06956,u-4134,2023-12-07
t-06957,u-4134,2023-12-28
t-06958,u-4135,2023-12-12
t-06959,u-4136,2024-01-18
t-06960,u-4136,2024-01-24
t-06961,u-4136,2023-12-18
t-06962,u-4137,2024-02-19
t-06963,u-4137,2023-12-06
t-06964,u-4142,2023-12-08
t-06965,u-4143,2024-02-06
t-06966,u-4144,2024-01-24
t-06967,u-4144,2024-01-29
t-06968,u-4144,2024-02-07
t-06969,u-4144,2024-01-22
t-06970,u-4144,2024-02-18
t-06971,u-4145,2024-02-25
t-06972,u-4145,2024-02-26
t-06973,u-4146,2024-01-22
t-06974,u-4146,2024-02-04
t-06975,u-4146,2024-02-14
t-06976,u-4147,2024-01-14
t-06977,u-4148,2024-02-20
t-06978,u-4148,2024-02-04
t-06979,u-4148,2023-12-04
t-06980,u-4148,2024-02-08
t-06981,u-4148,2024-01-13
t-06982,u-4148,2024-01-11
t-06983,u-4149,2023-12-12
t-06984,u-4149,2024-02-29
t-06985,u-4150,2024-01-18
t-06986,u-4150,2023-12-15
t-06987,u-4152,2024-02-04
t-06988,u-4152,2023-12-24
t-06989,u-4152,2024-02-01
t-06990,u-4154,2024-01-05
t-06991,u-4154,2023-12-06
t-06992,u-4154,2023-12-27
t-06993,u-4155,2024-01-06
t-06994,u-4157,2024-01-02
t-06995,u-4158,2023-12-08
t-06996,u-4158,2024-02-11
t-06997,u-4160,2023-12-21
t-06998,u-4160,2023-12-24
t-06999,u-4160,2024-02-08
t-07000,u-4160,2024-02-06
t-07001,u-4161,2024-01-31
t-07002,u-4162,2024-02-03
t-07003,u-4163,2024-02-13
t-07004,u-4163,2024-02-12
t-07005,u-4164,2024-02-26
t-07006,u-4164,2023-12-24
t-07007,u-4165,2024-01-09
t-07008,u-4165,2023-12-09
t-07009,u-4165,2024-01-24
t-07010,u-4165,2023-12-05
t-07011,u-4165,2024-02-14
t-07012,u-4165,2024-01-07
t-07013,u-4166,2024-01-05
t-07014,u-4166,2024-02-19
t-07015,u-4166,2023-12-14
t-07016,u-4166,2024-02-26
t-07017,u-4167,2023-12-20
t-07018,u-4168,2023-12-21
t-07019,u-4168,2024-01-04
t-07020,u-4168,2023-12-11
t-07021,u-4170,2024-02-25
t-07022,u-4171,2024-02-08
t-07023,u-4172,2024-02-11
t-07024,u-4173,2024-02-18
t-07025,u-4173,2024-01-12
t-07026,u-4173,2024-02-21
t-07027,u-4174,2024-01-09
t-07028,u-4174,2024-01-24
t-07029,u-4174,2023-12-14
t-07030,u-4174,2024-02-29
t-07031,u-4174,2023-12-22
t-07032,u-4174,2024-01-02
t-07033,u-4175,2024-01-01
t-07034,u-4177,2023-12-04
t-07035,u-4178,2023-12-27
t-07036,u-4179,2023-12-06
t-07037,u-4179,2024-02-25
t-07038,u-4179,2023-12-26
t-07039,u-4180,2024-02-13
t-07040,u-4181,2023-12-26
t-07041,u-4182,2024-01-31
t-07042,u-4182,2023-12-04
t-07043,u-4182,2023-12-12
t-07044,u-4182,2024-03-02
t-07045,u-4182,2023-12-28
t-07046,u-4183,2024-02-07
t-07047,u-4186,2023-12-13
t-07048,u-4187,2024-01-05
t-07049,u-4190,2024-01-28
t-07050,u-4190,2024-01-28
t-07051,u-4190,2023-12-24
t-07052,u-4191,2024-02-28
t-07053,u-4191,2024-01-23
t-07054,u-4193,2023-12-07
t-07055,u-4196,2024-02-03
t-07056,u-4197,2024-02-09
t-07057,u-4199,2024-02-12
t-07058,u-4199,2024-03-01
t-07059,u-4199,2024-01-22
t-07060,u-4199,2024-01-19
t-07061,u-4200,2024-01-16
t-07062,u-4201,2024-01-06
t-07063,u-4203,2024-01-05
t-07064,u-4204,2024-02-17
t-07065,u-4208,2023-12-07
t-07066,u-4208,2023-12-21
t-07067,u-4208,2024-02-20
t-07068,u-4208,2024-01-03
t-07069,u-4208,2023-12-21
t-07070,u-4208,2024-02-10
t-07071,u-4208,2024-01-12
t-07072,u-4209,2024-02-02
t-07073,u-4209,2024-01-15
t-07074,u-4209,2023-12-10
t-07075,u-4209,2024-01-09
t-07076,u-4210,2024-01-06
t-07077,u-4210,2024-01-21
t-07078,u-4210,2024-01-13
t-07079,u-4210,2024-01-14
t-07080,u-4211,2024-02-29
t-07081,u-4211,2024-02-19
t-07082,u-4211,2023-12-04
t-07083,u-4211,2024-02-20
t-07084,u-4211,2024-02-14
t-07085,u-4211,2023-12-22
t-07086,u-4211,2024-01-26
t-07087,u-4212,2023-12-27
t-07088,u-4212,2024-02-04
t-07089,u-4212,2024-02-13
t-07090,u-4212,2024-02-15
t-07091,u-4212,2024-02-23
t-07092,u-4212,2024-01-02
t-07093,u-4214,2024-02-17
t-07094,u-4214,2024-02-04
t-07095,u-4214,2024-02-09
t-07096,u-4215,2024-02-01
t-07097,u-4216,2023-12-31
t-07098,u-4216,2024-02-14
t-07099,u-4216,2024-01-18
t-07100,u-4217,2023-12-14
t-07101,u-4217,2024-02-08
t-07102,u-4218,2023-12-31
t-07103,u-4219,2023-12-26
t-07104,u-4219,2024-01-12
t-07105,u-4220,2024-02-24
t-07106,u-4221,2024-01-17
t-07107,u-4222,2024-01-23
t-07108,u-4223,2023-12-24
t-07109,u-4223,2024-01-24
t-07110,u-4223,2024-01-17
t-07111,u-4223,2024-01-06
t-07112,u-4223,2024-01-31
t-07113,u-4224,2023-12-08
t-07114,u-4224,2024-01-31
t-07115,u-4226,2024-02-24
t-07116,u-4228,2023-12-06
t-07117,u-4229,2023-12-24
t-07118,u-4229,2024-02-20
t-07119,u-4229,2023-12-10
t-07120,u-4229,2024-01-13
t-07121,u-4229,2024-01-24
t-07122,u-4230,2024-01-01
t-07123,u-4230,2024-01-24
t-07124,u-4230,2024-01-13
t-07125,u-4231,2024-01-19
t-07126,u-4232,2024-01-05
t-07127,u-4232,2024-01-20
t-07128,u-4232,2023-12-24
t-07129,u-4232,2023-12-27
t-07130,u-4233,2023-12-15
t-07131,u-4233,2023-12-24
t-07132,u-4233,2024-01-03
t-07133,u-4233,2024-02-14
t-07134,u-4234,2023-12-12
t-07135,u-4234,2023-12-12
t-07136,u-4235,2024-01-11
t-07137,u-4235,2024-01-24
t-07138,u-4235,2023-12-10
t-07139,u-4235,2024-01-06
t-07140,u-4235,2024-01-04
t-07141,u-4235,2024-02-20
t-07142,u-4237,2024-02-16
t-07143,u-4238,2023-12-12
t-07144,u-4238,2023-12-15
t-07145,u-4238,2024-02-05
t-07146,u-4238,2024-02-24
t-07147,u-4240,2024-02-04
t-07148,u-4241,2023-12-30
t-07149,u-4241,2024-01-30
t-07150,u-4243,2024-01-18
t-07151,u-4243,2024-01-18
t-07152,u-4245,2023-12-16
t-07153,u-4245,2023-12-04
t-07154,u-4245,2023-12-17
t-07155,u-4246,2024-01-29
t-07156,u-4246,2024-02-10
t-07157,u-4251,2024-03-02
t-07158,u-4252,2024-02-06
t-07159,u-4252,2024-01-11
t-07160,u-4252,2024-01-17
t-07161,u-4253,2023-12-27
t-07162,u-4254,2024-01-05
t-07163,u-4254,2023-12-18
t-07164,u-4255,2024-02-29
t-07165,u-4255,2024-01-31
t-07166,u-4255,2023-12-04
t-07167,u-4255,2023-12-07
t-07168,u-4255,2024-02-24
t-07169,u-4256,2023-12-28
t-07170,u-4257,2023-12-20
t-07171,u-4257,2023-12-08
t-07172,u-4258,2023-12-27
t-07173,u-4258,2023-12-28
t-07174,u-4260,2024-01-28
t-07175,u-4261,2023-12-18
t-07176,u-4261,2024-02-24
t-07177,u-4262,2024-01-01
t-07178,u-4262,2024-02-05
t-07179,u-4263,2024-01-16
t-07180,u-4263,2024-02-03
t-07181,u-4263,2023-12-17
t-07182,u-4264,2024-01-14
t-07183,u-4264,2024-02-09
t-07184,u-4265,2023-12-29
t-07185,u-4265,2023-12-10
t-07186,u-4266,2024-01-30
t-07187,u-4266,2024-02-09
t-07188,u-4266,2023-12-09
t-07189,u-4266,2024-01-21
t-07190,u-4266,2024-01-26
t-07191,u-4267,2023-12-26
t-07192,u-4267,2024-02-18
t-07193,u-4267,2024-01-25
t-07194,u-4269,2024-02-02
t-07195,u-4270,2024-01-03
t-07196,u-4270,2023-12-16
t-07197,u-4270,2024-01-10
t-07198,u-4271,2023-12-06
t-07199,u-4271,2024-02-15
t-07200,u-4271,2024-01-10
t-07201,u-4271,2024-01-12
t-07202,u-4272,2024-01-10
t-07203,u-4273,2023-12-15
t-07204,u-4273,2023-12-21
t-07205,u-4274,2024-01-25
t-07206,u-4276,2024-01-03
t-07207,u-4276,2023-12-14
t-07208,u-4276,2024-02-04
t-07209,u-4276,2024-01-27
t-07210,u-4276,2024-01-07
t-07211,u-4276,2023-12-08
t-07212,u-4277,2024-01-13
t-07213,u-4277,2024-02-03
t-07214,u-4278,2024-02-09
t-07215,u-4278,2023-12-31
t-07216,u-4278,2024-01-17
t-07217,u-4279,2024-02-23
t-07218,u-4279,2023-12-14
t-07219,u-4280,2023-12-05
t-07220,u-4280,2024-02-01
t-07221,u-4280,2024-02-18
t-07222,u-4280,2024-02-14
t-07223,u-4281,2024-02-18
t-07224,u-4282,2024-03-01
t-07225,u-4282,2024-02-25
t-07226,u-4283,2023-12-20
t-07227,u-4283,2023-12-08
t-07228,u-4283,2024-02-20
t-07229,u-4283,2024-02-04
t-07230,u-4283,2023-12-09
t-07231,u-4284,2024-01-24
t-07232,u-4285,2024-02-29
t-07233,u-4286,2023-12-28
t-07234,u-4286,2024-01-20
t-07235,u-4286,2024-02-08
t-07236,u-4286,2024-02-12
t-07237,u-4286,2023-12-12
t-07238,u-4286,2024-02-14
t-07239,u-4286,2024-01-01
t-07240,u-4286,2024-01-14
t-07241,u-4287,2024-02-01
t-07242,u-4287,2024-01-27
t-07243,u-4287,2024-01-23
t-07244,u-4287,2024-01-01
t-07245,u-4288,2023-12-29
t-07246,u-4288,2024-02-12
t-07247,u-4288,2024-02-19
t-07248,u-4289,2024-02-17
t-07249,u-4291,2024-01-02
t-07250,u-4291,2024-01-22
t-07251,u-4291,2023-12-28
t-07252,u-4291,2023-12-17
t-07253,u-4291,2023-12-21
t-07254,u-4292,2024-01-05
t-07255,u-4292,2023-12-04
t-07256,u-4293,2024-02-20
t-07257,u-4293,2024-01-25
t-07258,u-4293,2023-12-08
t-07259,u-4293,2023-12-23
t-07260,u-4293,2024-02-04
t-07261,u-4293,2023-12-06
t-07262,u-4293,2023-12-18
t-07263,u-4293,2024-02-07
t-07264,u-4294,2023-12-16
t-07265,u-4294,2023-12-17
t-07266,u-4295,2024-01-01
t-07267,u-4296,2024-02-18
t-07268,u-4297,2024-01-13
t-07269,u-4298,2023-12-25
t-07270,u-4299,2024-02-25
t-07271,u-4301,2024-01-29
t-07272,u-4302,2023-12-27
t-07273,u-4302,2024-01-03
t-07274,u-4302,2024-02-01
t-07275,u-4302,2023-12-07
t-07276,u-4303,2024-02-23
t-07277,u-4303,2024-02-04
t-07278,u-4304,2024-02-08
t-07279,u-4304,2024-01-04
t-07280,u-4304,2024-02-04
t-07281,u-4304,2024-01-04
t-07282,u-4304,2024-02-09
t-07283,u-4304,2023-12-22
t-07284,u-4305,2024-02-01
t-07285,u-4306,2024-02-07
t-07286,u-4307,2023-12-22
t-07287,u-4308,2024-03-02
t-07288,u-4309,2023-12-25
t-07289,u-4309,2023-12-19
t-07290,u-4314,2023-12-15
t-07291,u-4314,2023-12-12
t-07292,u-4315,2024-02-18
t-07293,u-4315,2023-12-30
t-07294,u-4316,2023-12-17
t-07295,u-4316,2024-02-06
t-07296,u-4317,2024-03-02
t-07297,u-4317,2024-02-14
t-07298,u-4317,2024-01-09
t-07299,u-4319,2024-02-27
t-07300,u-4319,2024-02-18
t-07301,u-4321,2023-12-06
t-07302,u-4322,2024-02-21
t-07303,u-4323,2023-12-13
t-07304,u-4324,2024-01-29
t-07305,u-4325,2024-02-27
t-07306,u-4325,2024-01-27
t-07307,u-4325,2023-12-17
t-07308,u-4325,2023-12-27
t-07309,u-4326,2024-01-22
t-07310,u-4326,2023-12-19
t-07311,u-4327,2023-12-10
t-07312,u-4327,2024-01-01
t-07313,u-4327,2023-12-28
t-07314,u-4327,2024-01-09
t-07315,u-4327,2024-01-20
t-07316,u-4327,2024-02-07
t-07317,u-4327,2024-01-17
t-07318,u-4327,2023-12-28
t-07319,u-4327,2024-02-25
t-07320,u-4327,2024-02-01
t-07321,u-4328,2024-02-27
t-07322,u-4328,2024-02-23
t-07323,u-4329,2023-12-28
t-07324,u-4330,2024-02-06
t-07325,u-4330,2023-12-22
t-07326,u-4330,2024-02-23
t-07327,u-4331,2024-02-11
t-07328,u-4331,2023-12-13
t-07329,u-4331,2023-12-30
t-07330,u-4335,2024-01-24
t-07331,u-4335,2023-12-30
t-07332,u-4335,2024-02-16
t-07333,u-4335,2023-12-16
t-07334,u-4336,2024-01-17
t-07335,u-4336,2024-01-27
t-07336,u-4337,2024-01-27
t-07337,u-4338,2024-02-08
t-07338,u-4339,2023-12-26
t-07339,u-4339,2024-01-14
t-07340,u-4340,2024-01-14
t-07341,u-4340,2023-12-13
t-07342,u-4341,2023-12-29
t-07343,u-4342,2023-12-23
t-07344,u-4342,2024-02-19
t-07345,u-4343,2024-02-05
t-07346,u-4343,2023-12-19
t-07347,u-4343,2024-02-14
t-07348,u-4344,2024-01-08
t-07349,u-4344,2024-02-29
t-07350,u-4344,2024-01-19
t-07351,u-4344,2023-12-25
t-07352,u-4344,2024-02-16
t-07353,u-4345,2024-01-18
t-07354,u-4345,2024-01-28
t-07355,u-4346,2024-01-15
t-07356,u-4346,2024-01-19
t-07357,u-4347,2024-02-20
t-07358,u-4348,2024-02-10
t-07359,u-4348,2024-01-12
t-07360,u-4348,2024-01-10
t-07361,u-4348,2024-01-11
t-07362,u-4349,2023-12-27
t-07363,u-4349,2023-12-29
t-07364,u-4350,2024-01-24
t-07365,u-4351,2024-02-12
t-07366,u-4351,2024-02-21
t-07367,u-4351,2024-01-31
t-07368,u-4352,2024-01-25
t-07369,u-4353,2024-02-05
t-07370,u-4353,2024-02-26
t-07371,u-4354,2024-01-31
t-07372,u-4354,2024-01-13
t-07373,u-4354,2023-12-08
t-07374,u-4355,2024-02-29
t-07375,u-4355,2023-12-08
t-07376,u-4355,2023-12-21
t-07377,u-4355,2024-01-14
t-07378,u-4355,2024-02-12
t-07379,u-4355,2023-12-11
t-07380,u-4356,2024-02-03
t-07381,u-4356,2024-01-29
t-07382,u-4356,2024-02-09
t-07383,u-4357,2023-12-04
t-07384,u-4358,2023-12-27
t-07385,u-4358,2024-02-02
t-07386,u-4359,2024-02-09
t-07387,u-4359,2024-01-21
t-07388,u-4359,2024-02-20
t-07389,u-4359,2024-02-24
t-07390,u-4360,2023-12-15
t-07391,u-4360,2023-12-22
t-07392,u-4360,2024-02-18
t-07393,u-4361,2024-01-07
t-07394,u-4361,2024-02-06
t-07395,u-4362,2023-12-26
t-07396,u-4362,2024-02-20
t-07397,u-4363,2024-01-30
t-07398,u-4363,2023-12-25
t-07399,u-4363,2024-01-09
t-07400,u-4365,2024-01-14
t-07401,u-4365,2024-03-02
t-07402,u-4365,2024-03-02
t-07403,u-4365,2024-01-13
t-07404,u-4366,2024-02-02
t-07405,u-4366,2023-12-14
t-07406,u-4366,2024-02-21
t-07407,u-4367,2023-12-13
t-07408,u-4368,2024-02-07
t-07409,u-4368,2023-12-29
t-07410,u-4369,2023-12-17
t-07411,u-4369,2024-02-18
t-07412,u-4369,2023-12-09
t-07413,u-4370,2024-01-11
t-07414,u-4370,2024-01-31
t-07415,u-4370,2024-02-18
t-07416,u-4370,2024-02-20
t-07417,u-4371,2024-02-10
t-07418,u-4372,2024-01-12
t-07419,u-4373,2023-12-21
t-07420,u-4373,2024-01-16
t-07421,u-4374,2023-12-04
t-07422,u-4374,2024-01-05
t-07423,u-4374,2024-01-21
t-07424,u-4374,2024-01-20
t-07425,u-4374,2024-02-25
t-07426,u-4375,2024-01-21
t-07427,u-4375,2024-01-22
t-07428,u-4377,2023-12-15
t-07429,u-4377,2024-01-18
t-07430,u-4377,2024-02-11
t-07431,u-4379,2024-01-21
t-07432,u-4380,2024-02-16
t-07433,u-4380,2024-01-23
t-07434,u-4381,2024-01-31
t-07435,u-4382,2023-12-17
t-07436,u-4382,2024-02-12
t-07437,u-4382,2023-12-06
t-07438,u-4382,2024-01-18
t-07439,u-4383,2023-12-22
t-07440,u-4383,2023-12-23
t-07441,u-4383,2023-12-08
t-07442,u-4383,2024-02-22
t-07443,u-4384,2024-01-25
t-07444,u-4384,2024-02-14
t-07445,u-4386,2024-01-12
t-07446,u-4386,2023-12-29
t-07447,u-4386,2023-12-08
t-07448,u-4387,2024-01-15
t-07449,u-4387,2024-02-27
t-07450,u-4388,2023-12-19
t-07451,u-4388,2023-12-28
t-07452,u-4390,2024-01-16
t-07453,u-4390,2024-01-18
t-07454,u-4391,2024-02-21
t-07455,u-4391,2024-01-27
t-07456,u-4391,2024-01-21
t-07457,u-4392,2023-12-12
t-07458,u-4393,2024-01-13
t-07459,u-4394,2024-01-27
t-07460,u-4394,2024-01-25
t-07461,u-4395,2024-02-15
t-07462,u-4395,2024-01-11
t-07463,u-4397,2024-02-29
t-07464,u-4398,2023-12-24
t-07465,u-4398,2023-12-19
t-07466,u-4399,2024-01-09
t-07467,u-4400,2024-01-11
t-07468,u-4400,2024-01-02
t-07469,u-4400,2024-01-03
t-07470,u-4401,2024-02-24
t-07471,u-4401,2024-01-22
t-07472,u-4402,2024-01-22
t-07473,u-4402,2024-02-10
t-07474,u-4404,2024-02-18
t-07475,u-4404,2023-12-29
t-07476,u-4404,2024-01-28
t-07477,u-4404,2024-01-17
t-07478,u-4405,2023-12-07
t-07479,u-4405,2024-02-18
t-07480,u-4405,2024-02-03
t-07481,u-4405,2023-12-16
t-07482,u-4407,2024-02-26
t-07483,u-4407,2024-01-01
t-07484,u-4407,2023-12-22
t-07485,u-4407,2023-12-30
t-07486,u-4409,2024-01-20
t-07487,u-4410,2024-01-03
t-07488,u-4410,2024-02-21
t-07489,u-4411,2024-02-23
t-07490,u-4411,2024-03-02
t-07491,u-4411,2024-01-06
t-07492,u-4411,2024-02-27
t-07493,u-4412,2023-12-04
t-07494,u-4412,2023-12-05
t-07495,u-4412,2024-01-03
t-07496,u-4412,2024-03-02
t-07497,u-4412,2024-02-11
t-07498,u-4413,2023-12-04
t-07499,u-4414,2024-01-03
t-07500,u-4414,2024-02-14
t-07501,u-4414,2024-01-10
t-07502,u-4414,2023-12-23
t-07503,u-4415,2024-01-20
t-07504,u-4415,2024-02-21
t-07505,u-4415,2023-12-16
t-07506,u-4415,2024-02-01
t-07507,u-4417,2024-02-09
t-07508,u-4418,2024-02-01
t-07509,u-4418,2024-01-04
t-07510,u-4419,2023-12-16
t-07511,u-4419,2024-01-30
t-07512,u-4419,2024-01-07
t-07513,u-4419,2024-01-11
t-07514,u-4419,2024-02-02
t-07515,u-4419,2023-12-09
t-07516,u-4420,2024-01-08
t-07517,u-4420,2023-12-06
t-07518,u-4420,2024-02-19
t-07519,u-4421,2024-02-18
t-07520,u-4421,2024-01-23
t-07521,u-4422,2024-01-07
t-07522,u-4422,2024-02-03
t-07523,u-4422,2024-01-22
t-07524,u-4422,2024-01-15
t-07525,u-4422,2024-02-07
t-07526,u-4424,2024-01-30
t-07527,u-4424,2023-12-10
t-07528,u-4424,2024-02-24
t-07529,u-4424,2024-01-17
t-07530,u-4426,2024-02-27
t-07531,u-4426,2024-01-08
t-07532,u-4428,2024-03-02
t-07533,u-4429,2023-12-05
t-07534,u-4429,2024-01-28
t-07535,u-4429,2024-02-01
t-07536,u-4432,2024-03-01
t-07537,u-4433,2024-01-18
t-07538,u-4434,2024-01-07
t-07539,u-4434,2023-12-26
t-07540,u-4435,2023-12-18
t-07541,u-4439,2023-12-28
t-07542,u-4441,2024-03-02
t-07543,u-4442,2024-01-09
t-07544,u-4443,2023-12-27
t-07545,u-4443,2024-01-28
t-07546,u-4444,2024-02-04
t-07547,u-4445,2024-02-26
t-07548,u-4445,2023-12-17
t-07549,u-4445,2024-01-23
t-07550,u-4446,2023-12-04
t-07551,u-4447,2024-01-01
t-07552,u-4447,2024-02-05
t-07553,u-4448,2023-12-09
t-07554,u-4449,2024-02-08
t-07555,u-4449,2024-01-07
t-07556,u-4449,2023-12-17
t-07557,u-4449,2024-02-08
t-07558,u-4449,2024-01-23
t-07559,u-4450,2024-02-01
t-07560,u-4451,2024-03-01
t-07561,u-4451,2024-02-11
t-07562,u-4451,2024-02-10
t-07563,u-4451,2024-01-18
t-07564,u-4451,2023-12-17
t-07565,u-4453,2024-01-08
t-07566,u-4453,2024-01-06
t-07567,u-4453,2024-03-01
t-07568,u-4454,2024-02-22
t-07569,u-4454,2024-01-05
t-07570,u-4456,2023-12-20
t-07571,u-4456,2024-01-19
t-07572,u-4458,2024-01-11
t-07573,u-4458,2024-02-25
t-07574,u-4458,2024-02-08
t-07575,u-4458,2024-01-10
t-07576,u-4458,2024-02-28
t-07577,u-4460,2023-12-23
t-07578,u-4460,2024-02-07
t-07579,u-4460,2023-12-13
t-07580,u-4461,2024-01-28
t-07581,u-4461,2024-02-03
t-07582,u-4461,2023-12-16
t-07583,u-4463,2023-12-14
t-07584,u-4463,2023-12-25
t-07585,u-4466,2024-01-08
t-07586,u-4466,2023-12-10
t-07587,u-4466,2024-02-26
t-07588,u-4466,2023-12-26
t-07589,u-4468,2024-02-13
t-07590,u-4468,2024-02-08
t-07591,u-4468,2023-12-25
t-07592,u-4469,2024-01-10
t-07593,u-4469,2024-01-02
t-07594,u-4470,2023-12-24
t-07595,u-4470,2024-02-02
t-07596,u-4470,2024-01-04
t-07597,u-4472,2024-02-10
t-07598,u-4473,2024-02-21
t-07599,u-4475,2024-02-13
t-07600,u-4476,2024-02-17
t-07601,u-4476,2023-12-18
t-07602,u-4476,2024-01-18
t-07603,u-4476,2024-02-14
t-07604,u-4477,2023-12-27
t-07605,u-4477,2023-12-22
t-07606,u-4477,2024-02-27
t-07607,u-4478,2024-02-23
t-07608,u-4478,2024-02-15
t-07609,u-4478,2024-02-10
t-07610,u-4479,2024-02-14
t-07611,u-4480,2024-01-11
t-07612,u-4482,2023-12-28
t-07613,u-4482,2024-01-29
t-07614,u-4483,2024-02-27
t-07615,u-4483,2024-01-20
t-07616,u-4484,2023-12-10
t-07617,u-4484,2023-12-08
t-07618,u-4484,2024-01-18
t-07619,u-4484,2023-12-11
t-07620,u-4484,2024-03-02
t-07621,u-4484,2023-12-09
t-07622,u-4484,2024-01-24
t-07623,u-4484,2024-02-26
t-07624,u-4485,2023-12-26
t-07625,u-4485,2024-02-15
t-07626,u-4485,2023-12-04
t-07627,u-4486,2024-01-07
t-07628,u-4486,2024-02-12
t-07629,u-4486,2024-01-31
t-07630,u-4487,2024-01-04
t-07631,u-4488,2024-01-18
t-07632,u-4488,2024-01-05
t-07633,u-4488,2024-02-08
t-07634,u-4488,2024-02-18
t-07635,u-4489,2024-01-01
t-07636,u-4489,2024-01-07
t-07637,u-4490,2023-12-11
t-07638,u-4490,2023-12-15
t-07639,u-4490,2024-02-14
t-07640,u-4490,2024-01-09
t-07641,u-4491,2024-01-24
t-07642,u-4492,2023-12-04
t-07643,u-4492,2023-12-07
t-07644,u-4493,2023-12-30
t-07645,u-4495,2023-12-18
t-07646,u-4495,2024-02-03
t-07647,u-4496,2024-01-13
t-07648,u-4497,2024-02-28
t-07649,u-4497,2023-12-26
t-07650,u-4498,2024-01-02
t-07651,u-4498,2024-02-22
t-07652,u-4501,2023-12-17
t-07653,u-4501,2024-02-21
t-07654,u-4501,2024-01-29
t-07655,u-4502,2024-02-25
t-07656,u-4504,2023-12-25
t-07657,u-4507,2024-02-19
t-07658,u-4507,2024-01-27
t-07659,u-4507,2024-01-15
t-07660,u-4507,2024-02-22
t-07661,u-4507,2024-01-25
t-07662,u-4507,2024-02-21
t-07663,u-4511,2023-12-07
t-07664,u-4512,2024-01-14
t-07665,u-4512,2024-01-15
t-07666,u-4512,2023-12-11
t-07667,u-4513,2024-01-26
t-07668,u-4514,2023-12-18
t-07669,u-4515,2024-01-15
t-07670,u-4515,2024-02-01
t-07671,u-4515,2024-01-08
t-07672,u-4515,2024-02-01
t-07673,u-4515,2024-01-20
t-07674,u-4515,2023-12-04
t-07675,u-4515,2024-01-06
t-07676,u-4515,2024-01-05
t-07677,u-4516,2024-01-10
t-07678,u-4516,2023-12-31
t-07679,u-4516,2024-02-08
t-07680,u-4516,2023-12-10
t-07681,u-4516,2024-02-21
t-07682,u-4517,2024-01-22
t-07683,u-4517,2024-01-27
t-07684,u-4517,2024-01-27
t-07685,u-4517,2024-01-23
t-07686,u-4518,2024-02-10
t-07687,u-4518,2023-12-05
t-07688,u-4518,2024-01-03
t-07689,u-4518,2024-01-03
t-07690,u-4519,2024-02-02
t-07691,u-4519,2024-02-13
t-07692,u-4523,2023-12-12
t-07693,u-4523,2024-01-14
t-07694,u-4524,2024-02-17
t-07695,u-4525,2024-01-17
t-07696,u-4525,2024-02-15
t-07697,u-4525,2023-12-18
t-07698,u-4526,2024-02-28
t-07699,u-4526,2024-01-13
t-07700,u-4526,2023-12-18
t-07701,u-4526,2024-01-12
t-07702,u-4526,2024-01-06
t-07703,u-4529,2024-02-21
t-07704,u-4530,2023-12-24
t-07705,u-4530,2024-01-17
t-07706,u-4531,2024-01-10
t-07707,u-4531,2024-01-26
t-07708,u-4533,2024-01-28
t-07709,u-4534,2024-02-04
t-07710,u-4534,2024-01-29
t-07711,u-4534,2024-01-11
t-07712,u-4534,2024-01-30
t-07713,u-4534,2023-12-12
t-07714,u-4534,2023-12-24
t-07715,u-4535,2024-02-23
t-07716,u-4537,2024-02-07
t-07717,u-4538,2024-02-02
t-07718,u-4540,2024-02-15
t-07719,u-4540,2024-02-04
t-07720,u-4541,2024-01-23
t-07721,u-4543,2023-12-11
t-07722,u-4543,2023-12-29
t-07723,u-4548,2024-02-06
t-07724,u-4549,2024-01-19
t-07725,u-4549,2024-01-16
t-07726,u-4549,2023-12-20
t-07727,u-4549,2024-01-01
t-07728,u-4550,2024-02-06
t-07729,u-4550,2024-02-24
t-07730,u-4551,2024-02-23
t-07731,u-4551,2024-02-25
t-07732,u-4552,2024-02-24
t-07733,u-4554,2023-12-11
t-07734,u-4554,2023-12-16
t-07735,u-4555,2024-01-17
t-07736,u-4555,2023-12-29
t-07737,u-4556,2024-01-25
t-07738,u-4556,2023-12-22
t-07739,u-4557,2024-01-04
t-07740,u-4559,2023-12-17
t-07741,u-4560,2024-02-17
t-07742,u-4560,2024-02-10
t-07743,u-4561,2024-02-24
t-07744,u-4561,2024-01-31
t-07745,u-4562,2024-01-04
t-07746,u-4562,2024-02-27
t-07747,u-4562,2024-02-23
t-07748,u-4562,2024-01-23
t-07749,u-4562,2024-02-01
t-07750,u-4564,2024-01-04
t-07751,u-4565,2023-12-09
t-07752,u-4565,2024-02-10
t-07753,u-4565,2023-12-13
t-07754,u-4565,2024-02-06
t-07755,u-4565,2024-01-13
t-07756,u-4565,2024-01-14
t-07757,u-4565,2024-02-04
t-07758,u-4566,2023-12-15
t-07759,u-4566,2024-01-18
t-07760,u-4568,2024-01-12
t-07761,u-4568,2023-12-31
t-07762,u-4569,2024-01-01
t-07763,u-4569,2024-01-23
t-07764,u-4569,2024-01-05
t-07765,u-4569,2024-02-14
t-07766,u-4570,2024-01-09
t-07767,u-4572,2024-02-22
t-07768,u-4572,2024-02-25
t-07769,u-4572,2023-12-26
t-07770,u-4572,2024-01-06
t-07771,u-4572,2024-01-03
t-07772,u-4572,2024-02-14
t-07773,u-4574,2023-12-21
t-07774,u-4574,2024-02-14
t-07775,u-4575,2024-02-06
t-07776,u-4575,2024-03-01
t-07777,u-4578,2024-01-18
t-07778,u-4578,2023-12-17
t-07779,u-4578,2023-12-23
t-07780,u-4578,2023-12-08
t-07781,u-4579,2024-02-29
t-07782,u-4579,2024-02-14
t-07783,u-4582,2023-12-08
t-07784,u-4582,2023-12-06
t-07785,u-4585,2023-12-07
t-07786,u-4585,2023-12-11
t-07787,u-4585,2024-03-02
t-07788,u-4585,2024-01-22
t-07789,u-4586,2023-12-09
t-07790,u-4586,2024-02-24
t-07791,u-4586,2024-01-11
t-07792,u-4587,2023-12-29
t-07793,u-4587,2024-02-09
t-07794,u-4587,2023-12-19
t-07795,u-4588,2024-02-20
t-07796,u-4589,2024-01-09
t-07797,u-4589,2023-12-30
t-07798,u-4589,2024-02-16
t-07799,u-4589,2024-01-24
t-07800,u-4589,2024-01-21
t-07801,u-4590,2023-12-30
t-07802,u-4590,2024-01-06
t-07803,u-4592,2024-02-23
t-07804,u-4592,2023-12-04
t-07805,u-4592,2024-01-23
t-07806,u-4592,2023-12-17
t-07807,u-4592,2024-01-26
t-07808,u-4592,2024-02-02
t-07809,u-4594,2023-12-11
t-07810,u-4594,2024-02-03
t-07811,u-4594,2024-02-16
t-07812,u-4594,2024-01-08
t-07813,u-4594,2024-01-02
t-07814,u-4595,2024-01-24
t-07815,u-4596,2024-02-29
t-07816,u-4596,2024-02-10
t-07817,u-4596,2024-02-16
t-07818,u-4596,2024-01-29
t-07819,u-4597,2023-12-15
t-07820,u-4597,2023-12-07
t-07821,u-4597,2024-02-07
t-07822,u-4597,2024-01-29
t-07823,u-4598,2024-02-12
t-07824,u-4598,2024-02-09
t-07825,u-4598,2024-02-26
t-07826,u-4600,2024-02-20
t-07827,u-4600,2024-01-23
t-07828,u-4600,2023-12-07
t-07829,u-4600,2024-01-20
t-07830,u-4602,2024-01-24
t-07831,u-4602,2023-12-04
t-07832,u-4602,2024-02-28
t-07833,u-4603,2023-12-28
t-07834,u-4604,2024-01-26
t-07835,u-4604,2023-12-10
t-07836,u-4604,2024-01-06
t-07837,u-4605,2023-12-20
t-07838,u-4605,2023-12-28
t-07839,u-4607,2023-12-04
t-07840,u-4607,2024-02-06
t-07841,u-4609,2024-02-27
t-07842,u-4609,2024-01-18
t-07843,u-4609,2023-12-27
t-07844,u-4609,2024-02-13
t-07845,u-4611,2024-02-04
t-07846,u-4611,2024-02-14
t-07847,u-4611,2023-12-31
t-07848,u-4611,2024-01-22
t-07849,u-4612,2024-02-13
t-07850,u-4613,2024-01-03
t-07851,u-4613,2023-12-11
t-07852,u-4613,2023-12-14
t-07853,u-4613,2024-02-28
t-07854,u-4613,2024-01-12
t-07855,u-4615,2024-01-03
t-07856,u-4616,2023-12-16
t-07857,u-4616,2024-01-06
t-07858,u-4617,2023-12-23
t-07859,u-4618,2024-02-03
t-07860,u-4618,2023-12-14
t-07861,u-4618,2024-01-04
t-07862,u-4619,2024-01-02
t-07863,u-4619,2023-12-08
t-07864,u-4619,2024-02-10
t-07865,u-4620,2023-12-15
t-07866,u-4621,2024-01-23
t-07867,u-4621,2024-02-23
t-07868,u-4622,2023-12-28
t-07869,u-4622,2023-12-09
t-07870,u-4622,2024-02-26
t-07871,u-4624,2024-01-07
t-07872,u-4625,2024-02-27
t-07873,u-4625,2024-01-31
t-07874,u-4625,2024-02-02
t-07875,u-4627,2023-12-12
t-07876,u-4627,2023-12-17
t-07877,u-4627,2024-01-21
t-07878,u-4628,2023-12-23
t-07879,u-4628,2024-01-04
t-07880,u-4630,2024-02-05
t-07881,u-4630,2024-01-07
t-07882,u-4630,2024-01-21
t-07883,u-4630,2023-12-29
t-07884,u-4631,2024-02-14
t-07885,u-4631,2023-12-04
t-07886,u-4631,2024-02-26
t-07887,u-4635,2023-12-22
t-07888,u-4636,2023-12-28
t-07889,u-4637,2023-12-25
t-07890,u-4637,2024-01-29
t-07891,u-4637,2024-01-07
t-07892,u-4637,2024-02-12
t-07893,u-4638,2023-12-25
t-07894,u-4641,2023-12-11
t-07895,u-4642,2024-02-15
t-07896,u-4642,2024-01-18
t-07897,u-4643,2024-02-20
t-07898,u-4644,2023-12-30
t-07899,u-4646,2023-12-10
t-07900,u-4647,2024-01-21
t-07901,u-4647,2024-02-24
t-07902,u-4648,2024-01-25
t-07903,u-4648,2023-12-15
t-07904,u-4649,2024-01-05
t-07905,u-4649,2024-01-27
t-07906,u-4650,2023-12-25
t-07907,u-4650,2024-01-07
t-07908,u-4650,2024-02-15
t-07909,u-4650,2024-01-17
t-07910,u-4650,2023-12-25
t-07911,u-4650,2024-03-01
t-07912,u-4650,2023-12-10
t-07913,u-4653,2023-12-11
t-07914,u-4653,2023-12-18
t-07915,u-4653,2023-12-30
t-07916,u-4653,2023-12-31
t-07917,u-4655,2024-02-09
t-07918,u-4655,2024-02-19
t-07919,u-4655,2023-12-04
t-07920,u-4655,2024-01-23
t-07921,u-4655,2024-02-22
t-07922,u-4656,2024-01-24
t-07923,u-4657,2024-01-10
t-07924,u-4657,2024-02-08
t-07925,u-4657,2024-01-01
t-07926,u-4657,2024-01-16
t-07927,u-4660,2024-02-07
t-07928,u-4660,2024-01-27
t-07929,u-4660,2024-02-20
t-07930,u-4662,2023-12-30
t-07931,u-4663,2024-01-17
t-07932,u-4665,2024-01-28
t-07933,u-4665,2024-01-24
t-07934,u-4666,2024-02-15
t-07935,u-4666,2024-01-15
t-07936,u-4667,2023-12-06
t-07937,u-4667,2024-02-08
t-07938,u-4668,2024-02-24
t-07939,u-4669,2024-01-04
t-07940,u-4669,2023-12-17
t-07941,u-4670,2023-12-05
t-07942,u-4670,2023-12-11
t-07943,u-4670,2024-01-03
t-07944,u-4671,2024-02-28
t-07945,u-4671,2024-01-08
t-07946,u-4672,2024-02-17
t-07947,u-4673,2023-12-21
t-07948,u-4673,2024-01-29
t-07949,u-4673,2024-01-12
t-07950,u-4674,2024-02-13
t-07951,u-4675,2024-01-15
t-07952,u-4675,2024-02-17
t-07953,u-4675,2024-02-06
t-07954,u-4675,2024-02-13
t-07955,u-4676,2023-12-21
t-07956,u-4676,2024-02-10
t-07957,u-4677,2024-01-04
t-07958,u-4677,2024-02-23
t-07959,u-4677,2023-12-11
t-07960,u-4677,2024-02-14
t-07961,u-4677,2024-02-07
t-07962,u-4677,2024-01-22
t-07963,u-4677,2023-12-24
t-07964,u-4679,2024-01-05
t-07965,u-4679,2023-12-22
t-07966,u-4679,2024-01-04
t-07967,u-4679,2023-12-28
t-07968,u-4681,2023-12-27
t-07969,u-4681,2024-02-22
t-07970,u-4681,2023-12-13
t-07971,u-4682,2024-02-13
t-07972,u-4682,2024-01-04
t-07973,u-4682,2024-01-02
t-07974,u-4682,2023-12-22
t-07975,u-4683,2023-12-14
t-07976,u-4685,2024-01-18
t-07977,u-4685,2023-12-29
t-07978,u-4686,2024-01-05
t-07979,u-4686,2023-12-28
t-07980,u-4687,2023-12-27
t-07981,u-4689,2023-12-28
t-07982,u-4690,2024-01-02
t-07983,u-4690,2024-03-01
t-07984,u-4691,2024-01-31
t-07985,u-4691,2024-01-19
t-07986,u-4691,2024-02-18
t-07987,u-4692,2024-01-06
t-07988,u-4693,2024-01-25
t-07989,u-4693,2024-02-23
t-07990,u-4693,2024-02-02
t-07991,u-4694,2024-01-05
t-07992,u-4694,2024-01-04
t-07993,u-4695,2024-02-06
t-07994,u-4695,2024-02-06
t-07995,u-4695,2024-02-14
t-07996,u-4695,2023-12-21
t-07997,u-4695,2024-02-08
t-07998,u-4695,2024-02-29
t-07999,u-4696,2024-02-13
t-08000,u-4698,2024-02-21
t-08001,u-4698,2024-01-24
t-08002,u-4699,2024-01-25
t-08003,u-4699,2024-02-24
t-08004,u-4700,2024-02-06
t-08005,u-4700,2023-12-19
t-08006,u-4701,2024-01-20
t-08007,u-4702,2024-01-23
t-08008,u-4702,2023-12-16
t-08009,u-4702,2024-02-08
t-08010,u-4702,2023-12-21
t-08011,u-4702,2024-01-24
t-08012,u-4703,2023-12-18
t-08013,u-4704,2024-02-29
t-08014,u-4704,2024-03-02
t-08015,u-4704,2024-02-14
t-08016,u-4704,2024-01-03
t-08017,u-4704,2024-01-11
t-08018,u-4704,2023-12-13
t-08019,u-4705,2024-01-30
t-08020,u-4706,2023-12-18
t-08021,u-4708,2024-01-18
t-08022,u-4710,2024-01-06
t-08023,u-4710,2024-01-08
t-08024,u-4713,2024-01-16
t-08025,u-4714,2024-01-31
t-08026,u-4714,2024-02-14
t-08027,u-4714,2024-01-04
t-08028,u-4714,2023-12-29
t-08029,u-4716,2023-12-26
t-08030,u-4718,2023-12-24
t-08031,u-4718,2024-01-02
t-08032,u-4718,2023-12-24
t-08033,u-4718,2024-02-14
t-08034,u-4719,2024-01-12
t-08035,u-4720,2024-01-09
t-08036,u-4721,2024-02-23
t-08037,u-4721,2024-01-09
t-08038,u-4721,2024-01-02
t-08039,u-4722,2024-02-06
t-08040,u-4723,2023-12-30
t-08041,u-4723,2024-01-04
t-08042,u-4726,2024-02-19
t-08043,u-4727,2024-01-26
t-08044,u-4729,2024-02-08
t-08045,u-4730,2024-01-02
t-08046,u-4730,2024-01-03
t-08047,u-4730,2024-02-05
t-08048,u-4731,2023-12-22
t-08049,u-4731,2024-02-13
t-08050,u-4732,2024-02-02
t-08051,u-4732,2024-02-12
t-08052,u-4732,2024-03-01
t-08053,u-4734,2024-01-20
t-08054,u-4734,2024-01-18
t-08055,u-4734,2024-01-31
t-08056,u-4734,2024-01-26
t-08057,u-4735,2024-02-09
t-08058,u-4735,2024-02-24
t-08059,u-4737,2024-01-21
t-08060,u-4738,2024-01-26
t-08061,u-4738,2023-12-18
t-08062,u-4739,2023-12-22
t-08063,u-4742,2024-01-14
t-08064,u-4743,2024-02-10
t-08065,u-4745,2024-02-28
t-08066,u-4745,2023-12-07
t-08067,u-4745,2024-02-18
t-08068,u-4745,2023-12-11
t-08069,u-4745,2023-12-22
t-08070,u-4745,2024-01-13
t-08071,u-4747,2023-12-12
t-08072,u-4747,2023-12-13
t-08073,u-4748,2023-12-26
t-08074,u-4748,2023-12-16
t-08075,u-4749,2023-12-16
t-08076,u-4750,2023-12-30
t-08077,u-4751,2023-12-25
t-08078,u-4752,2024-01-10
t-08079,u-4752,2024-01-03
t-08080,u-4752,2024-01-01
t-08081,u-4753,2024-01-18
t-08082,u-4753,2023-12-26
t-08083,u-4753,2024-01-22
t-08084,u-4753,2024-01-31
t-08085,u-4753,2024-02-01
t-08086,u-4753,2024-01-08
t-08087,u-4754,2023-12-19
t-08088,u-4754,2024-01-01
t-08089,u-4754,2023-12-20
t-08090,u-4755,2023-12-30
t-08091,u-4755,2023-12-15
t-08092,u-4758,2024-01-17
t-08093,u-4759,2024-01-18
t-08094,u-4759,2024-02-21
t-08095,u-4759,2023-12-05
t-08096,u-4760,2024-01-17
t-08097,u-4760,2024-01-16
t-08098,u-4760,2023-12-25
t-08099,u-4761,2023-12-07
t-08100,u-4761,2024-01-21
t-08101,u-4761,2024-01-25
t-08102,u-4761,2024-01-26
t-08103,u-4761,2024-02-01
t-08104,u-4762,2024-03-01
t-08105,u-4762,2024-02-02
t-08106,u-4762,2024-02-16
t-08107,u-4762,2023-12-05
t-08108,u-4764,2024-02-05
t-08109,u-4764,2024-01-07
t-08110,u-4764,2024-02-11
t-08111,u-4767,2024-01-27
t-08112,u-4767,2024-01-25
t-08113,u-4769,2024-02-02
t-08114,u-4769,2024-01-28
t-08115,u-4769,2024-01-14
t-08116,u-4769,2024-02-13
t-08117,u-4769,2023-12-30
t-08118,u-4770,2024-02-04
t-08119,u-4771,2023-12-22
t-08120,u-4771,2024-01-05
t-08121,u-4771,2024-01-15
t-08122,u-4771,2024-02-25
t-08123,u-4773,2023-12-24
t-08124,u-4773,2024-01-20
t-08125,u-4773,2024-01-17
t-08126,u-4773,2024-02-21
t-08127,u-4773,2024-02-03
t-08128,u-4773,2023-12-06
t-08129,u-4773,2024-02-15
t-08130,u-4774,2024-01-10
t-08131,u-4775,2024-01-05
t-08132,u-4776,2024-01-07
t-08133,u-4776,2024-02-29
t-08134,u-4776,2024-02-04
t-08135,u-4776,2024-02-08
t-08136,u-4777,2023-12-22
t-08137,u-4777,2024-02-25
t-08138,u-4777,2023-12-09
t-08139,u-4779,2024-01-13
t-08140,u-4779,2024-02-09
t-08141,u-4780,2024-02-03
t-08142,u-4780,2023-12-23
t-08143,u-4780,2024-02-04
t-08144,u-4781,2024-02-24
t-08145,u-4781,2024-02-09
t-08146,u-4781,2024-01-23
t-08147,u-4781,2023-12-07
t-08148,u-4782,2024-01-04
t-08149,u-4782,2024-02-01
t-08150,u-4784,2024-02-26
t-08151,u-4784,2024-02-27
t-08152,u-4784,2023-12-29
t-08153,u-4784,2024-02-01
t-08154,u-4784,2024-02-06
t-08155,u-4784,2024-01-24
t-08156,u-4784,2023-12-13
t-08157,u-4785,2024-02-28
t-08158,u-4785,2024-02-28
t-08159,u-4787,2024-02-11
t-08160,u-4787,2023-12-09
t-08161,u-4789,2023-12-22
t-08162,u-4789,2023-12-06
t-08163,u-4789,2024-01-31
t-08164,u-4789,2024-02-21
t-08165,u-4789,2023-12-26
t-08166,u-4790,2023-12-04
t-08167,u-4790,2024-02-18
t-08168,u-4791,2024-01-22
t-08169,u-4791,2023-12-21
t-08170,u-4792,2023-12-20
t-08171,u-4796,2024-02-08
t-08172,u-4798,2024-01-09
t-08173,u-4799,2024-02-16
t-08174,u-4799,2024-01-13
t-08175,u-4799,2024-01-05
t-08176,u-4799,2024-02-21
t-08177,u-4800,2023-12-12
t-08178,u-4801,2024-02-08
t-08179,u-4801,2023-12-13
t-08180,u-4801,2024-02-04
t-08181,u-4802,2023-12-29
t-08182,u-4802,2024-01-21
t-08183,u-4802,2024-01-20
t-08184,u-4803,2024-02-26
t-08185,u-4803,2024-01-04
t-08186,u-4803,2024-01-09
t-08187,u-4803,2023-12-06
t-08188,u-4803,2023-12-19
t-08189,u-4803,2024-01-01
t-08190,u-4803,2024-01-20
t-08191,u-4804,2024-02-15
t-08192,u-4805,2024-01-06
t-08193,u-4805,2024-02-08
t-08194,u-4805,2024-01-01
t-08195,u-4806,2024-02-13
t-08196,u-4806,2024-02-05
t-08197,u-4806,2024-02-13
t-08198,u-4806,2024-01-26
t-08199,u-4808,2024-01-09
t-08200,u-4808,2024-01-05
t-08201,u-4811,2023-12-30
t-08202,u-4811,2024-02-21
t-08203,u-4811,2023-12-25
t-08204,u-4811,2024-02-03
t-08205,u-4811,2023-12-25
t-08206,u-4811,2024-01-22
t-08207,u-4814,2023-12-04
t-08208,u-4814,2023-12-15
t-08209,u-4816,2024-01-22
t-08210,u-4816,2024-02-22
t-08211,u-4817,2023-12-07
t-08212,u-4817,2024-02-26
t-08213,u-4817,2024-02-15
t-08214,u-4817,2023-12-12
t-08215,u-4817,2024-01-25
t-08216,u-4819,2024-02-12
t-08217,u-4819,2023-12-15
t-08218,u-4820,2024-01-26
t-08219,u-4820,2023-12-19
t-08220,u-4820,2024-01-28
t-08221,u-4821,2024-01-29
t-08222,u-4821,2023-12-31
t-08223,u-4822,2024-01-09
t-08224,u-4822,2023-12-06
t-08225,u-4822,2024-01-26
t-08226,u-4822,2024-02-18
t-08227,u-4823,2024-02-09
t-08228,u-4823,2023-12-14
t-08229,u-4824,2023-12-28
t-08230,u-4824,2024-01-18
t-08231,u-4824,2024-02-02
t-08232,u-4827,2024-02-21
t-08233,u-4828,2024-02-07
t-08234,u-4829,2024-01-08
t-08235,u-4829,2023-12-28
t-08236,u-4829,2023-12-31
t-08237,u-4830,2024-01-05
t-08238,u-4830,2023-12-20
t-08239,u-4830,2023-12-05
t-08240,u-4832,2024-02-16
t-08241,u-4833,2024-01-25
t-08242,u-4834,2024-01-20
t-08243,u-4837,2023-12-05
t-08244,u-4837,2024-02-03
t-08245,u-4837,2023-12-24
t-08246,u-4837,2023-12-07
t-08247,u-4837,2023-12-08
t-08248,u-4837,2024-02-05
t-08249,u-4838,2024-01-20
t-08250,u-4838,2023-12-10
t-08251,u-4839,2023-12-07
t-08252,u-4839,2024-01-30
t-08253,u-4839,2024-01-22
t-08254,u-4839,2024-01-25
t-08255,u-4840,2023-12-14
t-08256,u-4840,2024-01-10
t-08257,u-4840,2024-01-30
t-08258,u-4840,2024-01-05
t-08259,u-4840,2023-12-13
t-08260,u-4841,2024-01-15
t-08261,u-4842,2024-02-11
t-08262,u-4843,2024-02-03
t-08263,u-4844,2024-02-02
t-08264,u-4844,2024-02-14
t-08265,u-4845,2023-12-17
t-08266,u-4845,2024-02-24
t-08267,u-4845,2024-02-05
t-08268,u-4845,2023-12-28
t-08269,u-4846,2024-01-17
t-08270,u-4846,2023-12-16
t-08271,u-4848,2024-01-29
t-08272,u-4848,2024-01-28
t-08273,u-4848,2023-12-14
t-08274,u-4849,2024-02-17
t-08275,u-4849,2024-02-14
t-08276,u-4851,2024-01-21
t-08277,u-4853,2024-02-20
t-08278,u-4853,2024-01-20
t-08279,u-4853,2024-01-25
t-08280,u-4854,2023-12-22
t-08281,u-4854,2023-12-11
t-08282,u-4854,2023-12-14
t-08283,u-4854,2023-12-31
t-08284,u-4854,2024-01-07
t-08285,u-4855,2023-12-11
t-08286,u-4856,2023-12-12
t-08287,u-4857,2024-01-26
t-08288,u-4857,2024-02-24
t-08289,u-4858,2023-12-15
t-08290,u-4858,2024-02-03
t-08291,u-4859,2023-12-06
t-08292,u-4861,2024-02-17
t-08293,u-4861,2024-01-04
t-08294,u-4861,2024-01-06
t-08295,u-4863,2023-12-06
t-08296,u-4864,2024-01-23
t-08297,u-4864,2024-01-05
t-08298,u-4865,2024-01-29
t-08299,u-4866,2023-12-18
t-08300,u-4866,2024-02-03
t-08301,u-4868,2024-01-29
t-08302,u-4868,2024-01-14
t-08303,u-4870,2024-01-10
t-08304,u-4870,2024-02-23
t-08305,u-4870,2024-01-24
t-08306,u-4871,2023-12-04
t-08307,u-4872,2024-01-02
t-08308,u-4872,2024-01-26
t-08309,u-4874,2023-12-04
t-08310,u-4874,2023-12-13
t-08311,u-4875,2024-02-21
t-08312,u-4875,2023-12-25
t-08313,u-4875,2024-01-08
t-08314,u-4875,2023-12-24
t-08315,u-4875,2024-01-19
t-08316,u-4875,2024-01-14
t-08317,u-4875,2024-01-06
t-08318,u-4876,2024-01-01
t-08319,u-4876,2024-02-23
t-08320,u-4880,2024-01-01
t-08321,u-4880,2023-12-11
t-08322,u-4881,2024-02-21
t-08323,u-4881,2023-12-04
t-08324,u-4881,2024-01-10
t-08325,u-4881,2023-12-10
t-08326,u-4881,2024-03-01
t-08327,u-4883,2023-12-27
t-08328,u-4883,2023-12-25
t-08329,u-4884,2024-01-17
t-08330,u-4885,2023-12-10
t-08331,u-4885,2024-02-20
t-08332,u-4885,2024-01-13
t-08333,u-4887,2024-01-01
t-08334,u-4888,2024-02-10
t-08335,u-4888,2023-12-26
t-08336,u-4888,2023-12-15
t-08337,u-4888,2023-12-09
t-08338,u-4888,2024-01-14
t-08339,u-4890,2024-01-13
t-08340,u-4890,2023-12-30
t-08341,u-4890,2024-01-30
t-08342,u-4890,2024-01-15
t-08343,u-4891,2024-01-18
t-08344,u-4891,2023-12-04
t-08345,u-4891,2023-12-23
t-08346,u-4892,2023-12-04
t-08347,u-4893,2023-12-22
t-08348,u-4893,2024-02-08
t-08349,u-4894,2023-12-04
t-08350,u-4896,2024-01-15
t-08351,u-4898,2023-12-24
t-08352,u-4898,2024-02-10
t-08353,u-4899,2024-02-23
t-08354,u-4899,2024-01-10
t-08355,u-4899,2023-12-13
t-08356,u-4899,2024-02-19
t-08357,u-4900,2024-02-28
t-08358,u-4903,2024-01-24
t-08359,u-4905,2023-12-10
t-08360,u-4905,2023-12-26
t-08361,u-4907,2024-02-20
t-08362,u-4908,2023-12-04
t-08363,u-4908,2024-02-17
t-08364,u-4908,2023-12-12
t-08365,u-4908,2023-12-21
t-08366,u-4908,2024-02-09
t-08367,u-4908,2024-02-03
t-08368,u-4909,2023-12-05
t-08369,u-4910,2024-02-08
t-08370,u-4911,2024-02-25
t-08371,u-4912,2024-01-13
t-08372,u-4912,2023-12-28
t-08373,u-4912,2024-01-04
t-08374,u-4913,2023-12-30
t-08375,u-4915,2024-01-29
t-08376,u-4917,2023-12-06
t-08377,u-4917,2024-01-09
t-08378,u-4917,2024-01-11
t-08379,u-4917,2024-01-05
t-08380,u-4917,2024-02-26
t-08381,u-4917,2023-12-26
t-08382,u-4918,2024-02-29
t-08383,u-4918,2024-03-02
t-08384,u-4918,2024-02-02
t-08385,u-4918,2023-12-25
t-08386,u-4918,2023-12-08
t-08387,u-4919,2024-01-22
t-08388,u-4919,2023-12-07
t-08389,u-4919,2023-12-16
t-08390,u-4920,2024-01-16
t-08391,u-4920,2024-02-06
t-08392,u-4922,2024-01-09
t-08393,u-4922,2023-12-18
t-08394,u-4922,2023-12-30
t-08395,u-4922,2024-01-20
t-08396,u-4924,2024-01-07
t-08397,u-4924,2023-12-28
t-08398,u-4924,2023-12-15
t-08399,u-4926,2024-01-08
t-08400,u-4926,2023-12-14
t-08401,u-4926,2024-02-13
t-08402,u-4926,2024-02-07
t-08403,u-4927,2024-02-23
t-08404,u-4927,2024-02-12
t-08405,u-4928,2023-12-21
t-08406,u-4928,2024-02-10
t-08407,u-4928,2024-02-07
t-08408,u-4930,2024-02-24
t-08409,u-4930,2024-01-13
t-08410,u-4930,2024-02-07
t-08411,u-4931,2024-02-03
t-08412,u-4932,2023-12-11
t-08413,u-4932,2024-02-27
t-08414,u-4932,2024-02-21
t-08415,u-4932,2024-01-06
t-08416,u-4933,2024-01-06
t-08417,u-4933,2024-01-30
t-08418,u-4934,2024-01-30
t-08419,u-4936,2023-12-24
t-08420,u-4936,2024-02-12
t-08421,u-4937,2024-01-05
t-08422,u-4937,2023-12-16
t-08423,u-4937,2023-12-09
t-08424,u-4938,2024-01-14
t-08425,u-4938,2024-01-31
t-08426,u-4939,2024-02-01
t-08427,u-4939,2023-12-24
t-08428,u-4939,2023-12-11
t-08429,u-4939,2024-01-21
t-08430,u-4939,2024-02-16
t-08431,u-4939,2024-01-08
t-08432,u-4940,2024-01-16
t-08433,u-4940,2024-01-22
t-08434,u-4941,2024-01-03
t-08435,u-4941,2023-12-12
t-08436,u-4944,2024-02-25
t-08437,u-4947,2023-12-12
t-08438,u-4948,2024-01-26
t-08439,u-4948,2024-02-03
t-08440,u-4948,2024-01-16
t-08441,u-4948,2024-02-18
t-08442,u-4948,2023-12-20
t-08443,u-4948,2024-01-23
t-08444,u-4948,2024-02-13
t-08445,u-4949,2023-12-08
t-08446,u-4949,2023-12-28
t-08447,u-4949,2024-02-05
t-08448,u-4949,2023-12-23
t-08449,u-4950,2024-01-26
t-08450,u-4951,2023-12-08
t-08451,u-4951,2024-02-25
t-08452,u-4951,2024-01-04
t-08453,u-4951,2024-02-25
t-08454,u-4953,2024-02-05
t-08455,u-4955,2024-01-27
t-08456,u-4957,2023-12-15
t-08457,u-4957,2023-12-30
t-08458,u-4957,2024-02-25
t-08459,u-4958,2023-12-25
t-08460,u-4959,2023-12-19
t-08461,u-4960,2023-12-20
t-08462,u-4960,2024-01-23
t-08463,u-4960,2024-01-16
t-08464,u-4960,2024-02-26
t-08465,u-4960,2024-02-27
t-08466,u-4961,2023-12-12
t-08467,u-4961,2023-12-27
t-08468,u-4963,2024-01-14
t-08469,u-4963,2023-12-10
t-08470,u-4964,2024-02-15
t-08471,u-4965,2024-02-17
t-08472,u-4966,2024-02-02
t-08473,u-4967,2024-01-11
t-08474,u-4968,2024-02-23
t-08475,u-4968,2023-12-22
t-08476,u-4968,2023-12-19
t-08477,u-4968,2023-12-29
t-08478,u-4968,2024-02-11
t-08479,u-4969,2024-01-04
t-08480,u-4969,2023-12-12
t-08481,u-4969,2024-01-08
t-08482,u-4969,2024-02-26
t-08483,u-4969,2024-02-08
t-08484,u-4969,2024-02-27
t-08485,u-4969,2024-02-10
t-08486,u-4971,2024-01-22
t-08487,u-4971,2023-12-28
t-08488,u-4971,2024-02-07
t-08489,u-4971,2024-02-07
t-08490,u-4972,2024-02-19
t-08491,u-4972,2023-12-13
t-08492,u-4975,2024-02-12
t-08493,u-4975,2024-01-26
t-08494,u-4978,2024-02-04
t-08495,u-4978,2024-02-08
t-08496,u-4979,2023-12-23
t-08497,u-4979,2024-02-21
t-08498,u-4979,2023-12-31
t-08499,u-4980,2024-01-29
t-08500,u-4981,2024-02-26
t-08501,u-4982,2024-01-24
t-08502,u-4982,2024-02-10
t-08503,u-4983,2024-02-08
t-08504,u-4984,2024-03-02
t-08505,u-4984,2023-12-15
t-08506,u-4985,2024-01-31
t-08507,u-4985,2024-02-22
t-08508,u-4986,2024-02-22
t-08509,u-4986,2024-02-19
t-08510,u-4987,2024-01-21
t-08511,u-4987,2023-12-09
t-08512,u-4987,2023-12-05
t-08513,u-4988,2024-01-02
t-08514,u-4989,2024-02-13
t-08515,u-4989,2024-02-02
t-08516,u-4990,2023-12-27
t-08517,u-4990,2024-01-14
t-08518,u-4990,2023-12-11
t-08519,u-4990,2024-02-09
t-08520,u-4990,2023-12-05
t-08521,u-4990,2024-01-06
t-08522,u-4990,2024-01-07
t-08523,u-4991,2024-01-24
t-08524,u-4992,2024-02-20
t-08525,u-4994,2024-01-18
t-08526,u-4994,2023-12-08
t-08527,u-4995,2024-02-27
t-08528,u-4996,2023-12-26
t-08529,u-4996,2024-01-28
t-08530,u-4997,2023-12-21
t-08531,u-4999,2024-01-27
t-08532,u-5000,2024-01-28
t-08533,u-5000,2024-01-06
