user_id,user_name,plan_tier,signup_date,city,nps_score,churned
u-0001,Santosh Shinde,pro,2023-06-01,Chennai,7.0,0
u-0002,Marcus Kim,starter,2023-10-10,Pune,6.4,0
u-0003,Avery Ramirez,free,2022-10-03,Bengaluru,6.0,1
u-0004,Vikram Chen,free,2023-01-10,Hyderabad,8.4,1
u-0005,Rahul Ramirez,starter,2021-11-10,London,8.8,0
u-0006,Sam Mehta,free,2023-12-30,Hyderabad,8.3,0
u-0007,Aisha Miles,enterprise,2022-01-18,London,6.3,0
u-0008,Riley Shah,pro,2022-07-31,Pune,7.0,1
u-0009,Avery Nguyen,enterprise,2023-12-02,San Francisco,8.1,0
u-0010,Casey Carter,enterprise,2023-07-06,Berlin,9.1,0
u-0011,Sam Carter,free,2023-12-09,Chennai,5.4,0
u-0012,Alex Miles,free,2021-11-14,San Francisco,6.7,0
u-0013,Avery Khan,starter,2022-07-20,Seattle,10.0,0
u-0014,Riley Patel,free,2022-08-13,Chennai,5.3,0
u-0015,Alex Shah,enterprise,2022-11-06,Hyderabad,9.1,0
u-0016,Sam Sharma,free,2023-02-18,San Francisco,7.5,1
u-0017,Priya Shah,starter,2023-09-06,Pune,5.4,0
u-0018,Jordan Kim,starter,2022-05-06,Austin,8.2,0
u-0019,Priya Nguyen,pro,2023-10-10,Chicago,9.6,0
u-0020,Sam Shah,starter,2023-08-05,Berlin,8.3,0
u-0021,Avery Mehta,starter,2021-10-05,Mumbai,8.0,0
u-0022,Morgan Iyer,free,2023-11-14,Chicago,5.8,0
u-0023,Vikram Singh,starter,2021-10-27,Mumbai,8.8,0
u-0024,Emily Kim,pro,2023-11-17,Bengaluru,6.4,0
u-0025,Avery Sharma,starter,2022-12-05,Berlin,7.5,1
u-0026,Avery Iyer,pro,2022-09-12,Mumbai,7.6,0
u-0027,Ananya Brown,free,2023-10-26,Bengaluru,7.8,1
u-0028,Avery Garcia,free,2021-12-20,Pune,8.1,0
u-0029,Vikram Brown,enterprise,2021-10-22,Austin,8.2,0
u-0030,Casey Shah,free,2023-07-23,Chicago,8.4,1
u-0031,Ananya Miles,starter,2023-07-24,Hyderabad,8.3,0
u-0032,Quinn Brown,starter,2022-04-11,San Francisco,8.7,0
u-0033,Sofia Shah,enterprise,2023-03-15,Bengaluru,5.8,0
u-0034,Marcus Nguyen,free,2023-12-31,London,2.4,0
u-0035,Rahul Singh,free,2022-04-20,Berlin,9.8,0
u-0036,Morgan Brown,pro,2023-03-31,Berlin,6.5,0
u-0037,Jordan Miles,starter,2023-02-12,Chennai,3.6,0
u-0038,Sam Kim,starter,2022-07-13,Bengaluru,10.0,0
u-0039,Casey Garcia,free,2022-09-17,Bengaluru,5.3,0
u-0040,Morgan Shah,starter,2022-02-13,Bengaluru,8.9,0
u-0041,Avery Carter,enterprise,2022-03-09,Mumbai,7.7,0
u-0042,Sofia Ramirez,starter,2021-11-03,London,9.9,0
u-0043,Rahul Carter,enterprise,2021-11-25,Ahmedabad,7.3,0
u-0044,Marcus Mehta,enterprise,2022-07-31,San Francisco,5.0,0
u-0045,Priya Patel,starter,2022-10-05,Chicago,6.8,0
u-0046,Priya Ramirez,starter,2022-12-26,Mumbai,5.7,0
u-0047,Avery Garcia,starter,2022-07-03,Chennai,9.2,0
u-0048,Rahul Chen,pro,2023-12-11,San Francisco,7.7,0
u-0049,Sofia Shah,starter,2023-02-16,Chennai,4.4,0
u-0050,Morgan Sharma,free,2023-06-07,Mumbai,9.0,0
u-0051,Casey Sharma,enterprise,2022-10-05,Chicago,10.0,0
u-0052,Morgan Kim,starter,2021-11-20,Chennai,6.3,0
u-0053,Marcus Miles,pro,2022-12-10,Hyderabad,10.0,1
u-0054,Quinn Shah,starter,2022-09-12,Berlin,8.6,1
u-0055,Morgan Patel,starter,2023-02-16,Mumbai,9.0,0
u-0056,Vikram Brown,starter,2023-04-09,Chennai,7.2,0
u-0057,Vikram Carter,pro,2022-06-19,San Francisco,5.1,1
u-0058,Aisha Mehta,free,2023-06-30,Hyderabad,6.2,0
u-0059,Rahul Garcia,starter,2021-12-29,Pune,9.9,0
u-0060,Casey Singh,pro,2023-10-26,Austin,2.6,0
u-0061,Casey Iyer,enterprise,2023-07-23,Berlin,10.0,0
u-0062,Emily Sharma,free,2022-04-19,Berlin,3.5,0
u-0063,Rahul Ramirez,free,2023-11-21,Bengaluru,4.6,0
u-0064,Morgan Kim,starter,2023-02-08,San Francisco,4.9,0
u-0065,Quinn Miles,free,2023-03-10,Hyderabad,7.5,0
u-0066,Vikram Mehta,free,2021-11-09,San Francisco,7.4,0
u-0067,Morgan Mehta,starter,2023-09-16,Chennai,7.1,1
u-0068,Ananya Ramirez,starter,2023-01-02,Pune,7.8,0
u-0069,Sam Patel,starter,2022-12-29,Berlin,8.6,0
u-0070,Avery Kim,free,2022-02-20,Berlin,10.0,0
u-0071,Rahul Khan,enterprise,2022-10-19,Berlin,4.3,0
u-0072,Vikram Ramirez,starter,2023-10-11,Mumbai,5.8,1
u-0073,Sam Miles,pro,2022-01-05,Chicago,5.9,1
u-0074,Marcus Brown,free,2023-09-23,Berlin,8.7,0
u-0075,Alex Ramirez,pro,2022-06-07,Austin,7.9,0
u-0076,Riley Garcia,pro,2023-06-09,Austin,10.0,0
u-0077,Morgan Patel,free,2023-10-18,Ahmedabad,8.0,0
u-0078,Quinn Garcia,starter,2023-08-19,Hyderabad,8.1,1
u-0079,Alex Lee,starter,2021-11-02,Austin,4.8,0
u-0080,Casey Khan,starter,2021-10-05,Austin,9.2,0
u-0081,Emily Nguyen,pro,2022-08-28,Chicago,5.4,0
u-0082,Casey Carter,free,2022-02-28,Seattle,7.0,1
u-0083,Sofia Sharma,starter,2021-12-08,Hyderabad,6.6,0
u-0084,Emily Patel,enterprise,2023-04-04,Berlin,9.5,0
u-0085,Sofia Patel,free,2022-04-13,Berlin,9.6,0
u-0086,Jordan Patel,free,2022-11-06,Seattle,3.9,1
u-0087,Sofia Nguyen,free,2023-09-04,Austin,6.8,0
u-0088,Rahul Kim,enterprise,2022-10-26,Ahmedabad,8.5,0
u-0089,Jordan Ramirez,free,2023-12-24,Ahmedabad,7.3,0
u-0090,Emily Miles,free,2022-08-22,Ahmedabad,8.4,1
u-0091,Jordan Lee,starter,2023-06-20,Austin,8.7,0
u-0092,Priya Garcia,pro,2023-11-03,Hyderabad,4.9,0
u-0093,Riley Khan,starter,2022-05-29,Pune,10.0,0
u-0094,Rahul Sharma,enterprise,2023-04-04,San Francisco,5.4,1
u-0095,Morgan Garcia,free,2023-01-09,Pune,5.0,0
u-0096,Vikram Iyer,starter,2023-11-19,London,6.5,0
u-0097,Avery Brown,starter,2023-11-24,Hyderabad,10.0,0
u-0098,Emily Carter,free,2021-11-24,Chennai,5.9,1
u-0099,Quinn Miles,pro,2022-08-29,Bengaluru,7.5,0
u-0100,Rahul Sharma,starter,2023-02-15,Hyderabad,8.2,0
u-0101,Ananya Shah,free,2022-07-02,Hyderabad,7.6,0
u-0102,Emily Sharma,free,2022-05-10,London,8.9,0
u-0103,Vikram Shah,free,2023-10-26,Berlin,9.5,0
u-0104,Sam Mehta,pro,2021-11-22,San Francisco,2.5,0
u-0105,Marcus Sharma,free,2022-07-11,Bengaluru,5.4,0
u-0106,Emily Brown,pro,2023-05-08,Berlin,6.4,0
u-0107,Casey Kim,free,2023-06-13,Hyderabad,8.1,0
u-0108,Priya Ramirez,enterprise,2023-11-17,Chennai,3.7,1
u-0109,Emily Garcia,pro,2023-06-23,Austin,7.5,0
u-0110,Emily Miles,free,2023-04-15,Mumbai,3.9,0
u-0111,Alex Kim,free,2023-07-31,Pune,7.6,0
u-0112,Alex Shah,pro,2022-06-28,Mumbai,6.6,1
u-0113,Morgan Kim,free,2023-06-27,Chicago,5.5,0
u-0114,Vikram Mehta,free,2022-11-24,London,9.4,0
u-0115,Aisha Ramirez,pro,2022-10-03,Berlin,9.6,1
u-0116,Aisha Garcia,pro,2023-11-28,Berlin,10.0,0
u-0117,Riley Patel,pro,2023-09-08,Berlin,8.9,0
u-0118,Avery Khan,pro,2023-12-02,Seattle,6.3,0
u-0119,Rahul Mehta,starter,2022-06-10,Hyderabad,8.1,0
u-0120,Sofia Miles,pro,2022-06-03,Bengaluru,6.1,0
u-0121,Priya Kim,free,2023-10-12,Bengaluru,6.7,0
u-0122,Morgan Miles,pro,2022-05-02,Pune,5.9,0
u-0123,Emily Lee,starter,2022-02-26,Chicago,8.3,0
u-0124,Priya Ramirez,starter,2023-10-29,Hyderabad,3.3,0
u-0125,Quinn Sharma,enterprise,2023-10-23,San Francisco,8.2,0
u-0126,Sofia Patel,starter,2022-03-12,Seattle,8.7,0
u-0127,Ananya Shah,starter,2023-05-09,San Francisco,3.1,1
u-0128,Alex Carter,starter,2023-04-07,Mumbai,5.3,0
u-0129,Emily Mehta,free,2022-09-08,Chennai,7.7,0
u-0130,Sofia Lee,free,2023-12-04,Bengaluru,7.2,0
u-0131,Marcus Sharma,enterprise,2023-01-17,London,6.0,0
u-0132,Marcus Ramirez,free,2023-04-17,Mumbai,3.8,0
u-0133,Riley Mehta,starter,2022-02-16,Chicago,7.4,0
u-0134,Emily Miles,starter,2022-05-07,Berlin,7.7,0
u-0135,Emily Ramirez,pro,2023-05-28,Bengaluru,8.0,0
u-0136,Jordan Nguyen,pro,2022-07-11,Austin,9.4,0
u-0137,Riley Patel,free,2023-02-16,San Francisco,2.2,0
u-0138,Casey Lee,free,2022-12-10,Chicago,7.0,0
u-0139,Rahul Ramirez,pro,2022-05-03,Mumbai,3.7,0
u-0140,Priya Singh,free,2023-06-03,Pune,8.7,0
u-0141,Morgan Shah,starter,2022-09-16,Chicago,9.1,0
u-0142,Casey Kim,free,2023-02-03,Chennai,8.5,0
u-0143,Emily Singh,free,2022-07-16,Pune,8.6,0
u-0144,Vikram Shah,enterprise,2023-03-06,Berlin,7.3,1
u-0145,Jordan Mehta,enterprise,2021-11-10,London,3.9,1
u-0146,Jordan Lee,pro,2023-02-27,Hyderabad,8.3,0
u-0147,Jordan Lee,free,2023-10-29,Chennai,5.9,1
u-0148,Marcus Khan,enterprise,2022-12-02,Ahmedabad,7.0,0
u-0149,Riley Kim,starter,2023-07-09,Mumbai,10.0,0
u-0150,Quinn Miles,enterprise,2023-01-01,Pune,9.8,0
u-0151,Vikram Khan,free,2021-11-23,Seattle,3.8,1
u-0152,Riley Iyer,free,2023-11-04,Seattle,5.1,0
u-0153,Emily Khan,starter,2023-12-26,Ahmedabad,9.7,0
u-0154,Vikram Sharma,pro,2023-05-25,Pune,8.6,0
u-0155,Priya Sharma,free,2023-01-18,Berlin,7.5,0
u-0156,Rahul Iyer,free,2023-10-12,Seattle,7.5,0
u-0157,Casey Ramirez,starter,2022-06-06,Seattle,9.6,1
u-0158,Aisha Nguyen,enterprise,2022-08-27,Hyderabad,7.0,1
u-0159,Quinn Garcia,pro,2022-06-01,Pune,8.2,0
u-0160,Alex Brown,enterprise,2023-01-30,Chicago,10.0,0
u-0161,Morgan Ramirez,starter,2021-11-14,Chicago,6.4,0
u-0162,Emily Patel,pro,2022-06-27,Hyderabad,6.8,0
u-0163,Sam Khan,starter,2021-11-23,Bengaluru,5.8,0
u-0164,Quinn Carter,free,2023-11-17,Ahmedabad,9.2,0
u-0165,Avery Brown,pro,2022-07-01,Chicago,6.2,0
u-0166,Morgan Iyer,starter,2023-04-07,Hyderabad,8.0,0
u-0167,Jordan Lee,starter,2023-08-18,Chicago,5.5,0
u-0168,Avery Garcia,free,2023-08-29,Austin,7.1,0
u-0169,Ananya Chen,pro,2023-08-15,Chennai,10.0,0
u-0170,Rahul Sharma,pro,2023-11-13,Mumbai,5.6,1
u-0171,Casey Carter,free,2023-01-02,Austin,5.4,0
u-0172,Avery Lee,enterprise,2022-03-31,Chennai,8.6,0
u-0173,Avery Carter,free,2022-12-25,Austin,6.2,1
u-0174,Alex Shah,free,2023-10-11,London,3.6,0
u-0175,Rahul Carter,free,2022-05-27,Bengaluru,7.5,0
u-0176,Avery Kim,starter,2023-09-02,Ahmedabad,8.6,0
u-0177,Quinn Kim,free,2022-01-07,Hyderabad,4.1,0
u-0178,Alex Mehta,pro,2023-03-19,San Francisco,8.7,0
u-0179,Sofia Mehta,pro,2024-01-31,London,7.6,1
u-0180,Priya Khan,starter,2023-05-23,Berlin,6.8,0
u-0181,Aisha Khan,pro,2022-02-07,Mumbai,6.6,0
u-0182,Sofia Brown,enterprise,2021-11-23,Hyderabad,4.4,0
u-0183,Alex Singh,starter,2023-01-30,Chicago,10.0,0
u-0184,Sofia Mehta,free,2021-09-24,Berlin,5.0,0
u-0185,Sofia Carter,free,2023-07-15,Hyderabad,3.1,0
u-0186,Riley Miles,starter,2023-01-30,Seattle,9.1,0
u-0187,Sofia Kim,starter,2022-12-30,Ahmedabad,9.9,0
u-0188,Priya Miles,starter,2023-08-11,Hyderabad,10.0,0
u-0189,Sam Kim,starter,2023-03-05,San Francisco,6.2,0
u-0190,Riley Kim,starter,2022-11-25,Seattle,5.5,1
u-0191,Riley Ramirez,free,2022-06-03,San Francisco,3.4,0
u-0192,Aisha Shah,free,2022-11-27,Chennai,6.3,1
u-0193,Avery Lee,free,2023-11-04,San Francisco,9.7,0
u-0194,Jordan Patel,pro,2022-12-23,Mumbai,7.5,0
u-0195,Avery Kim,starter,2022-01-24,Seattle,3.1,0
u-0196,Vikram Ramirez,starter,2024-01-15,Pune,9.5,0
u-0197,Marcus Ramirez,starter,2021-09-16,Ahmedabad,4.7,0
u-0198,Sofia Khan,starter,2023-10-13,Seattle,5.4,0
u-0199,Alex Sharma,free,2024-01-25,Pune,6.6,0
u-0200,Aisha Khan,free,2023-10-02,Mumbai,7.2,0
u-0201,Aisha Sharma,free,2023-06-29,Ahmedabad,8.5,0
u-0202,Ananya Kim,free,2023-04-01,Chennai,6.5,0
u-0203,Avery Mehta,free,2022-02-10,Chennai,4.7,1
u-0204,Morgan Chen,pro,2022-09-14,Berlin,9.3,0
u-0205,Aisha Carter,free,2022-07-26,Chicago,7.3,0
u-0206,Avery Iyer,free,2021-12-30,Berlin,9.4,1
u-0207,Sam Brown,free,2023-10-10,London,5.2,1
u-0208,Quinn Singh,free,2023-07-22,San Francisco,8.2,0
u-0209,Morgan Lee,free,2021-10-12,Pune,5.1,1
u-0210,Alex Khan,free,2022-04-02,San Francisco,8.9,0
u-0211,Aisha Lee,free,2023-12-12,Berlin,5.1,0
u-0212,Vikram Brown,enterprise,2023-07-20,Chicago,5.0,0
u-0213,Rahul Iyer,free,2023-03-13,Austin,6.0,0
u-0214,Emily Shah,free,2024-01-04,London,5.4,1
u-0215,Casey Patel,starter,2022-09-12,London,9.0,0
u-0216,Casey Kim,free,2022-07-16,Chicago,4.6,0
u-0217,Casey Lee,starter,2023-04-15,Bengaluru,8.1,0
u-0218,Riley Brown,starter,2023-07-30,Chicago,8.5,0
u-0219,Avery Kim,pro,2023-01-27,London,6.1,0
u-0220,Riley Shah,enterprise,2021-11-23,Mumbai,7.6,0
u-0221,Ananya Patel,pro,2022-05-17,Chicago,4.4,0
u-0222,Ananya Iyer,free,2021-11-11,London,6.1,1
u-0223,Avery Ramirez,starter,2022-10-08,Chicago,6.3,0
u-0224,Marcus Ramirez,free,2023-11-02,Chennai,7.8,0
u-0225,Ananya Nguyen,pro,2023-12-11,Seattle,6.2,0
u-0226,Riley Sharma,free,2023-08-16,Bengaluru,4.9,0
u-0227,Vikram Miles,starter,2022-11-05,Hyderabad,8.3,0
u-0228,Riley Ramirez,free,2023-08-02,Chennai,6.5,1
u-0229,Alex Garcia,starter,2023-05-01,Chicago,7.6,0
u-0230,Sam Singh,free,2021-12-01,Hyderabad,5.3,0
u-0231,Avery Khan,free,2023-12-26,Seattle,6.1,0
u-0232,Morgan Patel,starter,2023-11-26,Austin,5.9,0
u-0233,Sam Miles,starter,2023-02-27,Seattle,6.3,0
u-0234,Priya Lee,free,2022-04-19,Chennai,7.7,1
u-0235,Sam Kim,free,2022-02-15,Pune,9.6,0
u-0236,Sam Lee,pro,2023-05-27,Chennai,3.0,0
u-0237,Sam Ramirez,starter,2023-05-25,Pune,8.1,1
u-0238,Riley Carter,starter,2022-09-13,Berlin,7.9,0
u-0239,Morgan Shah,starter,2022-01-09,Chicago,9.8,0
u-0240,Jordan Singh,starter,2023-08-31,Berlin,10.0,0
u-0241,Sofia Lee,starter,2021-12-17,Seattle,6.3,1
u-0242,Priya Patel,free,2022-03-02,Seattle,9.9,0
u-0243,Ananya Nguyen,starter,2023-06-14,Mumbai,7.7,0
u-0244,Marcus Khan,starter,2022-06-28,Austin,8.5,0
u-0245,Vikram Patel,free,2022-08-03,Chicago,9.4,0
u-0246,Rahul Carter,pro,2024-01-14,Bengaluru,9.6,0
u-0247,Quinn Nguyen,free,2023-02-17,London,7.9,0
u-0248,Sofia Nguyen,free,2023-07-10,Berlin,8.5,0
u-0249,Quinn Iyer,pro,2023-12-04,Hyderabad,4.8,0
u-0250,Marcus Chen,pro,2022-12-23,Seattle,8.0,0
u-0251,Emily Garcia,free,2022-05-31,Pune,7.4,0
u-0252,Jordan Chen,starter,2022-10-27,Seattle,9.0,0
u-0253,Jordan Shah,free,2023-11-16,Austin,5.7,0
u-0254,Casey Ramirez,pro,2022-02-12,Chennai,10.0,0
u-0255,Sam Khan,starter,2023-12-02,Ahmedabad,8.6,1
u-0256,Quinn Mehta,pro,2023-03-02,Pune,7.2,0
u-0257,Aisha Mehta,free,2022-09-25,Austin,8.6,0
u-0258,Sofia Kim,free,2021-11-17,Chennai,4.8,1
u-0259,Jordan Patel,pro,2022-04-17,Mumbai,8.9,0
u-0260,Casey Khan,free,2023-08-17,London,5.1,1
u-0261,Alex Kim,free,2023-01-25,Ahmedabad,9.2,0
u-0262,Ananya Miles,starter,2022-01-16,Chicago,7.0,0
u-0263,Aisha Garcia,starter,2023-07-01,Berlin,7.1,0
u-0264,Jordan Iyer,free,2021-12-07,Mumbai,5.7,1
u-0265,Aisha Brown,starter,2022-10-25,Chennai,3.0,1
u-0266,Vikram Carter,free,2022-08-05,Bengaluru,6.6,0
u-0267,Vikram Shah,starter,2022-07-05,Bengaluru,7.2,0
u-0268,Jordan Brown,pro,2021-10-13,Austin,7.7,0
u-0269,Alex Sharma,starter,2022-06-13,Hyderabad,8.1,0
u-0270,Morgan Mehta,starter,2023-02-09,Hyderabad,5.7,1
u-0271,Vikram Chen,starter,2022-09-06,Chicago,5.0,1
u-0272,Alex Patel,free,2022-06-03,Seattle,7.9,0
u-0273,Vikram Mehta,pro,2022-08-30,Chicago,2.3,1
u-0274,Morgan Patel,pro,2024-01-24,Bengaluru,4.9,1
u-0275,Avery Chen,pro,2021-12-09,Seattle,7.0,0
u-0276,Alex Nguyen,enterprise,2023-06-08,San Francisco,5.9,0
u-0277,Priya Nguyen,starter,2022-07-15,Berlin,7.3,1
u-0278,Emily Lee,starter,2022-09-27,Seattle,5.6,1
u-0279,Jordan Kim,free,2023-10-20,San Francisco,6.5,0
u-0280,Priya Brown,enterprise,2021-12-31,Mumbai,6.8,0
u-0281,Quinn Carter,starter,2023-11-21,Pune,4.9,0
u-0282,Sam Miles,free,2021-10-25,Hyderabad,6.9,0
u-0283,Casey Singh,pro,2021-11-22,Hyderabad,7.1,0
u-0284,Riley Mehta,starter,2022-09-15,Mumbai,7.6,1
u-0285,Sofia Iyer,enterprise,2021-10-24,Austin,6.6,0
u-0286,Morgan Kim,pro,2022-01-18,Chicago,6.1,0
u-0287,Sofia Patel,pro,2021-12-11,Mumbai,10.0,0
u-0288,Casey Mehta,starter,2022-03-08,Bengaluru,7.3,0
u-0289,Sofia Kim,starter,2021-11-15,Seattle,5.8,0
u-0290,Avery Singh,pro,2022-03-30,San Francisco,9.0,0
u-0291,Vikram Iyer,free,2021-12-28,Austin,9.5,0
u-0292,Jordan Chen,free,2023-10-28,Chennai,4.8,1
u-0293,Jordan Garcia,enterprise,2023-01-26,Ahmedabad,9.3,0
u-0294,Riley Nguyen,pro,2022-12-12,Chicago,8.2,0
u-0295,Sofia Lee,enterprise,2021-12-02,Chicago,7.2,1
u-0296,Priya Ramirez,free,2022-12-05,Berlin,7.3,0
u-0297,Ananya Singh,free,2023-01-15,San Francisco,4.0,1
u-0298,Rahul Kim,pro,2022-03-18,Ahmedabad,5.8,0
u-0299,Casey Shah,free,2022-07-16,Seattle,4.9,1
u-0300,Vikram Mehta,starter,2022-09-10,Chicago,6.8,0
u-0301,Rahul Mehta,free,2021-11-29,San Francisco,6.7,0
u-0302,Marcus Sharma,pro,2022-02-18,London,7.1,0
u-0303,Avery Patel,starter,2022-05-24,Pune,7.3,0
u-0304,Priya Kim,free,2021-10-22,London,9.9,0
u-0305,Avery Miles,starter,2023-12-21,Austin,2.9,0
u-0306,Riley Lee,free,2022-10-07,London,9.7,0
u-0307,Quinn Garcia,pro,2024-01-05,Seattle,9.3,1
u-0308,Sam Carter,starter,2022-03-15,Chennai,8.2,0
u-0309,Vikram Miles,starter,2023-10-14,Seattle,9.8,0
u-0310,Sam Lee,starter,2022-10-02,London,5.0,0
u-0311,Riley Nguyen,free,2022-03-23,Chicago,9.0,1
u-0312,Alex Kim,free,2022-08-06,Hyderabad,9.8,0
u-0313,Avery Shah,enterprise,2023-12-12,Bengaluru,4.4,0
u-0314,Casey Kim,starter,2022-12-14,Berlin,8.4,0
u-0315,Casey Kim,starter,2022-03-25,Berlin,8.2,0
u-0316,Priya Garcia,free,2021-10-20,Austin,7.7,0
u-0317,Casey Khan,enterprise,2021-12-12,Hyderabad,5.0,0
u-0318,Marcus Patel,pro,2022-02-20,Austin,6.4,0
u-0319,Avery Iyer,free,2023-05-10,Austin,8.8,0
u-0320,Vikram Shah,starter,2022-04-18,Bengaluru,7.4,0
u-0321,Emily Khan,starter,2023-09-09,Chicago,5.4,1
u-0322,Jordan Shah,pro,2023-04-21,Ahmedabad,8.2,0
u-0323,Rahul Lee,enterprise,2023-05-31,Chennai,8.0,0
u-0324,Vikram Ramirez,pro,2022-12-06,Mumbai,3.0,1
u-0325,Quinn Iyer,pro,2022-01-01,Berlin,10.0,0
u-0326,Sofia Lee,starter,2022-01-12,Chicago,4.7,0
u-0327,Riley Khan,free,2021-12-17,Pune,4.6,1
u-0328,Rahul Garcia,starter,2021-11-09,San Francisco,5.3,1
u-0329,Quinn Lee,pro,2024-01-08,Austin,6.1,0
u-0330,Alex Khan,free,2021-09-17,Seattle,6.5,0
u-0331,Rahul Lee,starter,2021-12-30,Seattle,8.8,0
u-0332,Casey Brown,free,2022-05-04,London,9.8,0
u-0333,Jordan Singh,free,2023-11-23,Ahmedabad,10.0,0
u-0334,Aisha Ramirez,pro,2022-05-07,Mumbai,7.2,0
u-0335,Quinn Mehta,free,2022-06-24,Ahmedabad,7.9,1
u-0336,Aisha Nguyen,pro,2023-11-12,Chennai,6.8,0
u-0337,Casey Lee,free,2023-08-10,San Francisco,10.0,0
u-0338,Emily Khan,starter,2022-04-19,London,8.2,0
u-0339,Alex Sharma,pro,2023-09-09,Chennai,7.4,0
u-0340,Jordan Carter,pro,2023-04-06,Austin,9.0,1
u-0341,Sam Patel,pro,2022-08-21,Seattle,7.4,0
u-0342,Ananya Nguyen,free,2022-01-10,Seattle,4.8,1
u-0343,Priya Garcia,free,2023-05-30,London,5.5,0
u-0344,Riley Garcia,pro,2024-01-23,Bengaluru,2.8,1
u-0345,Ananya Shah,pro,2022-01-22,Mumbai,5.5,0
u-0346,Vikram Patel,pro,2021-11-11,San Francisco,6.3,0
u-0347,Ananya Ramirez,pro,2022-01-19,Berlin,6.5,1
u-0348,Alex Mehta,free,2022-12-08,Ahmedabad,7.9,0
u-0349,Morgan Garcia,free,2022-05-16,Hyderabad,9.9,0
u-0350,Marcus Lee,enterprise,2023-10-13,Pune,4.9,0
u-0351,Rahul Garcia,starter,2022-07-27,Bengaluru,4.7,0
u-0352,Quinn Khan,pro,2022-08-28,Pune,6.6,0
u-0353,Vikram Ramirez,starter,2022-07-29,Seattle,8.8,0
u-0354,Ananya Ramirez,enterprise,2022-06-09,Chicago,4.7,0
u-0355,Sofia Singh,pro,2021-12-20,Chennai,7.9,0
u-0356,Sam Miles,free,2022-03-25,Chicago,10.0,0
u-0357,Priya Shah,pro,2024-01-01,San Francisco,10.0,0
u-0358,Ananya Nguyen,free,2022-06-01,Seattle,9.6,0
u-0359,Ananya Mehta,starter,2022-05-08,Ahmedabad,6.2,1
u-0360,Aisha Singh,pro,2022-10-08,Seattle,4.3,1
u-0361,Quinn Singh,free,2022-08-08,Chennai,6.1,0
u-0362,Jordan Nguyen,free,2023-11-22,Hyderabad,5.7,0
u-0363,Morgan Garcia,starter,2023-06-19,Seattle,7.9,0
u-0364,Emily Carter,enterprise,2022-01-12,Pune,6.3,0
u-0365,Riley Chen,free,2024-01-31,Chennai,5.8,0
u-0366,Rahul Sharma,pro,2021-09-29,San Francisco,9.9,1
u-0367,Sam Nguyen,starter,2023-07-23,Hyderabad,6.0,0
u-0368,Aisha Patel,starter,2022-03-27,Chennai,10.0,0
u-0369,Priya Khan,pro,2023-07-25,Bengaluru,9.6,0
u-0370,Casey Khan,starter,2024-01-02,London,9.5,0
u-0371,Ananya Chen,pro,2022-08-24,Pune,4.4,0
u-0372,Aisha Garcia,pro,2022-04-15,San Francisco,9.6,0
u-0373,Avery Sharma,enterprise,2023-11-19,Hyderabad,6.7,0
u-0374,Rahul Iyer,pro,2023-06-12,Bengaluru,6.2,0
u-0375,Jordan Kim,free,2023-05-13,Austin,9.0,1
u-0376,Marcus Carter,pro,2021-10-17,Hyderabad,7.6,0
u-0377,Casey Mehta,starter,2023-05-08,Chennai,10.0,0
u-0378,Sofia Singh,free,2023-12-08,Ahmedabad,6.2,0
u-0379,Sam Sharma,starter,2021-09-27,Berlin,5.4,1
u-0380,Aisha Singh,pro,2023-11-13,Chennai,3.5,1
u-0381,Marcus Singh,free,2022-12-05,Mumbai,7.6,0
u-0382,Sofia Singh,starter,2023-08-28,Ahmedabad,5.0,1
u-0383,Rahul Shah,starter,2023-06-27,Ahmedabad,7.1,0
u-0384,Marcus Chen,starter,2022-04-17,Seattle,8.0,0
u-0385,Priya Kim,pro,2023-10-06,Mumbai,7.1,0
u-0386,Riley Miles,free,2022-07-15,Pune,6.9,0
u-0387,Aisha Lee,pro,2022-09-27,Pune,8.2,0
u-0388,Emily Nguyen,pro,2022-05-10,London,10.0,0
u-0389,Priya Khan,starter,2023-09-15,London,7.4,0
u-0390,Sofia Sharma,starter,2023-03-31,Seattle,4.2,0
u-0391,Emily Ramirez,free,2024-01-29,Berlin,9.4,0
u-0392,Aisha Iyer,free,2021-12-28,Bengaluru,6.1,0
u-0393,Morgan Nguyen,starter,2021-09-24,Berlin,8.1,0
u-0394,Rahul Kim,free,2023-01-09,Chennai,5.1,0
u-0395,Marcus Nguyen,pro,2022-10-29,San Francisco,8.8,0
u-0396,Casey Carter,starter,2023-10-08,Chicago,7.1,1
u-0397,Avery Patel,free,2021-12-31,Austin,9.9,0
u-0398,Priya Khan,free,2022-04-05,Mumbai,9.9,0
u-0399,Casey Sharma,pro,2023-10-25,Austin,7.9,0
u-0400,Morgan Ramirez,free,2022-10-29,Chennai,6.4,0
u-0401,Marcus Garcia,pro,2023-09-05,Seattle,4.8,0
u-0402,Quinn Lee,free,2022-09-03,Mumbai,4.0,0
u-0403,Avery Nguyen,enterprise,2022-07-10,Chicago,6.9,0
u-0404,Ananya Nguyen,starter,2023-03-03,Ahmedabad,8.2,0
u-0405,Emily Singh,starter,2023-01-13,London,7.8,0
u-0406,Morgan Khan,starter,2022-05-24,Ahmedabad,5.8,0
u-0407,Sofia Singh,free,2023-09-19,Austin,6.5,0
u-0408,Casey Singh,pro,2024-01-02,Chicago,7.2,0
u-0409,Riley Garcia,free,2023-02-04,Chicago,5.4,0
u-0410,Emily Singh,free,2022-12-01,Pune,7.1,0
u-0411,Casey Ramirez,free,2023-05-28,Austin,5.8,1
u-0412,Marcus Garcia,starter,2023-01-26,San Francisco,8.7,0
u-0413,Casey Miles,pro,2023-11-04,Hyderabad,9.0,0
u-0414,Casey Miles,free,2022-04-23,Ahmedabad,6.7,0
u-0415,Rahul Mehta,pro,2022-04-06,Ahmedabad,7.8,0
u-0416,Priya Sharma,pro,2023-06-15,Austin,7.6,0
u-0417,Emily Khan,free,2022-07-14,Pune,9.5,0
u-0418,Sam Miles,free,2023-07-13,Hyderabad,5.3,0
u-0419,Casey Singh,free,2023-02-23,London,7.6,0
u-0420,Ananya Kim,free,2023-04-29,London,9.0,0
u-0421,Alex Singh,pro,2021-10-10,San Francisco,6.2,1
u-0422,Ananya Brown,starter,2022-12-10,London,4.2,1
u-0423,Sofia Patel,starter,2022-07-31,San Francisco,9.1,0
u-0424,Casey Garcia,pro,2023-08-03,Berlin,2.6,1
u-0425,Jordan Mehta,free,2021-11-17,Bengaluru,7.6,0
u-0426,Riley Nguyen,pro,2022-06-16,Mumbai,3.3,1
u-0427,Aisha Garcia,starter,2023-11-01,Austin,7.6,0
u-0428,Riley Lee,free,2023-04-19,Bengaluru,7.2,1
u-0429,Avery Kim,starter,2022-11-18,Bengaluru,7.2,0
u-0430,Sofia Chen,free,2023-01-31,Pune,6.9,0
u-0431,Quinn Garcia,enterprise,2022-03-07,Berlin,10.0,0
u-0432,Vikram Kim,starter,2022-10-04,Chicago,8.1,0
u-0433,Rahul Khan,pro,2022-10-05,Mumbai,6.6,0
u-0434,Morgan Patel,enterprise,2023-03-11,Ahmedabad,5.9,0
u-0435,Casey Miles,starter,2022-01-28,San Francisco,5.7,1
u-0436,Priya Lee,pro,2022-06-01,Mumbai,7.8,0
u-0437,Priya Singh,starter,2022-05-28,Mumbai,5.8,0
u-0438,Avery Ramirez,free,2022-07-11,Mumbai,8.3,0
u-0439,Riley Iyer,enterprise,2022-07-03,Seattle,6.7,0
u-0440,Vikram Miles,starter,2022-04-14,London,3.5,0
u-0441,Quinn Kim,pro,2023-07-13,Berlin,6.3,0
u-0442,Rahul Iyer,starter,2022-11-03,Austin,9.5,0
u-0443,Sofia Patel,free,2023-10-10,Chicago,6.7,0
u-0444,Priya Sharma,starter,2023-03-19,Pune,9.7,0
u-0445,Aisha Miles,free,2023-05-24,Ahmedabad,10.0,0
u-0446,Sofia Kim,free,2023-08-11,Berlin,7.8,0
u-0447,Sofia Nguyen,pro,2022-10-13,Chicago,5.3,0
u-0448,Ananya Garcia,free,2023-01-17,San Francisco,7.4,0
u-0449,Morgan Lee,enterprise,2023-01-03,Berlin,9.0,0
u-0450,Riley Brown,starter,2022-01-03,Ahmedabad,10.0,0
u-0451,Casey Chen,starter,2023-03-24,Ahmedabad,7.2,0
u-0452,Quinn Iyer,free,2023-10-19,Berlin,7.3,0
u-0453,Alex Garcia,free,2022-03-15,San Francisco,6.1,0
u-0454,Emily Kim,starter,2023-07-29,Ahmedabad,7.5,0
u-0455,Avery Mehta,free,2021-10-08,London,4.4,1
u-0456,Sofia Shah,starter,2022-07-03,Mumbai,7.0,0
u-0457,Sam Ramirez,starter,2023-06-24,Chicago,5.9,0
u-0458,Sofia Patel,free,2022-09-19,Chennai,8.9,0
u-0459,Vikram Singh,starter,2021-11-12,Berlin,4.3,0
u-0460,Quinn Ramirez,free,2021-11-26,Chennai,5.7,1
u-0461,Priya Kim,free,2023-02-21,Chicago,4.2,1
u-0462,Avery Carter,pro,2024-01-07,Berlin,6.4,0
u-0463,Sam Nguyen,free,2023-11-24,Pune,8.9,0
u-0464,Sofia Lee,free,2021-12-29,Bengaluru,7.6,1
u-0465,Emily Singh,starter,2022-07-06,Hyderabad,10.0,0
u-0466,Riley Lee,starter,2022-05-11,Chicago,3.1,0
u-0467,Rahul Brown,enterprise,2022-05-15,Mumbai,4.2,1
u-0468,Vikram Carter,pro,2022-03-29,London,6.5,0
u-0469,Morgan Garcia,pro,2022-11-16,Pune,6.2,0
u-0470,Jordan Khan,starter,2023-03-09,Seattle,10.0,0
u-0471,Jordan Kim,starter,2023-07-12,Bengaluru,6.9,0
u-0472,Ananya Sharma,free,2023-05-10,Chicago,2.3,1
u-0473,Aisha Brown,pro,2022-04-20,Hyderabad,7.6,0
u-0474,Emily Chen,starter,2024-01-20,Austin,6.6,0
u-0475,Morgan Shah,free,2023-09-28,Chennai,5.8,1
u-0476,Ananya Ramirez,starter,2022-03-18,Bengaluru,2.2,0
u-0477,Ananya Carter,pro,2022-07-17,Berlin,9.6,0
u-0478,Avery Nguyen,starter,2023-09-14,Pune,2.6,0
u-0479,Alex Kim,free,2024-01-01,Seattle,5.2,0
u-0480,Jordan Singh,enterprise,2023-07-20,San Francisco,10.0,0
u-0481,Sofia Garcia,free,2023-10-21,Pune,6.9,1
u-0482,Morgan Khan,enterprise,2023-06-06,Pune,7.0,0
u-0483,Sam Ramirez,starter,2022-02-07,Berlin,5.8,0
u-0484,Marcus Chen,enterprise,2022-01-06,Chennai,8.8,0
u-0485,Alex Sharma,pro,2023-05-28,Pune,8.9,0
u-0486,Casey Chen,starter,2023-05-27,Seattle,6.6,1
u-0487,Alex Nguyen,pro,2022-02-12,Hyderabad,8.0,1
u-0488,Priya Sharma,free,2023-01-27,Pune,6.0,0
u-0489,Rahul Brown,free,2023-07-31,San Francisco,6.7,1
u-0490,Riley Patel,free,2022-04-22,Austin,9.3,0
u-0491,Marcus Patel,starter,2022-12-02,Chennai,8.8,0
u-0492,Riley Carter,free,2021-12-17,Chicago,7.8,0
u-0493,Ananya Shah,starter,2021-12-30,Mumbai,8.3,0
u-0494,Alex Garcia,enterprise,2022-03-15,Seattle,5.5,0
u-0495,Ananya Garcia,pro,2021-10-09,Chennai,8.5,0
u-0496,Quinn Kim,free,2022-10-24,Chicago,10.0,0
u-0497,Marcus Ramirez,starter,2022-10-13,Seattle,4.0,0
u-0498,Marcus Khan,free,2024-01-31,Ahmedabad,4.7,0
u-0499,Morgan Iyer,free,2023-09-08,Hyderabad,9.7,0
u-0500,Jordan Khan,enterprise,2023-09-17,Ahmedabad,10.0,0
u-0501,Casey Lee,enterprise,2021-11-22,Seattle,9.6,0
u-0502,Sam Sharma,free,2023-06-26,Chicago,7.4,0
u-0503,Aisha Chen,free,2022-08-09,Berlin,2.4,0
u-0504,Priya Brown,free,2023-02-07,Chicago,6.7,0
u-0505,Casey Nguyen,starter,2022-04-07,Hyderabad,8.4,0
u-0506,Sofia Patel,free,2023-03-23,San Francisco,5.9,0
u-0507,Ananya Lee,free,2021-11-08,Austin,9.1,0
u-0508,Casey Mehta,starter,2022-11-11,Mumbai,8.4,0
u-0509,Vikram Lee,free,2023-07-04,Chennai,5.9,0
u-0510,Ananya Shah,pro,2023-02-08,Pune,6.4,0
u-0511,Marcus Khan,pro,2023-03-21,Seattle,4.4,0
u-0512,Sam Miles,starter,2022-05-11,Berlin,4.1,0
u-0513,Casey Carter,starter,2023-04-26,Berlin,9.9,0
u-0514,Ananya Singh,pro,2023-12-18,London,3.3,1
u-0515,Marcus Mehta,free,2022-03-22,Chicago,7.9,0
u-0516,Sofia Shah,pro,2021-09-19,Chicago,7.2,0
u-0517,Casey Ramirez,free,2023-06-28,San Francisco,8.2,0
u-0518,Alex Carter,enterprise,2022-01-29,Chennai,5.5,0
u-0519,Sam Garcia,free,2023-12-29,Austin,8.0,0
u-0520,Riley Miles,pro,2023-04-16,San Francisco,7.5,0
u-0521,Avery Brown,free,2024-01-22,San Francisco,8.0,0
u-0522,Avery Iyer,pro,2023-02-21,Bengaluru,8.8,0
u-0523,Vikram Mehta,starter,2022-08-20,Hyderabad,7.6,0
u-0524,Jordan Khan,free,2021-10-16,Hyderabad,6.5,0
u-0525,Jordan Chen,pro,2022-01-31,Chicago,4.8,0
u-0526,Riley Carter,free,2021-11-09,Seattle,5.1,0
u-0527,Vikram Garcia,starter,2022-07-14,Austin,7.2,0
u-0528,Aisha Kim,free,2023-02-24,Ahmedabad,6.4,0
u-0529,Casey Chen,pro,2021-12-05,San Francisco,6.2,1
u-0530,Alex Iyer,pro,2023-12-12,Chennai,7.4,0
u-0531,Quinn Patel,starter,2022-02-22,Seattle,9.7,0
u-0532,Rahul Singh,pro,2021-09-25,Seattle,7.0,0
u-0533,Quinn Lee,pro,2024-01-13,San Francisco,6.4,0
u-0534,Quinn Nguyen,starter,2022-07-13,Hyderabad,7.6,1
u-0535,Ananya Lee,free,2022-01-01,Berlin,7.1,0
u-0536,Sofia Nguyen,starter,2022-06-09,London,7.0,0
u-0537,Casey Chen,free,2021-10-06,Berlin,5.3,0
u-0538,Jordan Ramirez,starter,2023-06-08,Ahmedabad,7.1,0
u-0539,Sofia Singh,free,2022-07-26,Bengaluru,4.9,0
u-0540,Aisha Shah,pro,2022-02-19,Ahmedabad,8.4,0
u-0541,Rahul Kim,starter,2023-12-03,Austin,3.4,0
u-0542,Priya Miles,starter,2022-10-04,Seattle,9.0,0
u-0543,Priya Nguyen,free,2021-10-19,Mumbai,7.4,0
u-0544,Priya Miles,free,2022-12-19,Mumbai,8.7,0
u-0545,Quinn Chen,pro,2022-02-22,Ahmedabad,5.7,0
u-0546,Priya Mehta,starter,2022-04-28,San Francisco,6.9,0
u-0547,Vikram Patel,enterprise,2023-06-12,San Francisco,6.9,0
u-0548,Aisha Ramirez,starter,2023-03-15,Austin,4.8,1
u-0549,Sofia Garcia,free,2022-12-02,Ahmedabad,5.3,1
u-0550,Riley Brown,starter,2023-01-24,Seattle,10.0,0
u-0551,Sam Mehta,pro,2022-09-02,Chicago,6.4,0
u-0552,Marcus Nguyen,free,2022-07-14,Mumbai,10.0,0
u-0553,Sofia Ramirez,starter,2023-02-07,Chennai,7.1,1
u-0554,Vikram Carter,free,2022-07-25,Chicago,5.1,0
u-0555,Riley Chen,free,2022-07-08,San Francisco,4.9,1
u-0556,Aisha Ramirez,free,2021-10-10,Mumbai,4.9,1
u-0557,Emily Brown,starter,2022-02-21,Chicago,6.9,0
u-0558,Sam Iyer,pro,2022-09-30,Bengaluru,7.2,0
u-0559,Ananya Garcia,free,2023-09-01,Berlin,10.0,1
u-0560,Morgan Brown,pro,2023-04-28,Mumbai,4.6,0
u-0561,Casey Miles,pro,2023-04-19,Berlin,5.6,1
u-0562,Morgan Lee,starter,2023-05-27,San Francisco,9.9,0
u-0563,Alex Shah,free,2021-10-31,Bengaluru,6.9,0
u-0564,Ananya Carter,free,2022-10-25,Chennai,6.8,0
u-0565,Casey Patel,free,2021-09-24,San Francisco,6.8,0
u-0566,Riley Nguyen,enterprise,2023-10-20,London,6.0,0
u-0567,Avery Garcia,pro,2022-05-22,London,6.5,0
u-0568,Alex Carter,free,2022-09-08,Austin,7.6,0
u-0569,Ananya Chen,starter,2022-04-09,Ahmedabad,5.6,1
u-0570,Marcus Shah,free,2023-02-27,San Francisco,8.3,0
u-0571,Aisha Garcia,free,2022-11-07,Mumbai,6.9,0
u-0572,Quinn Sharma,free,2023-04-01,Mumbai,10.0,0
u-0573,Alex Miles,free,2022-06-05,Chicago,8.9,0
u-0574,Aisha Garcia,free,2023-08-18,Chicago,7.0,0
u-0575,Morgan Sharma,free,2022-07-07,London,6.1,0
u-0576,Emily Khan,starter,2022-11-27,London,4.5,0
u-0577,Casey Shah,starter,2022-03-10,Austin,4.2,0
u-0578,Sam Kim,starter,2023-12-31,Mumbai,6.6,0
u-0579,Sofia Brown,free,2023-08-27,Berlin,3.9,0
u-0580,Sofia Garcia,starter,2022-08-22,London,5.2,0
u-0581,Ananya Khan,starter,2023-03-13,Mumbai,8.0,0
u-0582,Alex Singh,enterprise,2023-05-29,Pune,3.6,0
u-0583,Casey Iyer,free,2021-11-12,Austin,10.0,0
u-0584,Morgan Nguyen,starter,2021-12-06,London,8.9,0
u-0585,Sam Lee,free,2023-11-14,Chicago,8.0,0
u-0586,Sofia Mehta,free,2022-11-01,Ahmedabad,9.8,0
u-0587,Casey Mehta,starter,2022-07-01,Ahmedabad,6.4,1
u-0588,Riley Nguyen,pro,2022-03-24,Bengaluru,10.0,1
u-0589,Casey Kim,enterprise,2023-08-09,Chennai,8.9,0
u-0590,Ananya Singh,starter,2022-01-22,Chicago,10.0,0
u-0591,Sofia Khan,free,2022-07-11,Bengaluru,6.6,1
u-0592,Aisha Garcia,pro,2021-12-29,San Francisco,4.8,0
u-0593,Aisha Chen,free,2022-06-20,Hyderabad,4.4,0
u-0594,Priya Singh,starter,2022-01-05,Berlin,7.4,0
u-0595,Marcus Chen,pro,2024-01-07,Hyderabad,4.2,1
u-0596,Casey Garcia,starter,2023-07-20,Hyderabad,6.2,0
u-0597,Vikram Khan,starter,2022-10-27,London,6.9,0
u-0598,Sam Ramirez,free,2023-05-14,Chennai,3.2,0
u-0599,Casey Garcia,free,2023-08-13,Berlin,6.9,0
u-0600,Morgan Ramirez,enterprise,2022-05-27,San Francisco,8.6,0
u-0601,Emily Sharma,free,2021-09-21,Austin,10.0,0
u-0602,Vikram Shah,free,2022-10-22,Austin,7.7,0
u-0603,Avery Khan,starter,2022-08-21,Austin,6.6,1
u-0604,Quinn Nguyen,free,2022-08-20,Ahmedabad,6.9,1
u-0605,Ananya Mehta,free,2023-02-04,Pune,7.1,0
u-0606,Morgan Nguyen,free,2022-06-22,Chicago,5.4,0
u-0607,Morgan Brown,starter,2022-03-02,Mumbai,5.7,1
u-0608,Jordan Singh,starter,2023-10-25,San Francisco,6.8,0
u-0609,Sofia Shah,pro,2023-06-07,Ahmedabad,4.1,0
u-0610,Emily Miles,free,2023-09-08,Berlin,8.4,0
u-0611,Marcus Khan,enterprise,2022-03-14,Hyderabad,9.4,0
u-0612,Ananya Miles,free,2022-07-27,Berlin,4.4,0
u-0613,Riley Chen,free,2022-06-27,London,8.8,0
u-0614,Casey Khan,enterprise,2022-08-06,Ahmedabad,5.0,0
u-0615,Marcus Nguyen,pro,2022-10-26,Bengaluru,5.5,0
u-0616,Aisha Singh,free,2022-02-20,Bengaluru,9.1,0
u-0617,Morgan Lee,free,2023-09-18,Pune,6.3,0
u-0618,Sam Miles,pro,2022-06-08,London,6.8,0
u-0619,Sam Lee,free,2022-02-06,Berlin,5.9,0
u-0620,Avery Mehta,free,2023-08-05,Hyderabad,7.9,0
u-0621,Sofia Brown,starter,2022-05-25,San Francisco,5.5,1
u-0622,Priya Ramirez,pro,2023-12-03,San Francisco,6.5,0
u-0623,Vikram Patel,starter,2023-09-12,Seattle,6.2,1
u-0624,Morgan Miles,starter,2023-02-26,Berlin,9.5,0
u-0625,Priya Sharma,enterprise,2021-09-15,Berlin,6.8,0
u-0626,Sam Miles,free,2023-03-15,Austin,7.3,0
u-0627,Quinn Carter,pro,2023-01-24,San Francisco,7.8,0
u-0628,Vikram Patel,free,2022-04-05,Austin,9.0,0
u-0629,Morgan Chen,pro,2022-03-09,Bengaluru,9.5,1
u-0630,Emily Nguyen,starter,2022-06-27,London,7.5,0
u-0631,Vikram Kim,free,2024-01-06,London,6.0,0
u-0632,Sam Miles,starter,2022-01-04,Pune,4.0,1
u-0633,Rahul Garcia,pro,2023-06-19,San Francisco,6.5,0
u-0634,Sofia Brown,starter,2022-11-20,Austin,6.3,0
u-0635,Alex Kim,free,2022-05-06,San Francisco,8.1,1
u-0636,Marcus Chen,free,2023-05-26,Hyderabad,6.7,1
u-0637,Avery Kim,starter,2022-06-15,San Francisco,5.3,0
u-0638,Sofia Miles,starter,2022-11-20,Chicago,9.0,0
u-0639,Marcus Carter,starter,2023-09-19,Bengaluru,6.4,0
u-0640,Jordan Lee,free,2023-07-29,Mumbai,4.9,0
u-0641,Sam Brown,pro,2022-04-09,Seattle,7.8,0
u-0642,Emily Garcia,free,2023-12-11,Seattle,6.6,0
u-0643,Riley Sharma,free,2023-03-06,Berlin,8.9,0
u-0644,Avery Nguyen,starter,2022-11-24,Berlin,5.7,0
u-0645,Morgan Sharma,starter,2023-03-04,Chennai,4.0,0
u-0646,Riley Sharma,enterprise,2023-02-07,Ahmedabad,7.5,0
u-0647,Riley Iyer,starter,2021-10-09,Seattle,7.1,0
u-0648,Alex Chen,free,2024-01-04,Chennai,4.3,1
u-0649,Priya Khan,pro,2021-10-01,Mumbai,3.8,0
u-0650,Vikram Iyer,free,2022-05-15,Seattle,7.3,0
u-0651,Vikram Carter,enterprise,2021-11-25,Ahmedabad,5.4,0
u-0652,Priya Brown,free,2022-07-21,London,8.2,0
u-0653,Jordan Carter,pro,2021-11-02,Seattle,7.2,0
u-0654,Aisha Singh,pro,2023-11-29,Hyderabad,8.9,0
u-0655,Avery Patel,pro,2022-05-17,Seattle,10.0,0
u-0656,Rahul Kim,free,2022-05-25,Berlin,8.5,0
u-0657,Alex Sharma,pro,2021-11-13,Ahmedabad,10.0,0
u-0658,Avery Nguyen,pro,2023-11-21,Hyderabad,3.8,0
u-0659,Morgan Carter,free,2022-11-16,Chennai,6.8,0
u-0660,Priya Ramirez,starter,2022-11-08,Ahmedabad,8.6,0
u-0661,Casey Garcia,starter,2023-11-11,Seattle,6.8,0
u-0662,Priya Patel,enterprise,2022-08-09,London,6.9,0
u-0663,Marcus Chen,pro,2022-12-10,Berlin,7.7,0
u-0664,Vikram Shah,starter,2022-11-24,Austin,8.9,0
u-0665,Priya Kim,starter,2022-06-18,Chennai,6.3,0
u-0666,Avery Brown,free,2022-04-22,Austin,7.8,0
u-0667,Morgan Patel,starter,2022-07-05,Chicago,6.3,0
u-0668,Riley Ramirez,pro,2023-03-03,Pune,9.8,0
u-0669,Alex Nguyen,starter,2021-10-16,Chennai,7.3,0
u-0670,Vikram Patel,pro,2023-07-31,Seattle,4.7,1
u-0671,Vikram Nguyen,starter,2023-04-12,San Francisco,9.1,0
u-0672,Quinn Carter,free,2022-12-05,San Francisco,8.9,0
u-0673,Marcus Nguyen,pro,2023-05-06,Berlin,9.3,0
u-0674,Jordan Shah,free,2023-04-10,Bengaluru,7.2,0
u-0675,Alex Miles,enterprise,2021-11-17,San Francisco,7.5,0
u-0676,Quinn Khan,enterprise,2023-09-23,Bengaluru,5.8,0
u-0677,Marcus Shah,pro,2022-11-13,Chennai,8.0,0
u-0678,Sam Ramirez,pro,2022-12-19,Mumbai,6.2,0
u-0679,Ananya Singh,starter,2023-11-18,Bengaluru,7.3,0
u-0680,Quinn Ramirez,starter,2023-08-10,Austin,10.0,0
u-0681,Sam Khan,pro,2023-06-09,Bengaluru,8.4,0
u-0682,Sofia Khan,free,2022-12-19,Ahmedabad,2.9,1
u-0683,Morgan Khan,pro,2023-02-04,London,2.9,0
u-0684,Priya Ramirez,free,2022-09-04,Hyderabad,9.1,0
u-0685,Emily Lee,pro,2023-03-11,Seattle,3.6,0
u-0686,Jordan Singh,starter,2022-03-23,Pune,7.8,0
u-0687,Vikram Mehta,pro,2023-03-19,Austin,6.7,1
u-0688,Quinn Mehta,starter,2022-01-20,Bengaluru,8.9,0
u-0689,Morgan Lee,starter,2021-09-15,Berlin,7.9,0
u-0690,Priya Nguyen,enterprise,2022-06-30,Hyderabad,3.5,0
u-0691,Rahul Garcia,starter,2023-11-05,Ahmedabad,6.4,0
u-0692,Marcus Garcia,free,2021-12-16,Bengaluru,10.0,0
u-0693,Alex Sharma,free,2022-02-21,Austin,10.0,0
u-0694,Jordan Patel,starter,2022-10-04,Austin,4.7,0
u-0695,Alex Kim,starter,2023-04-12,Austin,6.9,1
u-0696,Aisha Patel,starter,2022-05-24,Austin,8.3,0
u-0697,Ananya Miles,free,2022-08-15,Hyderabad,10.0,0
u-0698,Marcus Singh,free,2022-04-02,Mumbai,4.8,0
u-0699,Alex Singh,pro,2022-07-20,Austin,7.4,0
u-0700,Rahul Ramirez,starter,2022-02-14,San Francisco,5.6,1
u-0701,Sam Kim,free,2021-10-13,Seattle,8.9,0
u-0702,Rahul Carter,free,2022-04-18,Chennai,9.0,0
u-0703,Casey Miles,free,2023-05-01,San Francisco,6.9,0
u-0704,Marcus Singh,pro,2021-12-08,London,5.8,0
u-0705,Priya Nguyen,pro,2022-02-12,Chennai,6.8,0
u-0706,Ananya Singh,starter,2022-12-17,Chicago,10.0,0
u-0707,Avery Brown,starter,2023-12-11,London,7.6,0
u-0708,Riley Iyer,pro,2021-10-25,Austin,7.7,0
u-0709,Aisha Singh,free,2022-10-19,London,10.0,0
u-0710,Emily Nguyen,free,2023-02-18,Mumbai,4.4,0
u-0711,Sam Nguyen,starter,2022-08-22,Chennai,5.8,1
u-0712,Morgan Sharma,enterprise,2023-12-02,Chicago,8.1,0
u-0713,Morgan Chen,starter,2022-02-13,Austin,8.3,0
u-0714,Marcus Khan,starter,2023-08-27,San Francisco,7.2,0
u-0715,Casey Sharma,pro,2023-06-22,Hyderabad,5.4,0
u-0716,Rahul Carter,free,2022-10-04,Austin,9.9,0
u-0717,Quinn Lee,starter,2022-07-04,London,5.8,1
u-0718,Riley Ramirez,starter,2024-01-20,Ahmedabad,5.5,0
u-0719,Morgan Singh,enterprise,2022-09-14,Austin,9.3,0
u-0720,Casey Nguyen,free,2023-09-18,Austin,5.8,1
u-0721,Jordan Mehta,starter,2021-10-24,Bengaluru,8.8,0
u-0722,Quinn Mehta,pro,2023-03-13,Seattle,3.9,0
u-0723,Priya Shah,pro,2022-12-02,Austin,8.2,0
u-0724,Jordan Nguyen,starter,2022-08-07,Chicago,6.3,1
u-0725,Priya Garcia,free,2023-09-18,Seattle,8.3,1
u-0726,Ananya Singh,free,2023-09-10,Berlin,10.0,0
u-0727,Marcus Lee,free,2021-10-20,San Francisco,6.7,0
u-0728,Emily Mehta,free,2022-09-19,London,6.6,0
u-0729,Sofia Miles,pro,2023-07-19,Bengaluru,8.8,0
u-0730,Aisha Carter,pro,2022-07-05,Berlin,7.9,1
u-0731,Vikram Shah,pro,2021-12-17,Hyderabad,5.9,1
u-0732,Sam Khan,free,2022-04-08,Seattle,6.9,0
u-0733,Avery Shah,free,2023-02-18,Chennai,7.6,0
u-0734,Sofia Lee,pro,2022-07-07,Mumbai,6.7,0
u-0735,Avery Miles,free,2021-12-14,Hyderabad,7.3,0
u-0736,Jordan Shah,free,2023-06-29,Bengaluru,7.6,0
u-0737,Riley Khan,free,2022-03-16,Mumbai,3.0,0
u-0738,Sofia Carter,free,2021-09-17,Mumbai,8.8,0
u-0739,Riley Khan,free,2023-04-07,Bengaluru,6.2,0
u-0740,Priya Ramirez,free,2021-12-21,Ahmedabad,4.6,1
u-0741,Avery Ramirez,pro,2024-01-13,Austin,6.3,0
u-0742,Rahul Ramirez,free,2023-03-14,Pune,6.0,0
u-0743,Vikram Brown,starter,2023-06-06,Hyderabad,6.1,0
u-0744,Quinn Ramirez,starter,2024-01-07,Hyderabad,6.5,1
u-0745,Marcus Lee,starter,2022-08-26,Hyderabad,7.8,0
u-0746,Priya Mehta,starter,2022-10-30,Berlin,10.0,0
u-0747,Alex Nguyen,free,2023-03-09,Chennai,9.3,0
u-0748,Riley Miles,free,2022-01-10,Austin,6.3,1
u-0749,Jordan Ramirez,starter,2023-07-01,San Francisco,4.2,0
u-0750,Emily Nguyen,enterprise,2022-02-16,Hyderabad,6.6,0
u-0751,Ananya Iyer,starter,2022-07-28,Berlin,7.7,1
u-0752,Sofia Mehta,starter,2021-12-13,Berlin,5.5,0
u-0753,Casey Carter,enterprise,2024-01-26,Chennai,9.0,0
u-0754,Vikram Kim,pro,2021-10-11,Seattle,9.5,0
u-0755,Casey Kim,pro,2024-01-31,Bengaluru,5.8,0
u-0756,Vikram Lee,starter,2022-05-22,Ahmedabad,7.5,0
u-0757,Avery Lee,pro,2022-04-18,Pune,6.4,0
u-0758,Marcus Brown,starter,2023-09-13,Hyderabad,4.6,0
u-0759,Emily Lee,starter,2024-01-02,San Francisco,10.0,0
u-0760,Emily Nguyen,pro,2024-01-01,Hyderabad,4.7,1
u-0761,Riley Chen,starter,2023-10-12,Chicago,5.5,1
u-0762,Emily Carter,enterprise,2023-09-23,Austin,9.6,0
u-0763,Sofia Sharma,enterprise,2021-10-13,London,7.2,0
u-0764,Aisha Patel,starter,2023-08-11,Pune,6.4,0
u-0765,Rahul Shah,free,2022-03-03,Seattle,10.0,0
u-0766,Riley Khan,pro,2023-12-10,Seattle,8.6,1
u-0767,Emily Kim,free,2022-07-12,Berlin,8.8,0
u-0768,Jordan Nguyen,starter,2023-01-03,Chicago,8.6,0
u-0769,Marcus Iyer,free,2022-10-19,Berlin,8.9,0
u-0770,Morgan Mehta,pro,2022-03-22,San Francisco,4.8,0
u-0771,Alex Singh,enterprise,2023-08-03,Berlin,8.2,0
u-0772,Vikram Brown,free,2024-01-29,Seattle,5.1,0
u-0773,Aisha Khan,pro,2023-07-24,Pune,6.5,0
u-0774,Vikram Mehta,pro,2022-03-04,Austin,4.3,0
u-0775,Quinn Lee,free,2022-09-05,Seattle,6.5,1
u-0776,Casey Brown,free,2021-11-18,Chicago,6.6,0
u-0777,Sofia Miles,free,2022-02-06,Austin,4.5,0
u-0778,Riley Shah,pro,2023-09-22,Hyderabad,3.8,0
u-0779,Quinn Singh,starter,2023-12-13,Chennai,6.4,0
u-0780,Sam Sharma,free,2024-01-14,Pune,4.9,0
u-0781,Priya Iyer,free,2023-08-21,London,6.4,0
u-0782,Jordan Lee,starter,2022-12-11,Berlin,7.1,0
u-0783,Priya Sharma,free,2024-01-18,Ahmedabad,8.0,1
u-0784,Emily Garcia,starter,2022-01-07,Berlin,5.9,1
u-0785,Ananya Mehta,free,2022-12-12,Bengaluru,9.6,0
u-0786,Marcus Ramirez,pro,2022-05-01,Austin,10.0,0
u-0787,Aisha Patel,pro,2022-01-03,London,8.1,0
u-0788,Avery Singh,pro,2024-01-02,Austin,8.7,0
u-0789,Quinn Garcia,free,2023-01-20,Chicago,10.0,0
u-0790,Riley Shah,starter,2022-06-26,San Francisco,4.9,0
u-0791,Vikram Mehta,pro,2021-09-17,Hyderabad,8.7,0
u-0792,Priya Nguyen,starter,2022-02-20,Mumbai,7.9,0
u-0793,Ananya Miles,free,2023-07-28,Mumbai,9.4,0
u-0794,Quinn Khan,free,2023-06-11,London,7.2,0
u-0795,Vikram Lee,starter,2022-03-08,San Francisco,8.5,0
u-0796,Riley Garcia,starter,2022-07-13,Mumbai,4.9,1
u-0797,Riley Sharma,enterprise,2023-06-29,Chicago,7.2,0
u-0798,Sofia Brown,pro,2022-11-29,Bengaluru,3.8,0
u-0799,Alex Garcia,pro,2021-11-15,Hyderabad,7.2,0
u-0800,Priya Miles,enterprise,2023-08-07,San Francisco,9.5,0
u-0801,Ananya Khan,starter,2023-04-21,Chennai,5.7,0
u-0802,Sam Kim,free,2021-12-09,Bengaluru,10.0,0
u-0803,Marcus Ramirez,free,2022-06-26,Hyderabad,6.6,0
u-0804,Emily Khan,pro,2023-07-22,Mumbai,5.8,0
u-0805,Casey Khan,free,2023-05-28,Pune,7.6,0
u-0806,Vikram Chen,enterprise,2022-01-31,San Francisco,3.3,0
u-0807,Emily Shah,free,2023-06-03,London,9.0,0
u-0808,Emily Mehta,free,2022-06-01,Berlin,5.0,0
u-0809,Quinn Miles,pro,2022-11-27,Chennai,7.1,0
u-0810,Sam Ramirez,pro,2023-07-24,Hyderabad,4.9,0
u-0811,Quinn Khan,pro,2023-03-18,Chicago,7.4,0
u-0812,Morgan Sharma,free,2022-05-24,Chennai,5.0,0
u-0813,Aisha Mehta,free,2022-03-06,Pune,3.2,0
u-0814,Rahul Patel,starter,2024-01-10,Pune,6.0,1
u-0815,Marcus Shah,pro,2021-12-06,Berlin,7.7,0
u-0816,Emily Garcia,free,2023-07-11,London,7.7,1
u-0817,Sam Singh,starter,2022-07-17,Seattle,7.6,1
u-0818,Alex Khan,free,2023-05-29,Hyderabad,8.6,0
u-0819,Morgan Khan,pro,2023-06-14,Bengaluru,9.0,0
u-0820,Aisha Mehta,free,2021-12-20,Austin,8.2,0
u-0821,Quinn Ramirez,enterprise,2022-06-02,Bengaluru,5.7,0
u-0822,Avery Ramirez,free,2021-11-27,Bengaluru,6.7,0
u-0823,Vikram Lee,starter,2024-01-14,London,10.0,0
u-0824,Priya Nguyen,pro,2023-06-11,Ahmedabad,5.7,0
u-0825,Quinn Khan,free,2023-12-21,Ahmedabad,2.9,0
u-0826,Vikram Miles,free,2022-12-16,Pune,7.8,0
u-0827,Rahul Kim,starter,2022-12-27,Seattle,8.8,0
u-0828,Quinn Garcia,starter,2021-09-30,Chennai,9.8,1
u-0829,Sam Sharma,pro,2023-07-16,San Francisco,3.9,1
u-0830,Marcus Carter,starter,2022-07-02,Hyderabad,5.0,0
u-0831,Sam Carter,free,2021-09-19,Seattle,8.3,1
u-0832,Sam Kim,enterprise,2023-12-03,Chicago,7.7,0
u-0833,Casey Chen,free,2023-01-10,London,8.6,0
u-0834,Sofia Sharma,starter,2023-02-26,Berlin,6.1,0
u-0835,Quinn Nguyen,enterprise,2024-01-10,Chicago,6.2,0
u-0836,Rahul Garcia,pro,2023-01-31,Hyderabad,10.0,0
u-0837,Morgan Ramirez,free,2023-06-26,London,7.5,0
u-0838,Avery Shah,free,2023-05-11,Chennai,7.1,0
u-0839,Quinn Ramirez,starter,2023-08-01,Ahmedabad,8.9,0
u-0840,Jordan Miles,free,2022-11-06,Seattle,3.3,1
u-0841,Morgan Shah,pro,2023-02-20,San Francisco,8.1,0
u-0842,Sofia Carter,starter,2022-05-02,San Francisco,9.7,0
u-0843,Sam Iyer,free,2023-03-31,Chicago,10.0,0
u-0844,Sofia Ramirez,starter,2022-06-10,Pune,6.3,1
u-0845,Quinn Iyer,starter,2022-10-31,San Francisco,4.7,0
u-0846,Sam Brown,pro,2023-04-02,Austin,7.5,0
u-0847,Morgan Sharma,free,2022-02-15,Bengaluru,8.1,0
u-0848,Vikram Mehta,free,2022-05-02,Ahmedabad,10.0,0
u-0849,Sam Lee,free,2022-11-01,San Francisco,8.0,0
u-0850,Sofia Carter,starter,2022-10-25,Seattle,4.7,1
u-0851,Vikram Brown,pro,2022-04-08,Chicago,4.5,0
u-0852,Avery Iyer,pro,2022-04-03,Pune,6.6,1
u-0853,Vikram Miles,enterprise,2022-05-23,London,3.7,0
u-0854,Marcus Ramirez,starter,2023-10-25,Hyderabad,9.6,0
u-0855,Alex Nguyen,pro,2023-07-16,Bengaluru,5.0,0
u-0856,Avery Singh,free,2023-02-14,Chicago,3.2,0
u-0857,Emily Brown,starter,2022-09-19,London,7.7,0
u-0858,Emily Lee,starter,2023-02-23,Berlin,2.4,1
u-0859,Morgan Chen,pro,2022-02-11,Ahmedabad,8.0,0
u-0860,Sofia Miles,pro,2023-04-01,London,10.0,0
u-0861,Quinn Garcia,free,2022-10-16,Hyderabad,6.8,0
u-0862,Priya Shah,pro,2022-06-04,Ahmedabad,7.5,0
u-0863,Priya Nguyen,pro,2023-03-10,Pune,7.4,1
u-0864,Morgan Carter,enterprise,2022-10-05,Berlin,6.1,0
u-0865,Avery Carter,starter,2022-05-10,Ahmedabad,5.7,0
u-0866,Aisha Ramirez,enterprise,2023-03-03,Chennai,9.6,0
u-0867,Vikram Ramirez,pro,2021-10-10,Berlin,6.4,0
u-0868,Emily Sharma,starter,2022-10-23,San Francisco,9.4,0
u-0869,Avery Kim,starter,2022-03-19,Hyderabad,6.6,0
u-0870,Emily Garcia,pro,2022-05-30,San Francisco,8.2,0
u-0871,Aisha Carter,pro,2022-02-23,Pune,7.4,0
u-0872,Jordan Mehta,starter,2022-06-24,Berlin,9.8,0
u-0873,Avery Kim,enterprise,2022-10-21,San Francisco,8.1,0
u-0874,Aisha Ramirez,free,2022-04-11,Pune,6.7,1
u-0875,Marcus Kim,starter,2022-12-23,Chennai,9.1,0
u-0876,Ananya Singh,free,2022-01-22,San Francisco,8.2,0
u-0877,Rahul Brown,starter,2022-11-22,Berlin,8.0,0
u-0878,Rahul Carter,free,2022-04-29,Ahmedabad,4.7,0
u-0879,Avery Sharma,free,2023-08-06,Hyderabad,7.8,0
u-0880,Jordan Lee,free,2023-08-29,Pune,7.8,0
u-0881,Aisha Carter,free,2022-09-28,Mumbai,4.6,1
u-0882,Jordan Iyer,free,2022-01-26,Ahmedabad,7.5,0
u-0883,Quinn Garcia,pro,2022-05-04,Chicago,8.7,0
u-0884,Quinn Ramirez,free,2023-04-19,London,4.6,1
u-0885,Aisha Miles,free,2022-01-18,Ahmedabad,3.0,1
u-0886,Riley Khan,free,2022-07-02,San Francisco,4.2,0
u-0887,Priya Kim,free,2022-10-05,Ahmedabad,8.5,0
u-0888,Quinn Brown,free,2021-09-22,Ahmedabad,8.6,0
u-0889,Jordan Brown,enterprise,2022-03-26,Bengaluru,9.4,0
u-0890,Avery Kim,starter,2023-05-21,Bengaluru,5.3,0
u-0891,Rahul Carter,free,2023-12-07,Austin,6.7,0
u-0892,Alex Singh,starter,2023-06-11,Berlin,8.4,0
u-0893,Alex Miles,free,2023-09-01,London,4.6,1
u-0894,Vikram Nguyen,pro,2023-08-27,Pune,8.5,0
u-0895,Aisha Mehta,enterprise,2022-11-04,Berlin,8.3,0
u-0896,Emily Shah,free,2021-09-28,Pune,7.9,1
u-0897,Rahul Nguyen,free,2022-07-17,Ahmedabad,3.7,0
u-0898,Sofia Chen,starter,2023-01-26,San Francisco,9.4,0
u-0899,Casey Khan,free,2023-07-01,Chennai,2.7,1
u-0900,Riley Nguyen,free,2022-03-22,Chicago,2.3,0
u-0901,Emily Ramirez,starter,2022-10-12,London,7.4,0
u-0902,Vikram Miles,starter,2023-12-21,Chicago,7.3,0
u-0903,Avery Carter,free,2022-12-23,San Francisco,6.6,0
u-0904,Avery Shah,pro,2023-08-29,San Francisco,4.9,0
u-0905,Sam Kim,free,2022-11-25,Berlin,7.1,0
u-0906,Aisha Garcia,free,2023-12-09,Ahmedabad,9.5,0
u-0907,Rahul Kim,pro,2023-07-31,Chennai,5.5,0
u-0908,Casey Mehta,starter,2022-02-22,Chennai,9.4,0
u-0909,Marcus Garcia,starter,2023-09-07,Hyderabad,7.0,0
u-0910,Aisha Patel,starter,2023-11-01,London,8.5,1
u-0911,Jordan Shah,starter,2023-07-24,Chicago,7.9,0
u-0912,Alex Singh,pro,2021-11-20,Bengaluru,7.8,0
u-0913,Jordan Garcia,starter,2021-10-30,Ahmedabad,8.4,1
u-0914,Jordan Singh,starter,2022-07-04,Berlin,5.5,0
u-0915,Casey Chen,pro,2022-03-24,Chicago,6.4,0
u-0916,Sofia Sharma,free,2021-12-02,London,7.7,1
u-0917,Morgan Kim,pro,2023-05-20,Ahmedabad,8.2,0
u-0918,Ananya Singh,free,2023-02-11,London,7.1,0
u-0919,Morgan Ramirez,starter,2024-01-08,San Francisco,5.8,0
u-0920,Sam Brown,pro,2022-11-01,Seattle,5.7,0
u-0921,Priya Carter,starter,2021-11-18,Mumbai,4.8,0
u-0922,Priya Carter,free,2024-01-09,Berlin,7.7,0
u-0923,Marcus Ramirez,starter,2022-05-24,Chicago,7.8,0
u-0924,Rahul Lee,pro,2022-12-23,Bengaluru,4.7,1
u-0925,Alex Nguyen,enterprise,2021-10-15,Seattle,4.6,1
u-0926,Marcus Patel,starter,2022-09-06,Pune,7.3,1
u-0927,Emily Sharma,free,2023-02-14,London,6.5,0
u-0928,Marcus Chen,free,2023-11-06,Seattle,3.5,0
u-0929,Ananya Miles,starter,2022-10-02,Pune,5.0,1
u-0930,Emily Iyer,free,2021-10-01,Berlin,8.3,0
u-0931,Vikram Chen,pro,2024-01-21,London,8.5,1
u-0932,Riley Chen,starter,2024-01-29,Berlin,5.9,1
u-0933,Sofia Lee,starter,2021-12-19,Seattle,5.7,0
u-0934,Vikram Khan,free,2023-06-14,Mumbai,8.9,0
u-0935,Sam Chen,free,2022-08-22,San Francisco,4.7,0
u-0936,Ananya Lee,starter,2022-08-15,Ahmedabad,7.8,0
u-0937,Aisha Carter,starter,2022-12-11,Ahmedabad,8.9,0
u-0938,Vikram Nguyen,free,2022-11-26,San Francisco,5.6,0
u-0939,Riley Nguyen,starter,2022-06-13,San Francisco,6.2,0
u-0940,Jordan Mehta,starter,2023-07-08,Bengaluru,3.8,0
u-0941,Avery Singh,starter,2023-08-29,Austin,4.5,0
u-0942,Alex Shah,pro,2021-09-26,Chennai,9.3,0
u-0943,Quinn Ramirez,free,2024-01-25,Mumbai,7.7,1
u-0944,Priya Mehta,free,2023-08-21,Bengaluru,5.7,0
u-0945,Morgan Mehta,pro,2022-05-08,Bengaluru,7.8,0
u-0946,Riley Shah,free,2022-09-25,Chennai,6.6,0
u-0947,Quinn Sharma,starter,2023-04-27,London,7.8,0
u-0948,Aisha Sharma,pro,2023-10-24,Austin,5.1,0
u-0949,Morgan Ramirez,starter,2023-03-19,San Francisco,8.3,0
u-0950,Avery Garcia,enterprise,2023-12-15,Hyderabad,4.7,0
u-0951,Riley Mehta,starter,2022-10-08,Ahmedabad,8.7,0
u-0952,Rahul Khan,starter,2022-12-04,Chicago,9.9,0
u-0953,Priya Singh,free,2021-11-23,Seattle,4.9,1
u-0954,Vikram Garcia,free,2022-03-03,Mumbai,6.7,0
u-0955,Emily Ramirez,starter,2022-12-20,San Francisco,6.6,0
u-0956,Alex Chen,free,2022-10-27,Ahmedabad,8.4,0
u-0957,Priya Chen,starter,2022-06-12,Mumbai,7.3,0
u-0958,Emily Nguyen,free,2023-05-22,Chicago,9.7,1
u-0959,Emily Patel,free,2022-08-28,Mumbai,5.1,0
u-0960,Alex Mehta,starter,2024-01-18,Hyderabad,9.7,0
u-0961,Marcus Shah,starter,2021-11-07,Chennai,9.1,0
u-0962,Marcus Carter,free,2021-11-05,Ahmedabad,7.3,1
u-0963,Alex Iyer,pro,2021-12-20,Berlin,8.0,0
u-0964,Sofia Brown,free,2023-08-01,Pune,7.1,0
u-0965,Aisha Shah,free,2022-03-18,Berlin,9.3,0
u-0966,Emily Lee,enterprise,2022-09-20,Chicago,1.9,1
u-0967,Rahul Miles,enterprise,2021-09-29,Hyderabad,5.4,0
u-0968,Jordan Garcia,starter,2024-01-19,Seattle,5.6,0
u-0969,Ananya Patel,starter,2023-02-21,Chicago,6.8,0
u-0970,Emily Chen,pro,2023-11-09,Hyderabad,10.0,0
u-0971,Avery Kim,starter,2021-10-31,Seattle,4.5,0
u-0972,Priya Patel,free,2023-09-06,San Francisco,4.7,0
u-0973,Marcus Lee,free,2023-12-30,Chicago,6.6,0
u-0974,Sofia Chen,free,2023-10-27,London,5.8,0
u-0975,Casey Garcia,pro,2021-10-15,London,9.0,0
u-0976,Rahul Lee,starter,2022-10-28,Hyderabad,8.2,0
u-0977,Vikram Shah,free,2023-10-31,Austin,6.1,1
u-0978,Sofia Garcia,free,2023-02-21,Berlin,6.0,0
u-0979,Quinn Kim,free,2023-01-27,Berlin,8.6,0
u-0980,Jordan Ramirez,pro,2022-03-06,Chennai,8.1,0
u-0981,Rahul Shah,pro,2023-07-25,Chicago,10.0,0
u-0982,Emily Mehta,starter,2023-10-23,Hyderabad,8.1,0
u-0983,Alex Nguyen,pro,2022-04-20,Chennai,8.2,0
u-0984,Morgan Mehta,free,2023-01-22,Chicago,6.4,0
u-0985,Rahul Ramirez,starter,2023-10-17,Hyderabad,6.0,0
u-0986,Alex Patel,starter,2023-01-25,Chicago,9.0,0
u-0987,Aisha Brown,free,2023-01-27,Seattle,5.4,0
u-0988,Emily Miles,starter,2023-07-16,San Francisco,8.6,0
u-0989,Jordan Carter,pro,2023-08-11,Pune,5.9,1
u-0990,Sam Chen,free,2023-11-10,Bengaluru,7.5,0
u-0991,Riley Ramirez,starter,2022-01-31,Chennai,6.2,0
u-0992,Jordan Mehta,pro,2024-01-23,Ahmedabad,7.7,0
u-0993,Quinn Kim,pro,2022-11-16,San Francisco,7.6,0
u-0994,Riley Singh,starter,2024-01-16,Ahmedabad,10.0,0
u-0995,Avery Singh,free,2022-03-04,Ahmedabad,8.4,0
u-0996,Priya Shah,pro,2023-02-20,Ahmedabad,8.7,0
u-0997,Morgan Chen,free,2021-10-01,Ahmedabad,9.9,0
u-0998,Rahul Miles,free,2023-12-16,Ahmedabad,8.2,0
u-0999,Rahul Khan,free,2023-04-19,Ahmedabad,8.0,0
u-1000,Ananya Lee,starter,2023-02-23,Seattle,6.2,0
u-1001,Jordan Shah,starter,2023-12-04,Seattle,4.8,0
u-1002,Vikram Shah,pro,2023-01-17,Mumbai,9.3,0
u-1003,Morgan Miles,starter,2022-12-29,San Francisco,7.6,0
u-1004,Jordan Brown,enterprise,2023-01-10,Chennai,7.7,0
u-1005,Vikram Kim,starter,2022-10-25,San Francisco,8.6,0
u-1006,Marcus Singh,starter,2023-08-19,Bengaluru,6.3,1
u-1007,Rahul Mehta,free,2023-07-09,Seattle,7.4,0
u-1008,Vikram Singh,free,2022-11-25,Chennai,3.1,1
u-1009,Marcus Brown,starter,2022-07-21,Pune,7.7,0
u-1010,Quinn Patel,pro,2023-02-25,Bengaluru,8.1,0
u-1011,Jordan Ramirez,free,2022-12-31,Berlin,5.8,1
u-1012,Jordan Patel,starter,2021-09-24,London,4.4,0
u-1013,Sam Singh,free,2022-07-20,San Francisco,6.1,0
u-1014,Sam Iyer,starter,2023-12-24,Bengaluru,7.4,0
u-1015,Emily Khan,free,2023-03-25,Hyderabad,3.4,1
u-1016,Ananya Lee,free,2023-12-17,Ahmedabad,9.9,0
u-1017,Vikram Mehta,free,2022-01-01,Chicago,5.0,0
u-1018,Jordan Ramirez,pro,2022-02-14,Austin,8.1,0
u-1019,Marcus Kim,pro,2022-12-23,Pune,6.0,1
u-1020,Sam Chen,free,2023-06-15,Berlin,8.0,0
u-1021,Casey Carter,free,2022-05-17,Chicago,9.5,0
u-1022,Aisha Chen,starter,2023-08-26,Chennai,3.5,0
u-1023,Quinn Miles,free,2022-04-02,London,4.6,0
u-1024,Jordan Shah,pro,2022-01-02,Mumbai,7.9,0
u-1025,Alex Kim,starter,2023-08-29,Bengaluru,3.6,1
u-1026,Alex Ramirez,pro,2022-10-26,Pune,3.8,1
u-1027,Quinn Brown,free,2023-09-20,Berlin,8.1,0
u-1028,Priya Kim,enterprise,2022-08-15,Chennai,8.0,0
u-1029,Marcus Brown,pro,2022-06-24,Chicago,8.1,0
u-1030,Marcus Mehta,pro,2024-01-26,Seattle,10.0,0
u-1031,Ananya Shah,enterprise,2021-11-02,Bengaluru,7.2,0
u-1032,Priya Kim,starter,2023-06-20,Ahmedabad,7.6,0
u-1033,Sofia Carter,free,2022-12-25,Ahmedabad,6.9,0
u-1034,Morgan Singh,starter,2023-06-21,Ahmedabad,9.2,0
u-1035,Vikram Kim,pro,2021-12-06,San Francisco,6.2,1
u-1036,Jordan Mehta,pro,2022-04-11,Chicago,7.5,0
u-1037,Jordan Ramirez,starter,2021-09-23,Hyderabad,6.5,0
u-1038,Emily Carter,pro,2023-03-03,Hyderabad,6.9,0
u-1039,Riley Shah,free,2022-09-30,Pune,2.6,1
u-1040,Jordan Patel,free,2022-09-17,Austin,6.2,1
u-1041,Casey Khan,starter,2023-07-16,Mumbai,5.6,1
u-1042,Sofia Kim,starter,2021-11-13,Mumbai,5.7,0
u-1043,Vikram Miles,free,2022-01-11,Mumbai,7.1,0
u-1044,Riley Sharma,pro,2021-09-28,Mumbai,4.5,0
u-1045,Sofia Chen,starter,2022-12-31,Austin,5.9,0
u-1046,Casey Ramirez,starter,2023-10-14,Chicago,5.6,0
u-1047,Riley Singh,free,2023-09-16,Mumbai,6.7,1
u-1048,Vikram Mehta,free,2022-10-06,San Francisco,6.0,0
u-1049,Rahul Shah,starter,2022-02-19,Chennai,8.7,0
u-1050,Marcus Nguyen,pro,2022-06-03,Mumbai,5.2,0
u-1051,Ananya Khan,free,2022-05-05,San Francisco,8.3,0
u-1052,Avery Shah,pro,2022-03-23,Mumbai,9.2,0
u-1053,Rahul Carter,pro,2022-01-29,Seattle,8.9,0
u-1054,Quinn Garcia,pro,2021-11-23,San Francisco,5.2,1
u-1055,Jordan Ramirez,starter,2023-03-23,Chicago,7.4,0
u-1056,Priya Khan,free,2022-05-09,London,4.5,0
u-1057,Jordan Ramirez,pro,2023-06-04,Bengaluru,4.5,0
u-1058,Casey Iyer,starter,2022-06-11,Austin,5.7,0
u-1059,Avery Garcia,free,2023-12-15,Bengaluru,3.4,0
u-1060,Sam Miles,starter,2023-12-16,Pune,10.0,0
u-1061,Jordan Sharma,starter,2023-08-12,Ahmedabad,6.8,0
u-1062,Casey Lee,starter,2022-10-16,Austin,7.8,0
u-1063,Sofia Miles,pro,2021-12-01,Hyderabad,10.0,1
u-1064,Riley Shah,starter,2022-08-30,Hyderabad,8.0,1
u-1065,Jordan Sharma,free,2022-10-01,London,6.9,1
u-1066,Morgan Nguyen,enterprise,2022-06-06,Chennai,5.5,0
u-1067,Casey Chen,free,2021-12-22,Bengaluru,8.4,0
u-1068,Avery Singh,free,2022-09-12,London,4.9,0
u-1069,Rahul Singh,pro,2022-05-01,Berlin,7.6,1
u-1070,Riley Iyer,enterprise,2023-02-10,Chicago,8.8,0
u-1071,Rahul Brown,starter,2021-09-19,Mumbai,7.6,0
u-1072,Jordan Shah,starter,2022-12-04,Berlin,4.5,1
u-1073,Priya Kim,starter,2021-12-17,Pune,7.6,0
u-1074,Sofia Brown,pro,2021-10-13,Pune,10.0,0
u-1075,Sam Carter,pro,2021-12-26,Ahmedabad,9.0,0
u-1076,Jordan Kim,free,2023-04-21,Austin,7.1,0
u-1077,Ananya Carter,pro,2023-03-14,Pune,8.6,0
u-1078,Aisha Carter,starter,2022-03-21,Bengaluru,4.5,0
u-1079,Riley Carter,free,2021-11-15,Mumbai,5.3,0
u-1080,Marcus Mehta,free,2022-08-22,Chennai,8.4,0
u-1081,Sofia Miles,free,2022-03-27,Mumbai,7.2,0
u-1082,Rahul Shah,enterprise,2023-01-11,Mumbai,7.4,0
u-1083,Ananya Sharma,starter,2022-01-17,Bengaluru,8.0,1
u-1084,Sam Nguyen,pro,2023-02-06,Hyderabad,3.3,0
u-1085,Quinn Miles,free,2022-08-09,Berlin,7.4,0
u-1086,Ananya Sharma,pro,2022-10-22,Hyderabad,8.5,0
u-1087,Morgan Khan,starter,2022-02-04,Seattle,9.3,0
u-1088,Aisha Mehta,enterprise,2022-03-08,London,4.4,0
u-1089,Sam Garcia,starter,2022-02-01,Pune,6.1,0
u-1090,Avery Brown,pro,2023-10-18,Pune,5.4,0
u-1091,Jordan Ramirez,starter,2023-07-03,London,4.3,0
u-1092,Jordan Patel,starter,2021-12-01,Hyderabad,8.8,0
u-1093,Sam Chen,enterprise,2023-10-11,Austin,4.5,0
u-1094,Rahul Miles,starter,2022-03-30,Mumbai,5.8,0
u-1095,Aisha Ramirez,pro,2022-07-30,Pune,6.0,0
u-1096,Ananya Iyer,free,2023-04-04,Seattle,8.3,0
u-1097,Casey Brown,starter,2023-12-30,Pune,6.7,0
u-1098,Emily Patel,pro,2024-01-24,Chicago,6.9,0
u-1099,Emily Ramirez,pro,2021-12-17,London,8.5,0
u-1100,Alex Garcia,starter,2023-11-02,Chennai,5.1,0
u-1101,Casey Lee,starter,2022-04-24,Austin,6.1,0
u-1102,Morgan Ramirez,pro,2023-09-29,Ahmedabad,9.4,0
u-1103,Rahul Patel,free,2023-02-21,Chennai,5.3,0
u-1104,Ananya Mehta,enterprise,2023-11-03,London,5.3,0
u-1105,Emily Lee,free,2022-07-27,London,8.4,0
u-1106,Rahul Lee,free,2023-11-04,Seattle,8.0,0
u-1107,Sam Iyer,pro,2022-08-06,Berlin,4.9,0
u-1108,Rahul Chen,starter,2021-10-19,London,5.2,0
u-1109,Priya Mehta,free,2022-04-27,Chennai,5.8,0
u-1110,Quinn Mehta,free,2022-07-09,Chennai,6.8,1
u-1111,Sofia Iyer,enterprise,2021-12-05,Mumbai,7.8,0
u-1112,Quinn Kim,starter,2022-02-18,London,9.3,0
u-1113,Ananya Lee,enterprise,2022-05-05,Pune,7.2,0
u-1114,Morgan Khan,free,2022-09-30,Mumbai,2.8,0
u-1115,Vikram Kim,starter,2023-02-27,Bengaluru,6.3,0
u-1116,Marcus Kim,free,2022-08-12,Pune,8.7,0
u-1117,Casey Kim,starter,2023-11-01,Berlin,8.0,0
u-1118,Alex Nguyen,free,2021-12-27,Chennai,4.0,1
u-1119,Avery Garcia,free,2021-12-23,Mumbai,6.9,0
u-1120,Marcus Khan,starter,2023-06-19,Berlin,4.5,0
u-1121,Riley Garcia,pro,2022-04-14,Bengaluru,9.1,0
u-1122,Marcus Kim,starter,2022-06-07,Berlin,4.2,0
u-1123,Quinn Patel,starter,2022-01-20,Mumbai,7.0,0
u-1124,Marcus Singh,starter,2021-12-11,Bengaluru,7.9,0
u-1125,Sofia Brown,starter,2022-04-26,Hyderabad,9.4,0
u-1126,Marcus Brown,pro,2021-11-09,Mumbai,5.6,0
u-1127,Vikram Carter,pro,2023-04-25,Ahmedabad,6.9,0
u-1128,Morgan Nguyen,pro,2023-01-11,London,9.3,0
u-1129,Rahul Carter,free,2023-09-25,Bengaluru,5.6,0
u-1130,Sofia Sharma,starter,2022-01-17,Seattle,8.2,0
u-1131,Casey Brown,pro,2023-06-05,Seattle,8.3,0
u-1132,Priya Patel,enterprise,2022-11-20,San Francisco,5.3,0
u-1133,Riley Nguyen,starter,2023-09-13,San Francisco,5.5,0
u-1134,Morgan Iyer,starter,2023-06-22,Berlin,4.8,1
u-1135,Jordan Ramirez,pro,2022-06-24,Hyderabad,8.3,0
u-1136,Casey Khan,enterprise,2023-06-28,Mumbai,7.1,0
u-1137,Aisha Brown,starter,2022-11-10,Hyderabad,7.1,1
u-1138,Avery Kim,free,2023-01-04,Austin,4.0,0
u-1139,Ananya Shah,pro,2022-08-16,Seattle,9.2,0
u-1140,Priya Garcia,pro,2023-06-22,Pune,5.2,0
u-1141,Aisha Sharma,free,2022-12-07,Ahmedabad,5.3,0
u-1142,Quinn Chen,free,2024-01-06,Mumbai,6.0,0
u-1143,Alex Shah,starter,2022-11-08,Mumbai,8.5,1
u-1144,Jordan Lee,pro,2023-11-02,San Francisco,5.1,0
u-1145,Priya Singh,pro,2022-05-09,San Francisco,1.9,0
u-1146,Emily Sharma,free,2022-01-24,Berlin,5.0,1
u-1147,Sofia Ramirez,free,2023-02-17,Chennai,6.4,0
u-1148,Avery Kim,pro,2021-12-26,Ahmedabad,6.0,0
u-1149,Alex Sharma,free,2023-02-25,Ahmedabad,7.3,0
u-1150,Alex Nguyen,starter,2022-01-03,Pune,8.5,0
u-1151,Priya Brown,starter,2022-11-06,Ahmedabad,5.5,1
u-1152,Sofia Singh,free,2022-10-08,Ahmedabad,7.0,1
u-1153,Marcus Mehta,pro,2023-02-11,Chennai,6.1,0
u-1154,Vikram Carter,free,2021-11-10,Pune,4.9,1
u-1155,Sam Khan,pro,2022-05-28,Pune,7.8,0
u-1156,Ananya Sharma,starter,2022-11-24,Pune,9.2,0
u-1157,Alex Sharma,starter,2022-03-11,Chicago,7.9,0
u-1158,Sam Lee,pro,2022-12-26,San Francisco,7.1,0
u-1159,Riley Chen,free,2021-12-31,Seattle,6.3,0
u-1160,Morgan Brown,pro,2022-12-16,San Francisco,6.5,0
u-1161,Aisha Patel,free,2022-02-27,Mumbai,7.0,1
u-1162,Emily Garcia,enterprise,2023-06-25,Hyderabad,9.8,0
u-1163,Casey Nguyen,free,2022-09-27,Ahmedabad,10.0,0
u-1164,Aisha Garcia,starter,2022-08-17,Mumbai,6.2,0
u-1165,Avery Mehta,free,2022-10-31,San Francisco,8.0,0
u-1166,Ananya Singh,starter,2023-01-07,Berlin,5.1,1
u-1167,Sam Ramirez,free,2024-01-31,London,10.0,0
u-1168,Vikram Iyer,free,2021-10-07,Chicago,8.0,0
u-1169,Emily Kim,free,2023-07-29,London,6.4,0
u-1170,Emily Ramirez,free,2023-09-05,Seattle,10.0,0
u-1171,Vikram Lee,pro,2022-02-26,Seattle,9.6,0
u-1172,Avery Patel,starter,2023-11-27,Berlin,2.0,0
u-1173,Sofia Mehta,free,2022-04-08,London,6.4,0
u-1174,Ananya Mehta,enterprise,2023-04-02,Bengaluru,7.9,0
u-1175,Alex Mehta,starter,2022-05-16,Pune,8.1,0
u-1176,Morgan Sharma,free,2023-07-29,Austin,3.7,0
u-1177,Emily Sharma,starter,2022-05-31,Ahmedabad,8.4,0
u-1178,Riley Kim,starter,2021-09-22,Austin,4.7,1
u-1179,Marcus Patel,starter,2022-11-20,Berlin,4.6,1
u-1180,Quinn Singh,pro,2022-10-04,Austin,3.6,0
u-1181,Quinn Miles,starter,2022-08-17,Austin,8.8,0
u-1182,Avery Singh,enterprise,2023-03-26,Pune,8.4,0
u-1183,Quinn Brown,pro,2022-10-10,Berlin,10.0,0
u-1184,Aisha Kim,enterprise,2022-07-22,Hyderabad,5.9,0
u-1185,Jordan Brown,starter,2024-01-11,Ahmedabad,8.0,0
u-1186,Jordan Ramirez,starter,2023-01-03,San Francisco,10.0,0
u-1187,Vikram Miles,pro,2022-10-31,Bengaluru,6.1,0
u-1188,Marcus Brown,pro,2023-08-04,Austin,8.9,0
u-1189,Sofia Brown,free,2022-12-19,Bengaluru,6.8,0
u-1190,Emily Garcia,free,2023-02-23,Bengaluru,9.5,0
u-1191,Sam Shah,free,2022-10-07,Ahmedabad,7.0,0
u-1192,Avery Kim,free,2023-05-28,Chennai,6.4,0
u-1193,Ananya Singh,pro,2021-12-12,Bengaluru,4.3,0
u-1194,Sofia Brown,pro,2022-07-27,Mumbai,4.8,0
u-1195,Marcus Patel,free,2022-08-05,Austin,5.4,1
u-1196,Sofia Singh,starter,2022-02-21,Chennai,7.7,0
u-1197,Quinn Lee,free,2024-01-14,Bengaluru,6.0,1
u-1198,Morgan Patel,pro,2023-06-18,Austin,9.7,0
u-1199,Morgan Garcia,pro,2023-08-28,Chicago,9.9,0
u-1200,Morgan Garcia,free,2022-08-10,Ahmedabad,8.8,0
u-1201,Ananya Garcia,starter,2023-04-10,Berlin,6.0,0
u-1202,Morgan Shah,enterprise,2022-05-26,Berlin,8.7,0
u-1203,Ananya Carter,starter,2021-11-04,Chicago,6.2,0
u-1204,Marcus Lee,pro,2023-03-17,Hyderabad,6.0,0
u-1205,Vikram Miles,free,2023-04-20,Ahmedabad,7.5,0
u-1206,Avery Iyer,free,2022-12-04,Chennai,7.2,0
u-1207,Emily Khan,starter,2022-12-03,Berlin,3.8,0
u-1208,Sam Khan,free,2023-03-26,Ahmedabad,8.4,0
u-1209,Riley Carter,pro,2023-04-06,Ahmedabad,9.4,0
u-1210,Emily Carter,pro,2023-03-14,San Francisco,8.5,0
u-1211,Priya Iyer,free,2022-12-04,Ahmedabad,6.3,1
u-1212,Priya Nguyen,starter,2023-01-09,Hyderabad,8.9,0
u-1213,Riley Mehta,pro,2022-12-31,Bengaluru,8.4,0
u-1214,Avery Chen,enterprise,2023-05-20,Austin,4.0,0
u-1215,Marcus Khan,free,2022-07-30,San Francisco,6.4,0
u-1216,Priya Khan,pro,2022-12-04,Chennai,8.7,0
u-1217,Jordan Khan,free,2023-07-17,Mumbai,6.8,0
u-1218,Priya Khan,pro,2022-04-18,Mumbai,9.5,0
u-1219,Alex Ramirez,starter,2021-12-27,Austin,5.1,0
u-1220,Rahul Ramirez,free,2023-02-23,London,8.6,0
u-1221,Priya Singh,pro,2022-11-04,Austin,8.7,0
u-1222,Emily Singh,pro,2021-11-01,Bengaluru,8.8,0
u-1223,Morgan Sharma,pro,2023-05-03,Bengaluru,6.1,0
u-1224,Sam Patel,free,2023-07-27,Pune,5.6,0
u-1225,Quinn Kim,pro,2023-04-06,Berlin,7.3,0
u-1226,Avery Ramirez,pro,2023-01-06,Seattle,9.6,0
u-1227,Ananya Ramirez,free,2023-01-11,Ahmedabad,8.3,0
u-1228,Emily Garcia,free,2022-08-27,Mumbai,8.5,0
u-1229,Rahul Miles,pro,2023-06-06,Berlin,7.3,0
u-1230,Casey Brown,starter,2022-10-17,Chennai,9.0,0
u-1231,Priya Ramirez,starter,2023-10-31,Austin,10.0,0
u-1232,Sam Nguyen,pro,2021-10-31,Bengaluru,9.6,0
u-1233,Riley Carter,free,2023-05-21,Austin,7.4,1
u-1234,Riley Singh,pro,2023-04-25,Chennai,7.1,1
u-1235,Avery Patel,starter,2023-09-14,Pune,6.3,1
u-1236,Ananya Kim,free,2023-03-10,Ahmedabad,10.0,0
u-1237,Morgan Carter,enterprise,2021-10-07,Hyderabad,4.9,0
u-1238,Marcus Lee,pro,2022-09-01,London,8.9,0
u-1239,Sam Mehta,free,2022-07-01,Bengaluru,5.0,0
u-1240,Avery Ramirez,enterprise,2022-09-01,London,9.7,0
u-1241,Quinn Sharma,enterprise,2023-04-17,London,6.9,0
u-1242,Emily Ramirez,pro,2022-03-18,San Francisco,7.4,0
u-1243,Avery Miles,free,2023-04-09,Mumbai,9.7,0
u-1244,Quinn Brown,free,2022-03-12,London,7.6,1
u-1245,Casey Nguyen,pro,2021-09-27,Ahmedabad,6.5,0
u-1246,Aisha Sharma,pro,2024-01-23,San Francisco,10.0,0
u-1247,Rahul Chen,free,2023-09-09,Hyderabad,8.1,0
u-1248,Jordan Sharma,starter,2022-04-08,Pune,7.2,0
u-1249,Casey Carter,free,2023-10-19,Berlin,5.2,1
u-1250,Sofia Ramirez,starter,2022-05-18,Berlin,7.9,0
u-1251,Sam Patel,starter,2023-07-02,London,4.1,0
u-1252,Aisha Lee,free,2022-09-10,Pune,5.3,0
u-1253,Sofia Miles,starter,2022-07-14,Mumbai,6.5,0
u-1254,Marcus Iyer,starter,2023-05-02,Hyderabad,6.3,0
u-1255,Morgan Shah,starter,2022-01-16,Mumbai,7.9,0
u-1256,Ananya Lee,pro,2021-12-04,Pune,4.7,0
u-1257,Riley Garcia,free,2023-07-26,San Francisco,4.9,1
u-1258,Ananya Shah,free,2022-04-30,San Francisco,4.6,0
u-1259,Rahul Nguyen,starter,2022-06-26,Austin,6.7,0
u-1260,Alex Chen,starter,2023-06-23,San Francisco,9.7,0
u-1261,Riley Garcia,free,2022-02-22,San Francisco,7.6,0
u-1262,Sofia Mehta,enterprise,2023-05-12,Chennai,4.1,1
u-1263,Quinn Shah,free,2023-06-24,Austin,4.2,0
u-1264,Quinn Nguyen,free,2022-05-24,Bengaluru,9.8,0
u-1265,Priya Iyer,pro,2023-10-21,Hyderabad,4.7,1
u-1266,Riley Kim,enterprise,2021-11-25,Pune,4.4,0
u-1267,Sofia Miles,starter,2023-03-04,Chicago,6.6,0
u-1268,Quinn Patel,free,2022-12-02,Hyderabad,4.6,0
u-1269,Emily Iyer,free,2022-06-20,Hyderabad,8.6,0
u-1270,Quinn Iyer,free,2021-12-29,Pune,7.7,0
u-1271,Emily Sharma,starter,2022-04-03,San Francisco,7.7,0
u-1272,Avery Shah,starter,2023-03-06,Pune,8.5,0
u-1273,Casey Shah,free,2022-04-20,Mumbai,5.9,0
u-1274,Casey Nguyen,starter,2023-02-23,Hyderabad,8.5,0
u-1275,Jordan Carter,pro,2022-11-09,Chennai,9.8,0
u-1276,Riley Miles,free,2022-06-15,Berlin,3.4,0
u-1277,Sam Patel,free,2022-10-11,San Francisco,4.7,0
u-1278,Morgan Patel,pro,2023-12-20,Ahmedabad,5.9,0
u-1279,Avery Carter,free,2023-12-25,Austin,8.0,0
u-1280,Priya Khan,free,2023-10-04,Seattle,4.8,0
u-1281,Jordan Mehta,free,2023-11-21,Ahmedabad,7.4,1
u-1282,Jordan Iyer,starter,2022-05-09,Seattle,6.5,0
u-1283,Marcus Carter,starter,2023-08-18,Berlin,4.3,0
u-1284,Avery Chen,starter,2023-07-06,Berlin,10.0,0
u-1285,Emily Garcia,starter,2023-05-04,Chicago,5.6,0
u-1286,Morgan Garcia,starter,2023-09-02,Chennai,6.9,0
u-1287,Alex Brown,free,2022-01-08,Seattle,8.8,0
u-1288,Priya Ramirez,pro,2023-11-16,London,6.0,0
u-1289,Sofia Miles,enterprise,2023-08-19,Berlin,9.2,0
u-1290,Emily Brown,starter,2023-07-21,London,8.2,0
u-1291,Avery Iyer,free,2023-11-20,Seattle,4.3,0
u-1292,Morgan Kim,pro,2023-06-29,Austin,8.6,0
u-1293,Alex Nguyen,free,2023-08-23,London,7.2,0
u-1294,Morgan Shah,free,2023-04-11,Pune,3.5,0
u-1295,Emily Kim,enterprise,2023-09-21,Ahmedabad,9.0,0
u-1296,Jordan Ramirez,free,2021-11-07,Hyderabad,8.7,0
u-1297,Morgan Sharma,free,2022-03-19,Ahmedabad,5.2,0
u-1298,Marcus Singh,starter,2022-07-21,Chennai,3.0,0
u-1299,Sam Mehta,starter,2022-09-04,Bengaluru,6.3,0
u-1300,Marcus Ramirez,starter,2022-06-08,London,9.4,0
u-1301,Casey Iyer,free,2021-11-05,Berlin,10.0,0
u-1302,Morgan Miles,pro,2023-10-09,Hyderabad,5.9,0
u-1303,Riley Miles,free,2022-10-27,Bengaluru,5.7,0
u-1304,Avery Iyer,enterprise,2023-08-18,London,7.3,0
u-1305,Priya Singh,free,2023-01-04,Mumbai,4.3,1
u-1306,Riley Singh,free,2021-12-12,Chennai,9.3,0
u-1307,Rahul Iyer,starter,2022-08-01,Ahmedabad,2.3,1
u-1308,Rahul Mehta,free,2022-07-30,Chennai,8.7,0
u-1309,Alex Brown,starter,2023-11-10,Mumbai,6.6,1
u-1310,Avery Brown,free,2022-02-27,Chicago,8.0,0
u-1311,Quinn Chen,starter,2022-05-21,Pune,5.9,0
u-1312,Aisha Sharma,free,2023-03-28,San Francisco,2.6,1
u-1313,Rahul Nguyen,starter,2023-04-17,Chennai,7.4,0
u-1314,Sofia Miles,free,2022-09-17,Chicago,10.0,0
u-1315,Ananya Ramirez,free,2022-04-13,Austin,8.5,0
u-1316,Casey Shah,free,2022-11-22,Ahmedabad,5.2,0
u-1317,Jordan Mehta,pro,2022-01-17,Hyderabad,3.9,0
u-1318,Sam Garcia,pro,2023-08-07,Chennai,5.6,1
u-1319,Emily Mehta,free,2022-06-11,Chicago,7.2,1
u-1320,Ananya Miles,free,2022-02-14,Pune,3.7,1
u-1321,Casey Mehta,free,2022-05-27,Berlin,5.7,0
u-1322,Riley Nguyen,free,2023-04-17,San Francisco,6.0,0
u-1323,Quinn Iyer,starter,2022-12-25,Pune,7.3,1
u-1324,Jordan Sharma,free,2022-12-22,Chennai,6.5,0
u-1325,Alex Kim,enterprise,2023-05-09,Hyderabad,6.5,0
u-1326,Rahul Chen,pro,2023-10-09,London,9.4,0
u-1327,Aisha Brown,free,2023-08-23,Bengaluru,2.6,0
u-1328,Casey Lee,free,2022-07-26,Pune,4.7,0
u-1329,Sam Garcia,free,2023-07-21,Chicago,8.4,0
u-1330,Quinn Patel,free,2022-03-15,Pune,6.3,0
u-1331,Ananya Ramirez,starter,2022-03-14,Austin,3.9,1
u-1332,Avery Miles,free,2023-02-09,Seattle,7.2,0
u-1333,Alex Khan,free,2023-03-21,London,8.7,0
u-1334,Sofia Brown,free,2021-10-04,Ahmedabad,7.3,0
u-1335,Aisha Brown,starter,2024-01-21,Chennai,8.2,0
u-1336,Vikram Mehta,free,2023-06-22,Mumbai,6.2,0
u-1337,Riley Miles,enterprise,2022-06-11,Chicago,7.5,0
u-1338,Alex Garcia,free,2022-01-03,Hyderabad,6.6,1
u-1339,Marcus Lee,free,2022-12-29,London,6.2,0
u-1340,Quinn Mehta,starter,2022-05-15,Chicago,10.0,0
u-1341,Sofia Carter,starter,2023-07-27,Chennai,10.0,0
u-1342,Vikram Patel,starter,2021-11-17,San Francisco,9.5,0
u-1343,Riley Lee,starter,2022-09-13,Chennai,4.6,0
u-1344,Priya Khan,free,2022-04-28,San Francisco,4.5,0
u-1345,Quinn Singh,free,2023-09-01,Chicago,7.4,0
u-1346,Riley Brown,free,2022-11-28,Mumbai,7.2,0
u-1347,Jordan Kim,starter,2022-05-09,Hyderabad,8.4,0
u-1348,Aisha Chen,starter,2023-02-07,Chicago,10.0,0
u-1349,Sofia Sharma,starter,2021-10-19,Hyderabad,6.2,0
u-1350,Sofia Kim,enterprise,2022-02-10,Pune,5.8,0
u-1351,Sofia Nguyen,starter,2023-10-12,Pune,5.9,0
u-1352,Marcus Mehta,pro,2022-01-31,Pune,10.0,0
u-1353,Priya Carter,starter,2023-03-05,San Francisco,9.5,0
u-1354,Aisha Iyer,starter,2022-09-07,Chicago,10.0,0
u-1355,Sam Patel,starter,2023-02-11,Hyderabad,5.0,1
u-1356,Priya Brown,free,2022-06-01,Pune,8.4,0
u-1357,Rahul Mehta,free,2023-01-24,Chennai,6.4,1
u-1358,Sam Carter,starter,2022-12-26,Seattle,8.2,0
u-1359,Aisha Singh,free,2022-09-13,Ahmedabad,7.3,0
u-1360,Vikram Lee,free,2023-07-27,Seattle,3.4,1
u-1361,Quinn Ramirez,pro,2023-01-26,Chennai,7.4,0
u-1362,Vikram Miles,starter,2023-12-20,Chennai,3.7,0
u-1363,Quinn Mehta,free,2023-12-13,Hyderabad,5.8,0
u-1364,Rahul Brown,free,2022-07-13,Ahmedabad,5.1,0
u-1365,Ananya Lee,pro,2023-06-05,Ahmedabad,4.9,0
u-1366,Alex Lee,enterprise,2022-06-29,Ahmedabad,6.7,0
u-1367,Avery Miles,starter,2022-04-11,Hyderabad,8.9,0
u-1368,Jordan Lee,free,2022-07-03,Hyderabad,7.5,0
u-1369,Morgan Lee,free,2023-01-31,Hyderabad,7.4,0
u-1370,Quinn Carter,free,2022-09-30,Bengaluru,8.1,0
u-1371,Rahul Garcia,pro,2022-03-22,London,9.1,0
u-1372,Riley Khan,starter,2023-04-10,Berlin,7.5,0
u-1373,Morgan Iyer,pro,2023-02-03,Ahmedabad,8.3,0
u-1374,Marcus Ramirez,free,2023-07-06,Pune,6.1,0
u-1375,Alex Nguyen,pro,2023-08-11,Berlin,4.8,1
u-1376,Sam Khan,starter,2023-12-06,Ahmedabad,7.3,0
u-1377,Priya Shah,starter,2023-12-02,Pune,9.9,0
u-1378,Quinn Nguyen,starter,2023-09-26,Pune,8.0,0
u-1379,Priya Chen,starter,2022-04-04,Hyderabad,8.3,0
u-1380,Alex Carter,pro,2022-08-04,Mumbai,8.9,0
u-1381,Casey Singh,starter,2023-11-17,Seattle,8.7,0
u-1382,Aisha Garcia,enterprise,2022-04-04,Chennai,4.5,1
u-1383,Vikram Mehta,free,2022-04-20,Chicago,6.7,0
u-1384,Casey Shah,free,2021-12-04,Mumbai,3.7,1
u-1385,Rahul Singh,free,2021-10-12,Seattle,7.5,0
u-1386,Morgan Singh,free,2023-11-20,San Francisco,6.3,0
u-1387,Emily Nguyen,pro,2022-11-03,Bengaluru,8.1,0
u-1388,Alex Carter,free,2022-02-23,Pune,6.7,1
u-1389,Marcus Brown,free,2023-07-08,Ahmedabad,7.9,0
u-1390,Vikram Brown,free,2022-08-31,Bengaluru,7.7,1
u-1391,Casey Carter,pro,2023-11-14,Berlin,7.9,0
u-1392,Sam Shah,enterprise,2023-05-15,San Francisco,6.9,0
u-1393,Ananya Singh,pro,2021-10-02,San Francisco,5.3,0
u-1394,Jordan Iyer,free,2022-05-11,Ahmedabad,4.9,1
u-1395,Rahul Ramirez,starter,2023-06-19,Austin,8.8,1
u-1396,Casey Garcia,free,2021-09-24,San Francisco,8.3,0
u-1397,Quinn Miles,enterprise,2023-08-09,Mumbai,6.4,0
u-1398,Vikram Singh,free,2023-03-08,Mumbai,6.9,0
u-1399,Alex Patel,enterprise,2023-01-11,Berlin,3.7,1
u-1400,Priya Sharma,pro,2022-08-05,Berlin,6.1,0
u-1401,Sofia Sharma,pro,2023-06-18,Seattle,5.8,0
u-1402,Quinn Ramirez,pro,2023-06-20,Seattle,9.0,0
u-1403,Morgan Mehta,free,2022-06-28,Hyderabad,5.9,0
u-1404,Avery Ramirez,free,2023-08-07,Seattle,8.5,0
u-1405,Quinn Ramirez,free,2023-10-01,Mumbai,4.2,0
u-1406,Aisha Brown,free,2023-09-25,Pune,7.8,0
u-1407,Riley Lee,pro,2023-04-22,Austin,8.2,0
u-1408,Ananya Lee,starter,2024-01-05,Ahmedabad,9.0,0
u-1409,Quinn Singh,pro,2024-01-02,Chicago,6.5,0
u-1410,Jordan Ramirez,pro,2022-05-13,Pune,4.8,0
u-1411,Emily Miles,free,2022-10-19,London,5.2,0
u-1412,Casey Nguyen,free,2023-09-28,Bengaluru,5.7,1
u-1413,Morgan Patel,starter,2023-06-24,Bengaluru,5.5,0
u-1414,Alex Singh,free,2022-06-23,Pune,4.1,0
u-1415,Priya Shah,starter,2022-03-06,Bengaluru,6.8,0
u-1416,Emily Carter,pro,2022-01-06,Austin,6.9,0
u-1417,Aisha Ramirez,pro,2023-07-27,London,2.6,0
u-1418,Priya Lee,starter,2022-01-26,Mumbai,6.5,1
u-1419,Vikram Garcia,pro,2023-01-26,Austin,8.9,0
u-1420,Casey Shah,starter,2023-05-17,Pune,5.5,0
u-1421,Alex Khan,enterprise,2022-09-18,Austin,6.5,0
u-1422,Quinn Carter,pro,2023-10-16,Seattle,8.4,0
u-1423,Aisha Singh,pro,2022-12-25,Mumbai,9.3,0
u-1424,Riley Singh,free,2023-01-12,Mumbai,9.5,0
u-1425,Sofia Singh,pro,2022-09-01,Austin,9.3,0
u-1426,Ananya Singh,free,2023-08-28,Bengaluru,7.7,0
u-1427,Sofia Patel,starter,2023-12-10,Mumbai,9.4,0
u-1428,Avery Kim,starter,2023-03-14,Pune,6.3,0
u-1429,Rahul Mehta,free,2021-09-29,London,9.7,0
u-1430,Sofia Lee,free,2022-09-25,Hyderabad,4.9,0
u-1431,Marcus Sharma,free,2022-10-13,Chennai,8.3,0
u-1432,Ananya Sharma,pro,2022-07-21,Chennai,8.6,0
u-1433,Quinn Iyer,starter,2022-11-16,Pune,4.5,0
u-1434,Avery Carter,enterprise,2023-07-27,Chennai,5.1,0
u-1435,Marcus Iyer,pro,2021-09-28,Chennai,5.7,0
u-1436,Priya Shah,starter,2023-07-19,Bengaluru,8.1,0
u-1437,Ananya Garcia,pro,2022-07-25,San Francisco,6.8,0
u-1438,Ananya Nguyen,starter,2022-01-09,Bengaluru,6.4,1
u-1439,Alex Lee,free,2022-07-09,Mumbai,9.0,0
u-1440,Marcus Iyer,enterprise,2021-11-01,Austin,9.6,0
u-1441,Ananya Iyer,enterprise,2023-08-31,Hyderabad,7.5,0
u-1442,Avery Lee,free,2022-07-23,London,6.3,0
u-1443,Priya Singh,pro,2023-11-13,London,3.1,0
u-1444,Ananya Chen,free,2022-10-05,Berlin,6.2,0
u-1445,Avery Chen,enterprise,2023-08-26,Berlin,8.6,0
u-1446,Jordan Miles,starter,2022-07-09,San Francisco,7.6,0
u-1447,Quinn Miles,free,2023-04-24,London,1.6,0
u-1448,Ananya Garcia,pro,2023-10-13,London,8.0,0
u-1449,Riley Nguyen,starter,2022-01-09,Hyderabad,6.1,0
u-1450,Jordan Iyer,free,2021-12-13,Bengaluru,8.1,1
u-1451,Morgan Chen,pro,2023-09-06,Seattle,7.5,0
u-1452,Priya Miles,pro,2023-08-04,Chennai,8.6,0
u-1453,Vikram Brown,starter,2023-12-31,Bengaluru,6.8,0
u-1454,Jordan Miles,pro,2022-06-29,Chennai,8.4,0
u-1455,Priya Ramirez,free,2021-12-16,Hyderabad,6.5,0
u-1456,Alex Kim,free,2023-07-23,Mumbai,10.0,0
u-1457,Casey Carter,starter,2023-01-05,Seattle,10.0,0
u-1458,Ananya Carter,free,2022-05-28,Chicago,4.7,1
u-1459,Quinn Kim,starter,2023-01-13,Hyderabad,9.0,0
u-1460,Riley Kim,enterprise,2022-04-17,Mumbai,6.4,0
u-1461,Sam Miles,pro,2022-04-16,Chennai,8.1,0
u-1462,Ananya Mehta,starter,2022-04-28,London,6.2,0
u-1463,Vikram Carter,starter,2022-05-21,Mumbai,8.1,0
u-1464,Avery Singh,pro,2023-01-25,Bengaluru,8.4,0
u-1465,Sam Carter,pro,2023-02-24,San Francisco,6.4,0
u-1466,Emily Carter,free,2022-08-22,Pune,8.0,0
u-1467,Morgan Singh,starter,2023-10-31,Chennai,10.0,0
u-1468,Morgan Kim,free,2022-08-30,Seattle,6.0,0
u-1469,Sam Brown,free,2024-01-04,Chennai,4.6,0
u-1470,Riley Carter,free,2022-05-16,Bengaluru,6.5,0
u-1471,Vikram Garcia,starter,2022-08-24,Mumbai,4.3,0
u-1472,Alex Miles,pro,2022-11-24,Austin,5.4,1
u-1473,Casey Kim,pro,2023-05-14,San Francisco,6.5,0
u-1474,Emily Miles,starter,2022-11-17,Pune,10.0,0
u-1475,Rahul Chen,starter,2022-07-29,San Francisco,2.3,1
u-1476,Sofia Carter,free,2022-06-16,Mumbai,4.0,1
u-1477,Morgan Khan,free,2021-11-21,Bengaluru,7.5,0
u-1478,Priya Mehta,free,2023-09-06,Chicago,10.0,0
u-1479,Priya Shah,enterprise,2023-12-25,London,8.3,0
u-1480,Alex Sharma,free,2022-07-14,San Francisco,6.1,0
u-1481,Sam Chen,pro,2023-09-13,San Francisco,6.7,0
u-1482,Morgan Patel,free,2023-09-26,Seattle,6.0,1
u-1483,Riley Khan,starter,2023-06-07,Hyderabad,10.0,0
u-1484,Vikram Ramirez,pro,2022-05-12,Pune,7.5,0
u-1485,Riley Sharma,enterprise,2023-12-09,Mumbai,6.9,0
u-1486,Sofia Ramirez,free,2023-02-28,San Francisco,10.0,0
u-1487,Vikram Brown,pro,2023-11-02,Pune,7.0,0
u-1488,Alex Shah,free,2022-02-01,Hyderabad,8.5,0
u-1489,Casey Brown,pro,2022-04-09,San Francisco,7.1,0
u-1490,Quinn Shah,free,2023-11-17,Austin,7.4,0
u-1491,Avery Khan,starter,2023-06-08,Chennai,6.6,0
u-1492,Priya Shah,pro,2022-12-28,Mumbai,3.2,1
u-1493,Aisha Mehta,pro,2022-12-31,Berlin,5.0,1
u-1494,Jordan Singh,pro,2023-09-09,Austin,8.3,1
u-1495,Ananya Ramirez,free,2022-12-23,Pune,9.6,0
u-1496,Marcus Nguyen,pro,2022-01-07,Hyderabad,5.7,0
u-1497,Ananya Kim,free,2023-07-24,Ahmedabad,4.3,0
u-1498,Ananya Nguyen,free,2023-10-16,Berlin,8.1,0
u-1499,Ananya Miles,free,2023-03-03,Chennai,4.7,0
u-1500,Emily Carter,free,2022-12-06,Chennai,6.1,0
u-1501,Marcus Chen,free,2023-05-30,Chicago,5.5,0
u-1502,Sam Miles,starter,2023-11-02,Berlin,6.2,0
u-1503,Priya Brown,free,2023-11-19,Berlin,8.3,0
u-1504,Ananya Patel,starter,2022-03-09,Chennai,7.2,1
u-1505,Sam Chen,free,2023-10-10,Seattle,5.4,0
u-1506,Rahul Patel,pro,2023-06-01,Bengaluru,6.7,0
u-1507,Alex Mehta,free,2022-04-09,Bengaluru,7.8,0
u-1508,Sofia Kim,free,2022-09-03,Chennai,7.3,0
u-1509,Sofia Patel,starter,2024-01-11,Pune,5.8,0
u-1510,Quinn Singh,enterprise,2023-09-06,London,7.2,0
u-1511,Avery Miles,enterprise,2022-12-19,Mumbai,7.5,0
u-1512,Jordan Mehta,free,2023-04-02,London,8.4,0
u-1513,Casey Nguyen,enterprise,2021-09-24,London,4.3,1
u-1514,Riley Carter,starter,2023-10-26,San Francisco,7.4,1
u-1515,Alex Patel,pro,2024-01-10,Mumbai,5.2,0
u-1516,Avery Lee,free,2022-10-10,Bengaluru,6.3,0
u-1517,Alex Chen,free,2021-10-20,Berlin,9.2,0
u-1518,Morgan Sharma,free,2024-01-29,Chennai,5.1,0
u-1519,Priya Singh,pro,2022-02-10,Seattle,5.6,0
u-1520,Ananya Sharma,free,2021-09-21,Bengaluru,6.1,0
u-1521,Sam Chen,free,2023-02-04,London,5.8,0
u-1522,Sofia Carter,starter,2023-02-04,Pune,9.9,0
u-1523,Jordan Brown,enterprise,2021-09-21,Chicago,6.4,1
u-1524,Sofia Sharma,starter,2022-08-03,Austin,5.8,0
u-1525,Jordan Mehta,pro,2022-10-14,Chennai,5.6,1
u-1526,Rahul Carter,free,2023-05-28,Bengaluru,7.8,0
u-1527,Morgan Lee,pro,2021-11-13,Ahmedabad,3.8,0
u-1528,Sam Chen,free,2023-06-26,Mumbai,4.9,0
u-1529,Ananya Miles,free,2023-02-25,Mumbai,4.7,0
u-1530,Alex Carter,starter,2022-01-26,Berlin,7.0,0
u-1531,Aisha Iyer,free,2022-11-14,Austin,8.4,0
u-1532,Emily Kim,starter,2022-04-13,Chennai,6.5,0
u-1533,Marcus Nguyen,starter,2021-09-19,San Francisco,5.3,1
u-1534,Casey Garcia,free,2022-07-22,Chicago,5.9,0
u-1535,Emily Carter,free,2023-09-13,Chennai,2.9,0
u-1536,Marcus Carter,free,2022-04-18,Ahmedabad,6.5,0
u-1537,Casey Garcia,free,2022-08-29,Seattle,7.9,0
u-1538,Ananya Kim,pro,2023-09-02,Austin,7.3,0
u-1539,Ananya Lee,starter,2023-10-28,Chicago,10.0,0
u-1540,Sofia Nguyen,free,2021-11-11,San Francisco,8.8,0
u-1541,Vikram Khan,free,2023-11-01,London,5.8,0
u-1542,Morgan Shah,pro,2023-01-02,Chicago,9.6,0
u-1543,Avery Garcia,pro,2021-09-27,Austin,7.1,1
u-1544,Sam Mehta,enterprise,2022-01-07,Hyderabad,4.2,0
u-1545,Priya Ramirez,free,2022-02-01,Chicago,8.8,0
u-1546,Sam Singh,starter,2022-05-02,Seattle,7.2,1
u-1547,Jordan Kim,free,2022-12-13,Berlin,5.2,1
u-1548,Aisha Lee,pro,2023-05-29,Chicago,6.0,0
u-1549,Morgan Patel,starter,2021-12-13,Seattle,8.5,0
u-1550,Aisha Chen,starter,2022-09-24,Ahmedabad,7.2,0
u-1551,Jordan Brown,free,2023-02-22,Chicago,9.1,0
u-1552,Aisha Ramirez,pro,2021-10-14,Seattle,8.6,0
u-1553,Avery Nguyen,free,2023-03-17,Mumbai,7.8,1
u-1554,Alex Kim,pro,2023-12-31,Chennai,8.0,0
u-1555,Ananya Brown,free,2022-08-28,Austin,7.7,0
u-1556,Aisha Nguyen,pro,2023-01-26,Chennai,5.8,0
u-1557,Emily Carter,free,2022-08-09,Hyderabad,7.6,0
u-1558,Priya Miles,starter,2022-08-11,Berlin,7.7,0
u-1559,Emily Singh,pro,2022-08-02,San Francisco,8.8,0
u-1560,Casey Carter,free,2023-04-12,Ahmedabad,6.3,0
u-1561,Alex Carter,free,2023-06-27,San Francisco,4.0,0
u-1562,Quinn Ramirez,free,2023-05-01,Austin,9.1,0
u-1563,Sam Iyer,free,2021-10-15,Chicago,9.4,0
u-1564,Priya Sharma,starter,2022-04-21,Chennai,5.8,1
u-1565,Priya Mehta,free,2023-02-25,Bengaluru,9.2,0
u-1566,Quinn Iyer,free,2021-11-26,Berlin,10.0,0
u-1567,Avery Iyer,free,2022-04-07,Bengaluru,7.5,0
u-1568,Riley Kim,free,2022-10-22,Seattle,10.0,0
u-1569,Jordan Patel,free,2022-03-07,Bengaluru,7.7,0
u-1570,Sam Garcia,pro,2021-10-30,Ahmedabad,7.5,0
u-1571,Sofia Garcia,free,2022-09-25,Mumbai,6.5,1
u-1572,Avery Chen,enterprise,2023-11-05,San Francisco,9.7,0
u-1573,Quinn Garcia,pro,2023-01-23,London,5.3,0
u-1574,Avery Patel,starter,2023-07-19,Mumbai,4.7,0
u-1575,Priya Kim,pro,2022-06-03,Mumbai,9.0,0
u-1576,Ananya Shah,starter,2023-11-17,San Francisco,6.0,0
u-1577,Morgan Khan,starter,2022-12-21,Berlin,4.7,1
u-1578,Emily Singh,free,2023-01-19,Mumbai,7.4,0
u-1579,Sam Carter,starter,2023-03-03,Austin,9.1,0
u-1580,Ananya Nguyen,free,2022-08-05,Hyderabad,8.0,0
u-1581,Quinn Sharma,starter,2022-10-15,San Francisco,3.5,1
u-1582,Priya Khan,free,2023-08-11,Ahmedabad,7.0,0
u-1583,Priya Kim,starter,2022-03-07,London,8.2,0
u-1584,Sam Iyer,starter,2023-01-07,San Francisco,7.7,0
u-1585,Rahul Chen,free,2023-09-18,Mumbai,3.6,0
u-1586,Jordan Nguyen,free,2022-06-16,Berlin,7.0,1
u-1587,Alex Garcia,pro,2023-02-25,Chicago,4.3,0
u-1588,Ananya Kim,free,2022-07-25,Pune,8.5,0
u-1589,Morgan Mehta,free,2022-04-16,Chennai,9.3,0
u-1590,Sam Garcia,free,2022-08-03,Ahmedabad,2.3,1
u-1591,Casey Brown,enterprise,2021-11-05,Ahmedabad,5.8,0
u-1592,Priya Patel,starter,2022-08-23,Bengaluru,8.6,0
u-1593,Morgan Mehta,starter,2023-03-07,San Francisco,3.2,0
u-1594,Emily Khan,pro,2021-09-26,Ahmedabad,8.9,0
u-1595,Ananya Miles,starter,2022-11-11,Berlin,2.3,0
u-1596,Sofia Khan,pro,2022-05-21,London,7.2,0
u-1597,Rahul Shah,starter,2023-04-20,Ahmedabad,3.6,0
u-1598,Marcus Garcia,pro,2021-12-04,Ahmedabad,6.3,1
u-1599,Morgan Carter,starter,2021-11-06,Seattle,7.6,0
u-1600,Priya Brown,free,2021-10-26,Chennai,8.7,0
u-1601,Rahul Brown,free,2023-03-01,Pune,8.8,0
u-1602,Ananya Carter,free,2022-01-15,Bengaluru,7.6,0
u-1603,Vikram Shah,starter,2022-06-27,Hyderabad,6.7,0
u-1604,Sofia Ramirez,enterprise,2023-11-11,Berlin,6.5,1
u-1605,Marcus Singh,pro,2021-11-26,Austin,6.0,0
u-1606,Vikram Khan,pro,2022-10-29,Hyderabad,6.2,1
u-1607,Emily Garcia,starter,2022-10-26,Ahmedabad,9.1,0
u-1608,Casey Iyer,pro,2023-03-07,Pune,2.5,0
u-1609,Rahul Brown,pro,2022-01-20,Austin,6.6,0
u-1610,Riley Garcia,free,2023-11-09,Pune,4.6,0
u-1611,Sofia Sharma,starter,2023-03-04,Chennai,6.5,0
u-1612,Jordan Lee,starter,2022-09-29,Chicago,10.0,0
u-1613,Aisha Patel,free,2023-08-15,Berlin,7.9,0
u-1614,Sam Singh,free,2023-07-31,Ahmedabad,6.4,0
u-1615,Rahul Garcia,free,2022-08-15,Chicago,7.7,0
u-1616,Aisha Nguyen,free,2022-09-13,Ahmedabad,7.8,0
u-1617,Priya Garcia,free,2022-02-20,Berlin,4.1,0
u-1618,Casey Carter,pro,2022-02-20,San Francisco,6.1,0
u-1619,Ananya Garcia,free,2024-01-17,Bengaluru,5.5,0
u-1620,Morgan Chen,pro,2023-02-24,Chennai,9.2,0
u-1621,Quinn Garcia,free,2022-01-26,Hyderabad,6.1,0
u-1622,Aisha Kim,enterprise,2021-10-28,London,5.6,0
u-1623,Morgan Mehta,pro,2023-11-11,San Francisco,7.4,0
u-1624,Alex Garcia,pro,2022-04-06,Chennai,9.1,0
u-1625,Aisha Carter,starter,2023-07-14,San Francisco,8.6,0
u-1626,Riley Brown,starter,2022-03-04,Seattle,7.5,0
u-1627,Emily Garcia,free,2023-01-09,London,6.8,0
u-1628,Casey Garcia,starter,2023-10-27,Berlin,8.9,0
u-1629,Ananya Khan,pro,2023-08-08,London,7.5,0
u-1630,Priya Brown,free,2021-11-04,Berlin,7.5,0
u-1631,Avery Khan,free,2022-04-05,Pune,7.4,0
u-1632,Marcus Miles,pro,2024-01-02,Chennai,9.2,0
u-1633,Marcus Sharma,free,2021-10-30,Mumbai,9.1,0
u-1634,Morgan Brown,pro,2022-01-28,San Francisco,3.9,1
u-1635,Vikram Brown,free,2022-10-15,Mumbai,4.4,1
u-1636,Riley Kim,free,2024-01-07,Berlin,7.4,0
u-1637,Riley Nguyen,free,2023-01-19,Ahmedabad,10.0,0
u-1638,Casey Iyer,starter,2023-09-13,Ahmedabad,7.6,0
u-1639,Riley Iyer,pro,2023-03-20,Chennai,8.2,0
u-1640,Rahul Mehta,pro,2023-05-03,Bengaluru,9.9,0
u-1641,Vikram Patel,free,2022-05-22,Austin,6.8,0
u-1642,Alex Nguyen,free,2022-05-01,Berlin,6.0,0
u-1643,Priya Ramirez,pro,2023-09-04,Pune,10.0,0
u-1644,Riley Nguyen,free,2021-12-11,Chicago,9.1,0
u-1645,Rahul Mehta,free,2022-06-28,Chennai,7.8,0
u-1646,Priya Iyer,starter,2022-07-02,Chicago,8.3,0
u-1647,Sam Nguyen,pro,2022-03-28,Berlin,7.3,0
u-1648,Priya Patel,free,2022-05-09,Seattle,10.0,0
u-1649,Aisha Mehta,free,2022-03-17,Chennai,6.8,0
u-1650,Sofia Khan,enterprise,2023-05-25,Pune,8.2,0
u-1651,Vikram Sharma,enterprise,2022-06-14,Seattle,10.0,0
u-1652,Aisha Garcia,starter,2021-10-06,Hyderabad,9.7,0
u-1653,Vikram Sharma,starter,2022-04-16,Ahmedabad,7.3,0
u-1654,Avery Iyer,enterprise,2023-02-12,Hyderabad,3.2,0
u-1655,Ananya Sharma,starter,2022-08-01,Hyderabad,6.6,0
u-1656,Avery Miles,pro,2021-11-29,Mumbai,6.2,0
u-1657,Sam Shah,starter,2022-07-11,San Francisco,8.8,0
u-1658,Sofia Shah,free,2022-03-26,Chicago,7.0,1
u-1659,Vikram Garcia,pro,2021-12-19,Berlin,6.4,0
u-1660,Aisha Nguyen,starter,2023-03-19,Mumbai,8.4,0
u-1661,Casey Lee,free,2023-04-16,Chennai,9.6,0
u-1662,Morgan Mehta,starter,2023-04-09,Seattle,8.3,0
u-1663,Rahul Kim,pro,2023-03-18,Chennai,8.0,0
u-1664,Aisha Miles,free,2022-06-20,Austin,8.5,0
u-1665,Priya Iyer,pro,2022-12-06,Austin,5.4,0
u-1666,Jordan Carter,free,2021-11-05,Ahmedabad,9.5,0
u-1667,Vikram Shah,starter,2022-06-14,Chicago,7.4,0
u-1668,Priya Shah,enterprise,2022-06-27,Ahmedabad,4.0,0
u-1669,Marcus Khan,pro,2021-10-28,Chicago,3.9,1
u-1670,Marcus Chen,pro,2022-01-17,Seattle,8.5,0
u-1671,Ananya Iyer,starter,2024-01-04,Ahmedabad,6.3,1
u-1672,Morgan Mehta,starter,2021-10-14,Austin,10.0,0
u-1673,Emily Iyer,starter,2021-12-26,Pune,6.8,0
u-1674,Quinn Brown,free,2023-04-20,Austin,8.7,0
u-1675,Rahul Iyer,starter,2023-07-12,Chicago,7.7,1
u-1676,Avery Khan,starter,2022-10-21,Chennai,5.6,0
u-1677,Casey Shah,starter,2021-09-15,Chicago,5.2,1
u-1678,Priya Miles,starter,2022-08-21,Ahmedabad,7.5,1
u-1679,Quinn Brown,free,2022-09-16,Austin,5.3,0
u-1680,Casey Iyer,free,2023-07-28,Ahmedabad,8.5,0
u-1681,Rahul Iyer,free,2021-12-12,Mumbai,8.1,0
u-1682,Emily Khan,starter,2022-03-10,London,8.4,0
u-1683,Emily Sharma,free,2023-12-14,Pune,8.7,0
u-1684,Avery Carter,pro,2023-06-19,Ahmedabad,8.6,0
u-1685,Quinn Carter,free,2021-12-27,Chicago,7.9,0
u-1686,Rahul Nguyen,pro,2022-05-28,Mumbai,8.1,0
u-1687,Priya Lee,free,2023-02-15,London,3.2,1
u-1688,Ananya Shah,pro,2022-11-03,Hyderabad,6.5,0
u-1689,Jordan Miles,pro,2023-10-15,Seattle,7.0,0
u-1690,Vikram Lee,enterprise,2022-02-04,Seattle,7.0,0
u-1691,Priya Nguyen,pro,2022-08-01,Mumbai,6.9,0
u-1692,Rahul Lee,pro,2022-11-13,Hyderabad,7.5,0
u-1693,Emily Lee,free,2022-08-18,Chicago,8.1,0
u-1694,Aisha Iyer,starter,2022-09-09,Bengaluru,6.1,0
u-1695,Casey Chen,free,2023-01-20,Pune,3.5,1
u-1696,Vikram Chen,pro,2023-08-28,Bengaluru,6.0,0
u-1697,Jordan Nguyen,pro,2022-12-10,Mumbai,5.3,0
u-1698,Sofia Carter,free,2022-02-28,Pune,8.7,0
u-1699,Casey Khan,starter,2023-12-17,Chennai,6.6,0
u-1700,Vikram Ramirez,free,2023-02-17,Austin,7.4,0
u-1701,Vikram Ramirez,starter,2022-02-17,Ahmedabad,7.0,0
u-1702,Jordan Garcia,starter,2022-09-15,London,8.4,1
u-1703,Sam Chen,starter,2024-01-11,London,7.9,0
u-1704,Emily Carter,pro,2022-01-26,San Francisco,6.1,1
u-1705,Vikram Singh,free,2023-12-17,San Francisco,6.3,0
u-1706,Aisha Lee,pro,2022-12-11,Seattle,4.2,1
u-1707,Jordan Miles,starter,2023-10-25,Bengaluru,7.0,0
u-1708,Jordan Nguyen,free,2023-06-08,Austin,9.0,0
u-1709,Sam Iyer,starter,2023-02-24,Austin,8.6,0
u-1710,Alex Miles,free,2023-06-16,Chennai,8.8,1
u-1711,Morgan Miles,starter,2022-01-01,Pune,7.3,0
u-1712,Quinn Khan,pro,2022-09-27,Berlin,5.9,0
u-1713,Sofia Shah,free,2023-03-24,Bengaluru,4.7,1
u-1714,Avery Khan,free,2023-05-24,Seattle,7.8,0
u-1715,Avery Sharma,starter,2022-11-26,Hyderabad,6.0,0
u-1716,Emily Iyer,free,2023-04-13,London,10.0,0
u-1717,Avery Ramirez,free,2022-03-02,Chennai,7.2,0
u-1718,Emily Shah,starter,2023-07-12,Berlin,9.9,0
u-1719,Quinn Patel,starter,2022-06-11,London,10.0,0
u-1720,Morgan Nguyen,pro,2023-01-09,Ahmedabad,8.2,0
u-1721,Riley Iyer,starter,2023-06-17,Bengaluru,4.3,0
u-1722,Quinn Lee,starter,2022-12-23,Chennai,4.2,0
u-1723,Alex Carter,free,2023-10-20,Chennai,8.7,0
u-1724,Rahul Garcia,free,2022-11-01,Hyderabad,3.9,0
u-1725,Avery Miles,starter,2022-05-19,Pune,4.8,0
u-1726,Avery Mehta,pro,2022-09-04,Pune,8.5,1
u-1727,Priya Lee,enterprise,2024-01-19,Seattle,6.1,0
u-1728,Ananya Miles,free,2022-09-08,Chicago,4.0,0
u-1729,Vikram Chen,starter,2024-01-10,Austin,6.5,0
u-1730,Emily Shah,starter,2023-03-19,Berlin,9.9,0
u-1731,Alex Nguyen,free,2022-07-29,Hyderabad,5.8,1
u-1732,Casey Shah,pro,2021-12-10,Chicago,8.5,0
u-1733,Avery Chen,free,2021-10-05,Pune,8.6,1
u-1734,Jordan Ramirez,pro,2022-11-13,Pune,5.6,0
u-1735,Alex Kim,starter,2023-07-31,San Francisco,5.7,0
u-1736,Priya Sharma,free,2022-02-08,Bengaluru,7.7,0
u-1737,Sam Shah,pro,2023-03-29,Chennai,10.0,0
u-1738,Morgan Kim,free,2022-10-05,Seattle,7.2,0
u-1739,Emily Patel,pro,2023-08-13,Austin,5.4,0
u-1740,Casey Miles,pro,2023-03-16,Berlin,7.4,1
u-1741,Marcus Brown,starter,2022-12-11,Seattle,5.8,1
u-1742,Aisha Iyer,free,2022-04-30,Bengaluru,4.9,0
u-1743,Sofia Shah,starter,2021-12-11,Bengaluru,9.8,0
u-1744,Priya Nguyen,starter,2023-09-01,Hyderabad,7.8,0
u-1745,Ananya Patel,starter,2022-10-03,Mumbai,6.0,0
u-1746,Quinn Carter,starter,2021-10-11,San Francisco,9.2,0
u-1747,Quinn Carter,starter,2024-01-18,Mumbai,7.7,0
u-1748,Quinn Garcia,pro,2022-09-22,Bengaluru,6.2,0
u-1749,Sam Khan,pro,2022-04-05,Hyderabad,8.3,0
u-1750,Riley Singh,starter,2023-11-03,Bengaluru,5.4,0
u-1751,Priya Sharma,free,2022-06-30,San Francisco,10.0,0
u-1752,Quinn Kim,starter,2023-01-31,Pune,5.6,0
u-1753,Avery Lee,starter,2022-08-27,Ahmedabad,8.8,1
u-1754,Vikram Kim,pro,2022-05-23,San Francisco,6.1,0
u-1755,Vikram Garcia,pro,2023-09-29,Hyderabad,7.6,0
u-1756,Avery Shah,pro,2023-12-04,Hyderabad,5.9,0
u-1757,Jordan Brown,free,2023-05-02,Pune,8.0,0
u-1758,Marcus Shah,pro,2023-06-19,Pune,9.2,0
u-1759,Aisha Lee,pro,2023-05-26,Chennai,5.1,0
u-1760,Aisha Nguyen,free,2021-11-19,San Francisco,5.5,0
u-1761,Avery Brown,free,2022-06-13,Bengaluru,8.4,0
u-1762,Jordan Chen,free,2023-03-29,Chicago,8.2,0
u-1763,Aisha Garcia,starter,2022-08-24,Berlin,9.2,0
u-1764,Rahul Garcia,starter,2023-09-16,Chicago,5.9,0
u-1765,Ananya Nguyen,free,2023-08-26,London,6.4,0
u-1766,Jordan Singh,starter,2023-11-08,Chicago,6.8,0
u-1767,Sofia Ramirez,pro,2023-01-27,Berlin,6.9,0
u-1768,Casey Kim,pro,2022-08-12,San Francisco,6.2,0
u-1769,Sofia Brown,pro,2022-11-16,Ahmedabad,6.4,1
u-1770,Jordan Patel,pro,2022-10-04,Ahmedabad,6.7,0
u-1771,Avery Kim,starter,2023-09-13,Hyderabad,10.0,0
u-1772,Jordan Ramirez,pro,2022-07-18,Pune,4.9,0
u-1773,Morgan Carter,starter,2022-10-09,Mumbai,7.2,0
u-1774,Alex Brown,pro,2021-10-21,Austin,6.8,0
u-1775,Morgan Iyer,pro,2023-07-02,London,7.6,0
u-1776,Aisha Nguyen,starter,2023-12-11,Chicago,8.5,0
u-1777,Morgan Lee,starter,2023-01-02,London,4.2,0
u-1778,Quinn Brown,free,2023-08-14,Seattle,8.4,0
u-1779,Sam Carter,free,2023-09-02,San Francisco,4.4,1
u-1780,Alex Garcia,free,2023-07-13,Austin,6.6,0
u-1781,Quinn Brown,free,2022-06-20,Mumbai,7.2,0
u-1782,Alex Khan,starter,2023-01-26,Pune,5.8,0
u-1783,Aisha Patel,free,2022-01-02,Seattle,5.2,0
u-1784,Morgan Iyer,pro,2023-10-19,London,9.5,0
u-1785,Avery Iyer,starter,2021-11-13,Chennai,6.1,0
u-1786,Avery Chen,pro,2023-02-10,London,8.4,0
u-1787,Emily Shah,starter,2022-10-25,Ahmedabad,5.9,0
u-1788,Quinn Patel,free,2022-02-21,Pune,7.1,0
u-1789,Sam Lee,free,2022-12-01,Mumbai,9.3,0
u-1790,Vikram Nguyen,pro,2023-09-12,Hyderabad,8.1,0
u-1791,Emily Garcia,free,2023-07-07,Bengaluru,7.0,0
u-1792,Quinn Patel,starter,2021-11-26,Austin,5.7,0
u-1793,Priya Carter,free,2023-12-03,Pune,5.2,0
u-1794,Aisha Ramirez,free,2021-12-01,Austin,8.9,0
u-1795,Ananya Mehta,free,2022-06-24,Chicago,8.7,0
u-1796,Ananya Brown,starter,2022-11-12,Hyderabad,6.6,0
u-1797,Priya Chen,free,2023-05-03,Chicago,9.6,0
u-1798,Alex Ramirez,pro,2022-01-14,Hyderabad,3.6,0
u-1799,Morgan Miles,free,2024-01-04,Pune,9.0,0
u-1800,Jordan Brown,free,2022-05-23,Chicago,4.0,0
u-1801,Casey Miles,free,2023-08-03,Bengaluru,7.5,0
u-1802,Quinn Mehta,enterprise,2023-03-28,Berlin,5.5,0
u-1803,Jordan Khan,starter,2023-12-08,Mumbai,5.2,1
u-1804,Morgan Iyer,starter,2022-10-01,Pune,8.7,0
u-1805,Rahul Patel,starter,2023-09-26,Austin,5.7,0
u-1806,Alex Chen,pro,2023-10-23,Hyderabad,6.6,0
u-1807,Riley Carter,free,2023-04-21,Mumbai,10.0,0
u-1808,Casey Shah,pro,2022-11-27,Chicago,5.1,0
u-1809,Jordan Khan,pro,2021-11-02,Hyderabad,7.7,0
u-1810,Sofia Sharma,free,2022-02-09,Hyderabad,6.1,1
u-1811,Priya Patel,free,2023-02-18,Berlin,7.9,0
u-1812,Marcus Nguyen,starter,2022-09-10,Austin,7.9,0
u-1813,Emily Mehta,free,2022-04-03,Chicago,6.7,0
u-1814,Avery Chen,free,2023-03-06,Austin,8.0,0
u-1815,Sam Sharma,starter,2022-04-04,Hyderabad,8.3,0
u-1816,Casey Carter,free,2022-07-04,Chennai,5.7,0
u-1817,Avery Chen,pro,2022-05-31,Bengaluru,9.9,0
u-1818,Jordan Nguyen,starter,2021-10-05,Bengaluru,5.2,0
u-1819,Riley Carter,starter,2023-03-11,London,3.4,1
u-1820,Avery Chen,starter,2023-12-05,Bengaluru,6.5,0
u-1821,Casey Nguyen,starter,2022-10-23,Bengaluru,8.3,0
u-1822,Alex Patel,starter,2023-04-20,Chicago,4.5,0
u-1823,Aisha Singh,pro,2023-12-12,Mumbai,8.1,0
u-1824,Sofia Lee,free,2023-09-19,Seattle,6.4,0
u-1825,Jordan Mehta,starter,2022-10-25,Ahmedabad,8.6,0
u-1826,Emily Sharma,pro,2021-10-22,London,6.4,0
u-1827,Casey Chen,starter,2023-04-13,Bengaluru,6.7,0
u-1828,Alex Kim,free,2022-10-15,Mumbai,7.2,0
u-1829,Sam Lee,free,2023-08-31,Berlin,7.1,1
u-1830,Riley Carter,starter,2023-10-12,Bengaluru,6.6,1
u-1831,Alex Iyer,pro,2022-03-23,Seattle,7.8,0
u-1832,Sofia Chen,pro,2022-08-18,Austin,6.1,0
u-1833,Quinn Lee,starter,2023-08-21,Bengaluru,7.0,0
u-1834,Rahul Ramirez,free,2022-11-23,London,10.0,0
u-1835,Quinn Garcia,pro,2022-09-15,Chennai,5.0,0
u-1836,Morgan Brown,starter,2023-12-12,Bengaluru,6.9,0
u-1837,Aisha Brown,enterprise,2023-05-16,Seattle,4.6,1
u-1838,Ananya Iyer,pro,2022-01-10,Hyderabad,4.7,0
u-1839,Avery Singh,starter,2023-03-23,Berlin,7.9,1
u-1840,Emily Garcia,starter,2022-05-25,Hyderabad,10.0,0
u-1841,Quinn Mehta,starter,2022-08-24,Bengaluru,8.9,0
u-1842,Alex Mehta,free,2024-01-28,Berlin,7.1,0
u-1843,Emily Nguyen,starter,2021-10-30,Pune,5.5,1
u-1844,Rahul Nguyen,free,2021-10-20,Berlin,6.4,0
u-1845,Ananya Sharma,free,2022-06-30,Hyderabad,10.0,0
u-1846,Rahul Nguyen,pro,2023-09-16,Chicago,6.6,0
u-1847,Alex Ramirez,free,2022-01-28,San Francisco,10.0,0
u-1848,Sam Iyer,pro,2024-02-01,Austin,6.1,1
u-1849,Emily Lee,starter,2022-11-15,San Francisco,9.0,0
u-1850,Ananya Carter,pro,2023-01-26,Austin,4.4,0
u-1851,Rahul Ramirez,pro,2022-06-05,San Francisco,7.7,1
u-1852,Aisha Nguyen,pro,2023-10-02,Pune,10.0,0
u-1853,Quinn Chen,starter,2022-01-01,Austin,6.6,0
u-1854,Aisha Lee,enterprise,2022-09-23,Pune,8.0,0
u-1855,Sofia Mehta,starter,2023-06-20,Chennai,5.9,1
u-1856,Riley Lee,pro,2023-05-07,Berlin,6.1,1
u-1857,Alex Iyer,starter,2022-06-14,Pune,10.0,0
u-1858,Casey Nguyen,free,2023-08-24,Chennai,6.0,0
u-1859,Jordan Chen,starter,2023-05-19,San Francisco,7.9,0
u-1860,Quinn Brown,starter,2021-09-27,Austin,4.5,0
u-1861,Vikram Iyer,free,2021-12-28,Chicago,9.9,0
u-1862,Alex Lee,free,2023-04-18,Ahmedabad,8.2,0
u-1863,Rahul Miles,free,2022-10-06,Berlin,6.7,0
u-1864,Vikram Khan,enterprise,2023-02-06,Pune,2.0,1
u-1865,Sam Nguyen,starter,2023-08-11,Austin,7.3,0
u-1866,Ananya Sharma,free,2023-05-22,San Francisco,4.8,0
u-1867,Aisha Singh,pro,2023-10-30,Ahmedabad,5.8,0
u-1868,Ananya Shah,starter,2022-02-03,Austin,4.8,0
u-1869,Emily Carter,pro,2023-07-02,Seattle,3.5,1
u-1870,Casey Khan,starter,2023-08-14,Mumbai,7.2,0
u-1871,Priya Miles,free,2022-07-26,Chennai,6.6,0
u-1872,Alex Sharma,free,2023-10-13,Austin,5.5,0
u-1873,Jordan Shah,pro,2021-10-23,Hyderabad,6.1,0
u-1874,Priya Carter,pro,2021-12-27,Bengaluru,5.0,0
u-1875,Jordan Sharma,pro,2023-02-07,Austin,5.7,1
u-1876,Ananya Carter,free,2023-08-26,Berlin,8.9,0
u-1877,Quinn Patel,pro,2023-10-03,Chicago,10.0,0
u-1878,Morgan Mehta,starter,2022-01-16,Berlin,7.8,0
u-1879,Riley Kim,starter,2023-01-14,Berlin,6.2,0
u-1880,Sofia Garcia,free,2022-09-16,Mumbai,8.7,0
u-1881,Jordan Mehta,pro,2023-10-17,Austin,4.2,0
u-1882,Alex Brown,enterprise,2022-02-15,Ahmedabad,5.1,0
u-1883,Rahul Patel,free,2022-11-08,Berlin,4.9,1
u-1884,Ananya Miles,pro,2023-12-02,Austin,10.0,0
u-1885,Aisha Kim,starter,2023-11-27,Ahmedabad,9.5,0
u-1886,Avery Iyer,free,2021-10-16,Seattle,10.0,0
u-1887,Rahul Iyer,free,2023-12-14,Berlin,6.0,1
u-1888,Avery Sharma,pro,2023-05-17,Austin,6.2,0
u-1889,Alex Shah,free,2024-01-21,Chennai,7.8,0
u-1890,Quinn Nguyen,free,2023-12-12,Bengaluru,4.3,0
u-1891,Ananya Garcia,pro,2022-02-24,Berlin,8.6,0
u-1892,Quinn Brown,starter,2022-04-07,Mumbai,9.7,1
u-1893,Jordan Iyer,pro,2023-04-19,Mumbai,5.8,0
u-1894,Riley Sharma,starter,2023-08-30,Chicago,7.4,1
u-1895,Rahul Kim,starter,2023-06-30,Austin,4.9,0
u-1896,Sofia Khan,pro,2023-04-02,Chicago,5.8,0
u-1897,Alex Carter,free,2022-03-28,Bengaluru,5.1,0
u-1898,Alex Singh,free,2022-09-02,Mumbai,10.0,0
u-1899,Ananya Brown,starter,2023-01-11,Seattle,4.8,1
u-1900,Quinn Garcia,enterprise,2023-12-04,Mumbai,8.1,0
u-1901,Morgan Kim,free,2023-10-24,San Francisco,7.2,0
u-1902,Aisha Mehta,enterprise,2023-08-10,Chennai,3.0,0
u-1903,Vikram Singh,pro,2023-08-01,Austin,5.0,1
u-1904,Aisha Kim,starter,2022-12-03,Berlin,10.0,0
u-1905,Casey Kim,starter,2022-01-12,Chennai,6.6,0
u-1906,Rahul Iyer,free,2023-01-30,Bengaluru,3.2,1
u-1907,Jordan Khan,starter,2023-04-21,Bengaluru,6.8,0
u-1908,Aisha Brown,free,2022-10-04,Seattle,9.3,0
u-1909,Sofia Mehta,starter,2023-11-27,Berlin,4.5,1
u-1910,Aisha Mehta,free,2022-05-09,London,7.8,0
u-1911,Morgan Sharma,enterprise,2023-12-15,Austin,9.0,0
u-1912,Marcus Singh,free,2023-03-31,San Francisco,7.6,0
u-1913,Vikram Garcia,starter,2021-10-25,Hyderabad,7.1,0
u-1914,Quinn Miles,free,2023-02-15,Ahmedabad,9.2,0
u-1915,Sam Kim,free,2022-04-22,Chicago,4.3,1
u-1916,Marcus Singh,free,2023-06-10,Mumbai,3.8,1
u-1917,Aisha Khan,pro,2022-01-21,Seattle,8.9,0
u-1918,Emily Khan,starter,2023-04-12,Berlin,8.6,0
u-1919,Alex Ramirez,starter,2023-07-19,Mumbai,8.2,0
u-1920,Quinn Brown,pro,2023-12-19,London,7.9,0
u-1921,Sofia Kim,free,2023-05-11,Pune,9.7,1
u-1922,Quinn Iyer,pro,2022-09-15,Mumbai,7.5,0
u-1923,Rahul Carter,free,2023-12-08,San Francisco,7.0,0
u-1924,Jordan Shah,pro,2023-09-04,Pune,9.0,0
u-1925,Rahul Iyer,enterprise,2023-04-06,Pune,4.7,1
u-1926,Vikram Nguyen,pro,2022-05-19,San Francisco,6.8,0
u-1927,Alex Chen,free,2022-08-31,Chicago,4.8,0
u-1928,Aisha Shah,starter,2023-12-27,Austin,7.5,0
u-1929,Jordan Mehta,pro,2024-01-01,London,6.7,0
u-1930,Ananya Chen,starter,2023-12-11,Austin,8.5,0
u-1931,Marcus Nguyen,free,2023-04-20,Pune,6.5,0
u-1932,Riley Khan,starter,2023-05-30,Mumbai,6.8,0
u-1933,Vikram Garcia,free,2023-10-23,Bengaluru,8.6,1
u-1934,Rahul Carter,starter,2023-01-16,Mumbai,6.8,1
u-1935,Ananya Mehta,free,2022-09-05,Pune,10.0,0
u-1936,Sofia Garcia,starter,2022-06-08,London,9.7,0
u-1937,Jordan Shah,free,2021-09-19,Chennai,8.4,0
u-1938,Avery Shah,free,2022-06-09,Pune,8.7,0
u-1939,Casey Kim,free,2021-09-27,Berlin,10.0,0
u-1940,Alex Nguyen,enterprise,2021-10-08,Hyderabad,7.7,0
u-1941,Aisha Lee,starter,2022-01-26,San Francisco,6.0,0
u-1942,Casey Brown,starter,2023-04-02,Chennai,10.0,0
u-1943,Ananya Shah,pro,2023-12-26,Seattle,4.1,0
u-1944,Rahul Garcia,starter,2023-12-12,Chennai,10.0,0
u-1945,Avery Carter,starter,2022-01-05,Bengaluru,7.6,0
u-1946,Alex Iyer,starter,2022-01-13,Hyderabad,5.1,1
u-1947,Marcus Singh,free,2023-05-08,Chicago,9.5,0
u-1948,Priya Carter,starter,2022-05-07,Austin,4.6,1
u-1949,Rahul Sharma,free,2023-01-02,Hyderabad,9.7,0
u-1950,Rahul Garcia,pro,2023-12-04,Hyderabad,6.1,0
u-1951,Sofia Kim,starter,2022-07-12,Bengaluru,4.7,0
u-1952,Aisha Patel,free,2023-11-21,London,8.7,0
u-1953,Vikram Sharma,starter,2023-10-11,Berlin,7.3,0
u-1954,Ananya Singh,free,2022-12-14,Hyderabad,5.4,0
u-1955,Riley Garcia,starter,2023-12-03,London,8.3,0
u-1956,Alex Chen,pro,2023-04-10,Mumbai,4.7,0
u-1957,Quinn Chen,pro,2022-04-17,Austin,5.5,0
u-1958,Aisha Miles,pro,2022-09-01,Berlin,5.4,0
u-1959,Morgan Patel,starter,2023-12-15,Bengaluru,9.6,0
u-1960,Aisha Carter,starter,2023-07-26,Bengaluru,6.3,0
u-1961,Sam Sharma,free,2021-09-20,Seattle,4.7,0
u-1962,Rahul Sharma,starter,2021-10-20,London,5.6,1
u-1963,Rahul Nguyen,starter,2021-11-24,Hyderabad,3.3,0
u-1964,Vikram Brown,free,2022-11-13,Chicago,9.9,0
u-1965,Morgan Khan,free,2023-01-23,London,5.6,0
u-1966,Aisha Carter,free,2022-04-19,Mumbai,8.5,0
u-1967,Ananya Kim,free,2021-10-22,Bengaluru,8.2,0
u-1968,Morgan Garcia,free,2023-10-15,Berlin,4.2,0
u-1969,Quinn Miles,starter,2021-12-15,Ahmedabad,6.1,0
u-1970,Jordan Chen,starter,2022-08-14,Pune,3.7,0
u-1971,Rahul Ramirez,starter,2023-10-02,San Francisco,5.9,1
u-1972,Aisha Iyer,free,2022-01-10,London,10.0,0
u-1973,Ananya Kim,starter,2024-01-05,San Francisco,8.7,1
u-1974,Quinn Singh,pro,2024-01-12,Austin,6.9,0
u-1975,Jordan Singh,free,2023-03-19,Berlin,5.1,1
u-1976,Riley Iyer,free,2022-10-20,Seattle,8.1,0
u-1977,Marcus Shah,starter,2023-01-25,Pune,9.7,0
u-1978,Vikram Singh,free,2023-07-02,Bengaluru,3.5,0
u-1979,Aisha Shah,free,2022-07-10,Mumbai,9.6,0
u-1980,Priya Garcia,starter,2022-12-12,Mumbai,6.8,0
u-1981,Marcus Patel,free,2023-10-20,Chennai,8.3,0
u-1982,Avery Khan,pro,2022-02-22,Austin,9.0,0
u-1983,Emily Shah,pro,2023-05-09,Bengaluru,9.3,0
u-1984,Emily Nguyen,starter,2022-06-11,Hyderabad,9.8,1
u-1985,Jordan Ramirez,starter,2023-04-02,Pune,7.8,1
u-1986,Emily Nguyen,enterprise,2022-04-16,Pune,10.0,0
u-1987,Priya Miles,starter,2023-06-01,Chennai,6.7,0
u-1988,Sam Miles,enterprise,2023-08-01,Hyderabad,6.4,1
u-1989,Priya Mehta,pro,2023-11-29,Bengaluru,10.0,0
u-1990,Riley Iyer,free,2022-02-07,Bengaluru,6.5,0
u-1991,Casey Khan,free,2022-05-15,Ahmedabad,7.4,0
u-1992,Priya Shah,free,2022-08-16,Chicago,8.4,0
u-1993,Ananya Khan,pro,2022-08-22,Pune,7.2,0
u-1994,Quinn Singh,free,2023-12-03,Chennai,8.0,0
u-1995,Ananya Lee,starter,2023-02-08,Chennai,3.1,1
u-1996,Rahul Mehta,starter,2022-01-12,Chennai,5.0,0
u-1997,Avery Khan,pro,2023-05-26,Ahmedabad,6.6,0
u-1998,Rahul Mehta,pro,2023-12-15,Chicago,5.9,0
u-1999,Avery Singh,free,2022-02-01,Chicago,10.0,0
u-2000,Avery Brown,free,2024-01-07,Bengaluru,8.7,0
u-2001,Casey Garcia,starter,2022-06-12,Berlin,6.6,1
u-2002,Priya Miles,pro,2022-02-06,Austin,7.7,0
u-2003,Alex Mehta,pro,2022-04-24,Ahmedabad,6.0,0
u-2004,Emily Miles,starter,2024-01-21,Chicago,9.1,1
u-2005,Emily Singh,pro,2021-12-14,Mumbai,8.0,0
u-2006,Jordan Shah,starter,2023-11-17,Mumbai,8.8,1
u-2007,Sofia Singh,free,2022-01-22,London,5.1,0
u-2008,Emily Singh,pro,2024-01-18,Chennai,9.2,0
u-2009,Sofia Shah,starter,2022-12-01,Hyderabad,9.6,0
u-2010,Marcus Mehta,pro,2021-12-28,Pune,9.2,0
u-2011,Riley Lee,free,2023-06-18,Bengaluru,8.5,0
u-2012,Quinn Iyer,starter,2023-12-25,Seattle,7.8,0
u-2013,Rahul Garcia,free,2023-11-16,Chennai,5.5,1
u-2014,Rahul Brown,starter,2023-03-14,Mumbai,8.9,0
u-2015,Avery Miles,free,2023-03-25,Ahmedabad,10.0,0
u-2016,Sofia Nguyen,pro,2023-07-28,Chicago,7.8,0
u-2017,Alex Carter,free,2022-12-31,Chicago,6.6,0
u-2018,Sofia Chen,free,2023-04-10,London,6.5,0
u-2019,Marcus Brown,free,2022-09-06,Pune,7.1,0
u-2020,Sofia Miles,starter,2023-05-25,San Francisco,5.7,1
u-2021,Sofia Shah,starter,2023-05-04,Seattle,5.9,0
u-2022,Jordan Singh,starter,2021-12-21,Ahmedabad,6.5,0
u-2023,Alex Chen,starter,2022-03-21,Ahmedabad,6.9,1
u-2024,Avery Sharma,starter,2022-04-04,Chennai,8.9,0
u-2025,Quinn Chen,starter,2023-03-08,Chicago,7.7,0
u-2026,Jordan Miles,free,2021-12-24,London,4.6,0
u-2027,Sofia Nguyen,starter,2023-04-11,San Francisco,8.1,0
u-2028,Rahul Kim,pro,2022-05-16,Ahmedabad,6.3,0
u-2029,Morgan Ramirez,starter,2022-04-19,Bengaluru,5.8,0
u-2030,Priya Ramirez,enterprise,2023-04-20,Austin,6.8,1
u-2031,Morgan Singh,free,2022-08-15,London,6.9,0
u-2032,Vikram Lee,pro,2023-08-24,Austin,10.0,0
u-2033,Riley Nguyen,pro,2023-03-04,Pune,6.8,0
u-2034,Marcus Kim,starter,2022-10-29,London,10.0,0
u-2035,Sofia Lee,starter,2022-07-02,Seattle,6.2,0
u-2036,Riley Chen,free,2023-03-28,Chennai,8.4,0
u-2037,Aisha Shah,pro,2022-05-23,Ahmedabad,4.4,0
u-2038,Emily Iyer,starter,2022-07-22,Mumbai,6.6,0
u-2039,Jordan Lee,starter,2022-01-11,Pune,5.7,0
u-2040,Riley Chen,free,2023-12-30,Chicago,6.1,0
u-2041,Sofia Brown,free,2022-11-12,Chennai,8.5,0
u-2042,Emily Miles,pro,2022-05-22,Hyderabad,7.0,0
u-2043,Marcus Miles,free,2023-01-30,Chennai,6.6,1
u-2044,Priya Miles,free,2023-05-17,Ahmedabad,8.2,0
u-2045,Vikram Kim,free,2022-09-13,Berlin,3.7,0
u-2046,Quinn Iyer,starter,2022-12-26,San Francisco,6.7,1
u-2047,Emily Brown,pro,2023-01-24,Pune,7.1,0
u-2048,Casey Singh,enterprise,2021-10-03,London,9.9,0
u-2049,Marcus Khan,starter,2023-01-30,Mumbai,7.0,0
u-2050,Casey Carter,free,2023-07-29,Chennai,7.7,0
u-2051,Ananya Khan,free,2024-01-18,London,5.6,0
u-2052,Rahul Garcia,free,2023-10-22,Hyderabad,5.6,1
u-2053,Sam Ramirez,starter,2022-10-22,Pune,5.8,0
u-2054,Ananya Shah,enterprise,2023-08-03,Berlin,6.3,0
u-2055,Aisha Singh,free,2023-10-29,Bengaluru,7.4,0
u-2056,Morgan Miles,free,2023-04-02,Seattle,5.1,0
u-2057,Alex Miles,starter,2023-07-07,Ahmedabad,8.4,0
u-2058,Sam Kim,starter,2022-10-23,Ahmedabad,9.5,0
u-2059,Morgan Carter,starter,2023-12-15,Bengaluru,6.6,0
u-2060,Avery Shah,starter,2021-10-02,Hyderabad,6.7,1
u-2061,Marcus Carter,free,2021-12-01,Chicago,8.5,0
u-2062,Marcus Sharma,starter,2022-01-06,Mumbai,6.0,1
u-2063,Emily Iyer,free,2023-09-05,San Francisco,5.0,1
u-2064,Sam Ramirez,pro,2022-05-20,Chicago,7.2,1
u-2065,Jordan Iyer,free,2024-01-21,London,5.9,0
u-2066,Rahul Sharma,starter,2022-05-16,Chicago,8.7,0
u-2067,Avery Patel,enterprise,2022-03-09,Austin,6.5,0
u-2068,Aisha Ramirez,starter,2023-05-31,Berlin,8.8,0
u-2069,Aisha Nguyen,free,2022-12-25,San Francisco,7.6,0
u-2070,Avery Shah,enterprise,2021-11-16,Ahmedabad,6.3,0
u-2071,Casey Brown,free,2023-08-13,Chennai,7.8,0
u-2072,Sam Miles,pro,2022-10-20,Hyderabad,9.9,0
u-2073,Jordan Sharma,free,2023-05-13,Chennai,7.6,1
u-2074,Emily Miles,pro,2023-09-13,London,6.5,0
u-2075,Emily Miles,free,2022-06-18,Ahmedabad,6.0,1
u-2076,Sam Singh,free,2021-10-28,Berlin,8.7,0
u-2077,Marcus Kim,enterprise,2022-09-28,Pune,3.5,0
u-2078,Marcus Lee,starter,2022-11-18,Berlin,8.8,0
u-2079,Aisha Ramirez,free,2022-10-25,Hyderabad,6.7,0
u-2080,Marcus Iyer,free,2023-09-19,London,9.2,0
u-2081,Jordan Brown,free,2023-08-10,San Francisco,5.0,0
u-2082,Aisha Lee,free,2022-05-03,Chicago,6.6,0
u-2083,Riley Carter,starter,2022-09-10,Ahmedabad,6.4,0
u-2084,Casey Brown,starter,2023-07-13,Ahmedabad,6.6,0
u-2085,Ananya Nguyen,enterprise,2024-01-16,Hyderabad,5.9,0
u-2086,Rahul Patel,pro,2023-08-22,Chennai,5.2,1
u-2087,Casey Ramirez,enterprise,2022-11-19,San Francisco,5.3,0
u-2088,Rahul Miles,starter,2023-06-14,Hyderabad,7.3,0
u-2089,Aisha Singh,starter,2022-05-07,Pune,8.4,0
u-2090,Casey Kim,starter,2022-09-16,Ahmedabad,10.0,0
u-2091,Rahul Kim,free,2023-09-26,Mumbai,4.2,1
u-2092,Quinn Chen,free,2023-05-23,Austin,5.9,0
u-2093,Quinn Shah,pro,2024-01-01,Seattle,5.3,0
u-2094,Quinn Ramirez,starter,2023-12-28,Mumbai,7.0,1
u-2095,Quinn Brown,free,2022-04-18,Berlin,3.4,0
u-2096,Ananya Patel,starter,2023-03-01,Seattle,5.5,0
u-2097,Avery Chen,free,2021-12-26,Bengaluru,9.3,0
u-2098,Riley Carter,starter,2023-07-13,Austin,6.5,0
u-2099,Sam Garcia,free,2023-04-28,Berlin,9.5,0
u-2100,Rahul Singh,pro,2022-11-14,Ahmedabad,7.9,0
u-2101,Jordan Shah,starter,2023-06-02,Pune,6.8,0
u-2102,Vikram Iyer,starter,2022-12-29,Mumbai,7.4,0
u-2103,Priya Ramirez,pro,2023-10-18,Hyderabad,8.3,0
u-2104,Aisha Patel,pro,2023-11-26,San Francisco,7.7,1
u-2105,Jordan Singh,pro,2022-01-14,Chennai,6.7,0
u-2106,Casey Lee,starter,2023-07-03,San Francisco,6.7,0
u-2107,Priya Ramirez,free,2023-11-05,Mumbai,4.8,0
u-2108,Ananya Carter,starter,2023-06-02,Chicago,8.8,0
u-2109,Aisha Iyer,pro,2023-02-02,Chicago,7.2,0
u-2110,Marcus Kim,enterprise,2022-12-07,Austin,7.5,0
u-2111,Casey Iyer,starter,2022-04-06,Chicago,5.4,0
u-2112,Vikram Sharma,starter,2022-02-16,San Francisco,2.2,0
u-2113,Priya Garcia,free,2023-05-24,Seattle,5.6,0
u-2114,Vikram Khan,free,2023-07-26,Hyderabad,8.3,0
u-2115,Alex Sharma,free,2023-10-17,San Francisco,6.6,0
u-2116,Ananya Garcia,free,2023-09-17,Berlin,4.8,0
u-2117,Alex Chen,starter,2024-01-08,Mumbai,7.6,0
u-2118,Sam Singh,free,2024-02-01,Pune,8.2,0
u-2119,Sofia Miles,starter,2023-02-03,Austin,10.0,0
u-2120,Priya Shah,starter,2022-08-23,Berlin,7.8,1
u-2121,Marcus Chen,free,2022-02-19,Ahmedabad,6.1,1
u-2122,Sofia Garcia,starter,2023-04-24,Pune,9.3,0
u-2123,Aisha Miles,free,2023-05-26,Ahmedabad,7.8,0
u-2124,Jordan Chen,free,2022-06-28,Bengaluru,5.4,0
u-2125,Morgan Carter,enterprise,2022-07-28,Hyderabad,6.5,0
u-2126,Priya Patel,free,2022-06-11,London,7.8,0
u-2127,Ananya Mehta,free,2023-09-07,Chennai,4.4,0
u-2128,Vikram Kim,starter,2023-12-25,Chennai,7.3,0
u-2129,Alex Carter,free,2022-10-15,Austin,5.7,0
u-2130,Sofia Khan,free,2023-02-02,Hyderabad,7.4,0
u-2131,Sofia Chen,pro,2023-06-22,Bengaluru,7.6,0
u-2132,Sam Brown,starter,2021-10-12,Chennai,6.0,0
u-2133,Vikram Khan,starter,2023-09-16,Mumbai,7.7,0
u-2134,Ananya Shah,pro,2023-06-07,Bengaluru,9.5,0
u-2135,Casey Nguyen,free,2022-04-20,Hyderabad,9.9,0
u-2136,Ananya Chen,starter,2022-10-29,Pune,8.5,0
u-2137,Quinn Khan,free,2023-07-15,Pune,5.4,0
u-2138,Casey Garcia,free,2022-10-22,Pune,9.9,0
u-2139,Morgan Lee,enterprise,2023-02-02,Hyderabad,6.7,0
u-2140,Quinn Miles,pro,2023-06-20,Hyderabad,8.1,0
u-2141,Ananya Chen,free,2022-06-28,Austin,4.6,0
u-2142,Vikram Iyer,starter,2022-03-26,Austin,3.8,0
u-2143,Rahul Carter,free,2023-12-04,Berlin,3.8,1
u-2144,Alex Kim,starter,2024-01-29,Seattle,8.0,0
u-2145,Marcus Mehta,free,2021-12-08,San Francisco,5.9,0
u-2146,Quinn Nguyen,pro,2023-07-19,London,5.5,0
u-2147,Rahul Nguyen,free,2023-11-18,Berlin,7.8,1
u-2148,Morgan Khan,free,2022-09-04,Seattle,6.9,0
u-2149,Casey Iyer,enterprise,2023-04-27,Ahmedabad,6.8,0
u-2150,Sofia Carter,pro,2021-11-25,Seattle,7.1,0
u-2151,Rahul Nguyen,free,2021-10-19,Hyderabad,8.4,0
u-2152,Ananya Carter,starter,2024-01-24,Bengaluru,8.8,0
u-2153,Casey Nguyen,pro,2023-08-19,Seattle,6.3,0
u-2154,Ananya Mehta,starter,2022-08-28,Berlin,9.5,0
u-2155,Morgan Kim,starter,2023-04-15,Austin,8.1,0
u-2156,Vikram Khan,starter,2024-01-30,Bengaluru,7.1,0
u-2157,Priya Nguyen,enterprise,2022-12-26,Hyderabad,7.8,0
u-2158,Marcus Kim,starter,2022-08-09,Seattle,4.9,1
u-2159,Vikram Sharma,free,2021-09-23,Seattle,6.3,0
u-2160,Alex Khan,starter,2023-02-08,Berlin,8.4,1
u-2161,Emily Sharma,pro,2022-03-17,Berlin,6.7,1
u-2162,Ananya Brown,starter,2023-01-20,Mumbai,6.0,1
u-2163,Alex Singh,free,2022-06-27,London,3.7,0
u-2164,Ananya Mehta,starter,2021-10-13,Seattle,7.6,0
u-2165,Emily Shah,starter,2022-02-25,Seattle,6.7,0
u-2166,Alex Miles,enterprise,2022-06-18,Chicago,10.0,0
u-2167,Alex Shah,free,2022-02-12,London,5.0,0
u-2168,Marcus Shah,pro,2023-08-15,Pune,8.9,0
u-2169,Jordan Patel,starter,2022-03-11,Chennai,8.6,0
u-2170,Aisha Kim,free,2021-09-17,Hyderabad,8.3,0
u-2171,Quinn Kim,starter,2021-10-08,Seattle,8.4,0
u-2172,Sam Patel,free,2023-06-23,San Francisco,2.7,0
u-2173,Sam Miles,pro,2023-01-26,San Francisco,5.6,1
u-2174,Alex Lee,pro,2022-06-15,Berlin,4.4,0
u-2175,Riley Iyer,free,2023-11-29,Mumbai,6.3,0
u-2176,Casey Lee,starter,2022-06-20,Berlin,10.0,0
u-2177,Alex Carter,enterprise,2023-06-07,Chicago,7.1,0
u-2178,Vikram Nguyen,free,2022-01-23,Chennai,6.5,1
u-2179,Morgan Chen,pro,2022-08-16,San Francisco,3.7,0
u-2180,Vikram Shah,free,2023-02-19,Seattle,4.2,0
u-2181,Morgan Carter,free,2023-12-20,Chennai,8.7,0
u-2182,Marcus Singh,starter,2022-06-06,San Francisco,9.0,0
u-2183,Alex Chen,free,2022-10-23,Bengaluru,7.7,0
u-2184,Vikram Ramirez,pro,2022-08-06,Berlin,9.9,0
u-2185,Jordan Ramirez,starter,2024-01-17,London,7.0,1
u-2186,Vikram Khan,starter,2023-01-18,Chicago,7.4,0
u-2187,Morgan Shah,starter,2022-04-15,Chicago,6.5,0
u-2188,Emily Brown,starter,2021-11-27,Bengaluru,6.3,0
u-2189,Morgan Shah,pro,2023-04-02,Chennai,3.9,0
u-2190,Vikram Mehta,starter,2023-06-27,Berlin,8.0,0
u-2191,Ananya Carter,pro,2022-05-28,Bengaluru,7.8,1
u-2192,Casey Lee,starter,2023-07-21,London,5.4,1
u-2193,Casey Miles,free,2021-12-21,Seattle,4.5,0
u-2194,Emily Kim,starter,2022-08-02,Austin,10.0,0
u-2195,Marcus Miles,starter,2021-11-18,London,8.7,0
u-2196,Morgan Khan,free,2023-08-20,Chennai,9.3,0
u-2197,Priya Sharma,starter,2023-11-20,Ahmedabad,10.0,0
u-2198,Priya Mehta,free,2022-02-09,London,10.0,0
u-2199,Priya Nguyen,free,2023-05-26,Pune,6.2,0
u-2200,Priya Khan,pro,2023-04-12,Austin,3.6,1
u-2201,Vikram Brown,pro,2023-06-13,Austin,8.2,0
u-2202,Riley Patel,free,2023-01-31,Berlin,4.8,0
u-2203,Emily Chen,enterprise,2021-12-11,San Francisco,5.3,0
u-2204,Quinn Ramirez,enterprise,2022-06-18,Austin,9.6,0
u-2205,Sam Garcia,pro,2023-12-01,Chicago,6.5,0
u-2206,Ananya Mehta,free,2021-12-23,Seattle,6.7,0
u-2207,Riley Khan,free,2023-01-14,San Francisco,10.0,0
u-2208,Sofia Garcia,starter,2022-06-11,Berlin,5.6,1
u-2209,Morgan Kim,pro,2023-03-21,Hyderabad,8.2,0
u-2210,Aisha Brown,starter,2023-11-12,Berlin,7.3,0
u-2211,Emily Lee,starter,2023-02-01,Chicago,9.1,0
u-2212,Sam Shah,pro,2023-04-13,Pune,6.6,0
u-2213,Alex Brown,enterprise,2024-01-17,Seattle,8.2,0
u-2214,Sam Sharma,starter,2022-04-20,London,9.1,0
u-2215,Priya Iyer,pro,2022-01-13,London,5.2,1
u-2216,Rahul Brown,pro,2021-12-04,Chicago,9.5,0
u-2217,Marcus Nguyen,free,2023-07-04,Chicago,4.0,0
u-2218,Priya Nguyen,pro,2022-07-30,London,9.6,0
u-2219,Riley Mehta,free,2022-10-27,Bengaluru,7.7,0
u-2220,Emily Kim,free,2022-09-01,Mumbai,8.8,0
u-2221,Morgan Lee,enterprise,2022-03-09,Seattle,5.1,0
u-2222,Riley Brown,starter,2023-03-09,Berlin,8.5,1
u-2223,Casey Singh,starter,2023-06-07,Ahmedabad,10.0,0
u-2224,Morgan Lee,enterprise,2022-12-13,Chicago,7.4,0
u-2225,Alex Singh,free,2022-07-02,Bengaluru,8.3,0
u-2226,Emily Patel,free,2023-01-21,Ahmedabad,10.0,0
u-2227,Priya Chen,free,2023-05-13,London,10.0,0
u-2228,Priya Carter,starter,2023-12-15,Mumbai,8.2,0
u-2229,Ananya Khan,free,2022-09-21,London,6.0,0
u-2230,Sofia Khan,free,2024-01-13,Seattle,5.6,0
u-2231,Rahul Patel,pro,2022-12-19,Chennai,2.9,1
u-2232,Alex Chen,free,2022-08-13,Austin,7.6,1
u-2233,Priya Brown,starter,2022-12-27,San Francisco,10.0,0
u-2234,Avery Nguyen,free,2022-11-15,Pune,9.7,0
u-2235,Aisha Brown,starter,2023-06-05,Bengaluru,10.0,0
u-2236,Morgan Khan,starter,2023-07-03,London,3.9,1
u-2237,Marcus Carter,starter,2022-01-27,Chicago,7.8,0
u-2238,Aisha Mehta,free,2021-12-17,Chennai,9.5,0
u-2239,Aisha Iyer,free,2023-09-15,Seattle,4.7,1
u-2240,Priya Khan,free,2023-08-06,San Francisco,8.6,0
u-2241,Morgan Garcia,free,2023-03-28,Chicago,2.3,1
u-2242,Avery Iyer,starter,2022-06-02,Seattle,5.5,1
u-2243,Rahul Chen,free,2023-12-10,Hyderabad,8.2,0
u-2244,Marcus Carter,free,2022-03-18,Chicago,7.6,0
u-2245,Priya Nguyen,free,2024-01-26,San Francisco,4.1,0
u-2246,Priya Iyer,pro,2022-02-01,Seattle,5.8,0
u-2247,Quinn Miles,starter,2023-12-28,Mumbai,8.8,0
u-2248,Sam Singh,starter,2022-02-01,Ahmedabad,9.7,0
u-2249,Quinn Patel,starter,2021-11-02,San Francisco,6.1,0
u-2250,Jordan Lee,free,2022-03-13,Pune,8.3,0
u-2251,Marcus Singh,free,2021-09-28,Ahmedabad,6.8,1
u-2252,Casey Brown,free,2022-12-30,Austin,5.2,0
u-2253,Sofia Kim,starter,2022-07-23,Pune,10.0,0
u-2254,Jordan Brown,free,2022-08-08,Hyderabad,4.5,0
u-2255,Rahul Khan,free,2024-01-22,Bengaluru,7.6,0
u-2256,Sam Miles,pro,2022-01-16,Pune,4.2,0
u-2257,Ananya Carter,pro,2022-05-29,Chicago,8.3,0
u-2258,Aisha Khan,free,2023-02-01,Chennai,8.7,0
u-2259,Rahul Ramirez,pro,2023-07-30,Hyderabad,9.2,0
u-2260,Marcus Miles,free,2022-06-28,Chicago,10.0,0
u-2261,Sofia Sharma,free,2021-10-01,Pune,9.2,0
u-2262,Avery Iyer,free,2023-09-16,Seattle,2.2,0
u-2263,Morgan Sharma,enterprise,2021-11-23,San Francisco,7.6,0
u-2264,Casey Kim,free,2022-09-28,Ahmedabad,7.3,0
u-2265,Alex Ramirez,pro,2022-03-17,Hyderabad,7.1,0
u-2266,Quinn Ramirez,starter,2023-10-02,Berlin,10.0,0
u-2267,Emily Lee,starter,2023-11-03,Seattle,6.5,0
u-2268,Vikram Nguyen,free,2022-07-07,Chicago,6.2,0
u-2269,Riley Patel,free,2023-05-31,Austin,8.7,0
u-2270,Rahul Chen,pro,2023-03-11,Chicago,6.6,0
u-2271,Riley Garcia,free,2022-08-09,San Francisco,8.2,0
u-2272,Casey Singh,starter,2023-07-18,Mumbai,4.7,0
u-2273,Avery Khan,free,2023-04-10,Hyderabad,4.9,0
u-2274,Aisha Mehta,pro,2023-03-25,San Francisco,9.2,0
u-2275,Ananya Chen,starter,2023-04-01,Seattle,4.3,0
u-2276,Jordan Garcia,starter,2022-06-01,Hyderabad,8.5,0
u-2277,Emily Chen,starter,2023-09-22,San Francisco,9.7,0
u-2278,Aisha Ramirez,free,2021-12-04,Austin,4.3,0
u-2279,Emily Kim,free,2022-05-19,Chennai,4.5,1
u-2280,Sam Chen,free,2024-01-23,Pune,4.9,0
u-2281,Emily Brown,starter,2022-09-28,Austin,8.0,1
u-2282,Quinn Garcia,free,2023-09-08,Mumbai,10.0,0
u-2283,Avery Singh,free,2023-09-22,Bengaluru,10.0,0
u-2284,Sofia Miles,free,2022-05-29,Austin,5.4,1
u-2285,Morgan Singh,free,2023-06-30,Mumbai,7.5,0
u-2286,Morgan Chen,starter,2022-09-25,Mumbai,7.1,0
u-2287,Jordan Garcia,starter,2023-05-30,Seattle,6.9,1
u-2288,Alex Sharma,starter,2023-04-30,Ahmedabad,4.8,0
u-2289,Riley Lee,starter,2022-06-28,San Francisco,7.3,0
u-2290,Sam Carter,starter,2022-07-14,Seattle,9.0,0
u-2291,Sam Nguyen,starter,2024-01-14,San Francisco,5.1,0
u-2292,Rahul Khan,pro,2022-01-08,Hyderabad,5.6,0
u-2293,Marcus Kim,pro,2022-09-09,Pune,8.9,0
u-2294,Sofia Brown,pro,2023-06-22,Mumbai,9.8,0
u-2295,Morgan Singh,pro,2023-10-26,Seattle,10.0,0
u-2296,Aisha Miles,pro,2022-12-06,Mumbai,6.3,1
u-2297,Morgan Carter,starter,2022-06-06,San Francisco,7.5,0
u-2298,Vikram Kim,starter,2024-01-14,Hyderabad,6.2,1
u-2299,Avery Ramirez,pro,2023-05-25,Mumbai,5.7,0
u-2300,Casey Patel,free,2021-10-31,Chennai,8.6,0
u-2301,Rahul Garcia,free,2023-11-06,Austin,8.3,0
u-2302,Rahul Patel,pro,2022-03-06,Pune,10.0,0
u-2303,Morgan Garcia,starter,2023-07-09,Austin,5.2,1
u-2304,Priya Garcia,free,2022-11-19,Mumbai,7.0,0
u-2305,Casey Lee,starter,2022-04-08,Chicago,7.3,1
u-2306,Aisha Singh,free,2021-09-21,Chennai,7.8,0
u-2307,Ananya Singh,free,2022-08-25,Ahmedabad,6.7,0
u-2308,Sam Patel,starter,2023-07-25,Mumbai,6.4,0
u-2309,Vikram Patel,starter,2023-11-22,London,9.1,0
u-2310,Morgan Garcia,starter,2022-04-25,Berlin,3.1,0
u-2311,Marcus Chen,free,2022-09-16,Pune,5.4,0
u-2312,Rahul Singh,starter,2022-04-03,Bengaluru,7.2,0
u-2313,Priya Chen,free,2021-09-26,Seattle,5.2,0
u-2314,Jordan Chen,starter,2022-02-09,Mumbai,8.3,0
u-2315,Rahul Mehta,starter,2022-11-22,Austin,5.4,0
u-2316,Vikram Shah,free,2022-06-15,Hyderabad,6.8,0
u-2317,Marcus Sharma,pro,2022-08-07,Pune,8.4,0
u-2318,Sofia Carter,starter,2023-08-20,London,8.3,1
u-2319,Sofia Mehta,free,2023-05-09,Ahmedabad,8.5,0
u-2320,Sofia Iyer,free,2023-11-14,Austin,9.0,0
u-2321,Rahul Carter,free,2023-03-18,Seattle,9.2,0
u-2322,Alex Khan,free,2023-08-29,San Francisco,7.6,0
u-2323,Sam Lee,pro,2021-12-13,Mumbai,8.4,0
u-2324,Aisha Chen,starter,2022-01-16,Mumbai,7.7,0
u-2325,Vikram Nguyen,pro,2022-05-09,San Francisco,6.0,0
u-2326,Ananya Mehta,starter,2023-02-17,Berlin,4.3,0
u-2327,Jordan Lee,pro,2024-01-26,San Francisco,8.7,0
u-2328,Ananya Nguyen,pro,2022-10-14,San Francisco,10.0,0
u-2329,Rahul Shah,free,2024-01-11,Hyderabad,3.2,1
u-2330,Ananya Mehta,free,2024-01-10,Mumbai,10.0,0
u-2331,Vikram Carter,free,2023-09-20,Chicago,2.5,0
u-2332,Sam Miles,free,2022-12-01,Chennai,6.6,0
u-2333,Vikram Carter,starter,2022-04-21,Mumbai,5.6,0
u-2334,Sam Khan,free,2023-02-10,Chicago,9.0,0
u-2335,Alex Ramirez,pro,2022-03-29,Austin,5.9,1
u-2336,Aisha Sharma,free,2022-10-24,Pune,10.0,0
u-2337,Jordan Lee,pro,2021-12-16,Hyderabad,8.9,0
u-2338,Marcus Miles,free,2023-03-12,Austin,6.5,1
u-2339,Riley Mehta,free,2023-05-16,London,10.0,0
u-2340,Emily Patel,pro,2023-11-28,Austin,4.3,1
u-2341,Casey Kim,starter,2023-07-26,London,7.3,0
u-2342,Priya Kim,pro,2023-12-25,Seattle,3.8,0
u-2343,Avery Kim,pro,2023-09-03,Chicago,8.7,0
u-2344,Jordan Mehta,free,2021-10-28,San Francisco,8.0,0
u-2345,Ananya Lee,free,2022-10-16,Pune,3.8,0
u-2346,Rahul Mehta,free,2022-08-25,London,9.0,0
u-2347,Avery Brown,free,2023-03-04,Mumbai,3.9,0
u-2348,Quinn Shah,enterprise,2022-07-22,San Francisco,7.1,0
u-2349,Morgan Miles,pro,2022-09-30,Hyderabad,8.5,0
u-2350,Avery Mehta,free,2021-11-27,Austin,6.2,0
u-2351,Casey Brown,starter,2022-03-11,Pune,10.0,0
u-2352,Emily Mehta,pro,2022-10-10,San Francisco,9.0,0
u-2353,Morgan Brown,free,2022-03-23,Hyderabad,10.0,0
u-2354,Marcus Chen,free,2022-08-15,Mumbai,4.5,1
u-2355,Emily Iyer,pro,2021-09-19,Berlin,9.7,0
u-2356,Avery Carter,pro,2022-11-03,Chennai,9.6,0
u-2357,Aisha Singh,free,2022-01-22,Chicago,7.6,0
u-2358,Quinn Lee,starter,2023-09-01,Chennai,7.9,0
u-2359,Avery Miles,free,2023-09-08,Austin,6.8,0
u-2360,Vikram Iyer,starter,2023-05-06,Chennai,9.9,0
u-2361,Jordan Sharma,starter,2022-02-15,London,8.4,0
u-2362,Casey Sharma,free,2021-12-24,Berlin,8.0,0
u-2363,Marcus Mehta,pro,2023-02-18,Pune,7.3,0
u-2364,Morgan Miles,starter,2023-01-11,Pune,4.0,1
u-2365,Sam Khan,pro,2022-12-03,Berlin,2.3,0
u-2366,Avery Sharma,starter,2023-08-08,Ahmedabad,9.3,1
u-2367,Morgan Chen,starter,2022-10-22,Pune,8.9,0
u-2368,Alex Garcia,free,2022-02-11,London,4.8,0
u-2369,Riley Mehta,free,2022-04-19,Berlin,6.2,0
u-2370,Marcus Nguyen,pro,2023-11-18,Austin,6.3,0
u-2371,Ananya Patel,starter,2023-03-31,Austin,4.7,0
u-2372,Marcus Khan,free,2022-07-25,Ahmedabad,6.9,1
u-2373,Quinn Miles,enterprise,2022-09-03,Hyderabad,8.6,0
u-2374,Avery Nguyen,pro,2022-06-02,Bengaluru,4.4,1
u-2375,Vikram Chen,free,2022-04-22,Chicago,4.5,1
u-2376,Priya Iyer,free,2023-05-13,San Francisco,5.4,1
u-2377,Sofia Lee,starter,2022-12-20,Hyderabad,7.8,0
u-2378,Avery Patel,free,2023-09-09,Hyderabad,4.2,0
u-2379,Quinn Chen,enterprise,2022-05-19,Mumbai,4.3,0
u-2380,Sofia Iyer,starter,2023-01-07,Austin,7.8,0
u-2381,Marcus Singh,free,2023-04-04,Pune,6.2,0
u-2382,Aisha Lee,starter,2022-04-16,Chennai,10.0,0
u-2383,Vikram Carter,free,2021-11-08,Hyderabad,6.2,0
u-2384,Sam Chen,starter,2021-12-22,Seattle,7.1,0
u-2385,Aisha Miles,free,2023-10-07,Hyderabad,4.5,1
u-2386,Vikram Mehta,pro,2022-02-22,Bengaluru,8.1,0
u-2387,Emily Nguyen,pro,2022-09-26,San Francisco,6.9,0
u-2388,Sam Kim,pro,2023-10-29,Chennai,7.0,0
u-2389,Emily Mehta,free,2023-03-01,San Francisco,5.1,1
u-2390,Aisha Lee,free,2023-07-23,San Francisco,5.7,0
u-2391,Marcus Sharma,pro,2023-06-22,Chicago,4.9,1
u-2392,Sam Brown,free,2022-08-14,Pune,5.4,0
u-2393,Alex Lee,free,2023-02-15,Ahmedabad,6.8,0
u-2394,Riley Brown,enterprise,2022-05-25,Ahmedabad,8.1,0
u-2395,Ananya Sharma,pro,2022-03-02,Bengaluru,6.1,0
u-2396,Ananya Patel,pro,2024-01-25,Berlin,10.0,0
u-2397,Vikram Carter,starter,2022-02-14,Mumbai,8.3,1
u-2398,Avery Carter,starter,2023-09-30,Seattle,5.2,0
u-2399,Avery Patel,starter,2024-01-27,Hyderabad,6.7,0
u-2400,Alex Garcia,starter,2023-11-12,Berlin,3.6,1
u-2401,Sofia Iyer,free,2023-12-19,San Francisco,8.4,0
u-2402,Casey Mehta,pro,2023-04-11,Berlin,7.6,0
u-2403,Quinn Chen,free,2022-02-01,Chicago,9.5,0
u-2404,Ananya Nguyen,starter,2022-06-19,Mumbai,6.1,0
u-2405,Ananya Khan,pro,2023-01-13,Pune,5.4,0
u-2406,Jordan Sharma,pro,2021-11-03,Berlin,7.0,1
u-2407,Jordan Garcia,free,2022-12-05,Austin,7.6,1
u-2408,Riley Lee,starter,2023-11-16,Ahmedabad,5.2,1
u-2409,Marcus Lee,starter,2024-01-15,Bengaluru,1.7,0
u-2410,Morgan Singh,free,2022-11-18,London,8.1,0
u-2411,Quinn Miles,free,2023-07-21,Pune,9.4,0
u-2412,Avery Mehta,starter,2023-03-14,Bengaluru,3.5,1
u-2413,Sam Shah,pro,2023-05-08,Hyderabad,9.0,0
u-2414,Ananya Shah,enterprise,2023-02-20,Ahmedabad,8.9,0
u-2415,Casey Iyer,free,2021-10-17,Berlin,3.4,0
u-2416,Casey Nguyen,free,2023-12-04,Austin,5.1,0
u-2417,Avery Chen,free,2023-10-30,San Francisco,7.8,0
u-2418,Morgan Khan,enterprise,2023-05-27,Chicago,2.9,0
u-2419,Sam Brown,pro,2022-04-26,London,10.0,0
u-2420,Jordan Mehta,enterprise,2023-06-27,Austin,8.4,0
u-2421,Avery Patel,starter,2023-06-30,Bengaluru,5.0,0
u-2422,Priya Miles,free,2022-05-18,Ahmedabad,2.8,1
u-2423,Aisha Shah,starter,2022-08-27,Pune,5.7,1
u-2424,Sam Garcia,free,2022-07-23,London,6.7,0
u-2425,Vikram Mehta,free,2022-07-08,Seattle,10.0,0
u-2426,Priya Ramirez,free,2022-07-28,San Francisco,9.0,0
u-2427,Jordan Khan,free,2022-10-06,Mumbai,10.0,0
u-2428,Rahul Lee,free,2022-11-07,Mumbai,6.4,0
u-2429,Morgan Khan,enterprise,2022-04-05,Pune,10.0,0
u-2430,Marcus Kim,pro,2023-04-10,Bengaluru,5.3,0
u-2431,Jordan Nguyen,pro,2023-04-27,Seattle,6.4,1
u-2432,Rahul Nguyen,free,2023-07-04,Austin,5.8,0
u-2433,Sofia Kim,pro,2022-02-09,Ahmedabad,7.6,0
u-2434,Alex Ramirez,starter,2024-01-23,Berlin,3.7,0
u-2435,Emily Iyer,free,2023-08-03,Austin,8.0,0
u-2436,Avery Singh,free,2023-09-26,Chicago,5.0,1
u-2437,Morgan Brown,free,2023-03-13,San Francisco,6.3,0
u-2438,Riley Singh,pro,2023-07-25,Ahmedabad,9.7,0
u-2439,Casey Nguyen,pro,2022-11-19,Ahmedabad,7.6,0
u-2440,Quinn Khan,free,2021-10-06,Ahmedabad,7.6,0
u-2441,Marcus Singh,starter,2023-01-26,Berlin,4.9,0
u-2442,Alex Miles,free,2021-10-10,Chennai,4.5,1
u-2443,Sam Lee,free,2023-05-09,Berlin,5.7,1
u-2444,Priya Khan,starter,2022-04-05,Mumbai,4.4,0
u-2445,Quinn Carter,pro,2023-10-04,Pune,10.0,0
u-2446,Ananya Lee,pro,2022-08-20,Seattle,2.0,0
u-2447,Alex Garcia,free,2022-04-19,Chicago,6.9,0
u-2448,Casey Garcia,starter,2022-06-30,Pune,3.5,1
u-2449,Aisha Patel,free,2021-11-08,Ahmedabad,5.0,0
u-2450,Jordan Nguyen,free,2022-08-28,Ahmedabad,5.6,1
u-2451,Casey Singh,free,2022-09-09,Austin,8.5,0
u-2452,Rahul Khan,free,2022-07-19,London,8.2,0
u-2453,Emily Nguyen,free,2023-03-31,Ahmedabad,9.8,0
u-2454,Vikram Garcia,free,2023-07-26,Seattle,5.8,0
u-2455,Riley Brown,starter,2021-12-06,Berlin,6.4,0
u-2456,Jordan Sharma,free,2021-10-05,San Francisco,5.9,0
u-2457,Avery Khan,free,2021-11-13,Mumbai,9.2,0
u-2458,Casey Kim,enterprise,2022-04-14,San Francisco,8.6,0
u-2459,Jordan Patel,pro,2023-07-22,Berlin,8.2,0
u-2460,Vikram Patel,free,2023-07-13,Chennai,7.7,0
u-2461,Sofia Carter,free,2023-05-08,San Francisco,6.5,1
u-2462,Riley Garcia,free,2022-11-12,Chennai,3.9,0
u-2463,Avery Mehta,enterprise,2023-07-11,Chicago,5.1,1
u-2464,Alex Miles,free,2022-03-17,Austin,4.5,0
u-2465,Avery Nguyen,free,2023-11-20,San Francisco,3.7,0
u-2466,Vikram Chen,pro,2021-12-01,Chicago,5.5,0
u-2467,Aisha Iyer,pro,2023-01-04,Austin,9.3,0
u-2468,Quinn Patel,free,2023-03-05,Ahmedabad,9.3,0
u-2469,Jordan Miles,free,2023-01-06,Pune,8.6,0
u-2470,Quinn Ramirez,starter,2022-12-08,Pune,9.0,0
u-2471,Emily Brown,free,2022-10-10,Seattle,8.8,0
u-2472,Avery Kim,free,2023-05-08,Chennai,5.7,0
u-2473,Ananya Carter,pro,2023-05-13,Bengaluru,6.2,1
u-2474,Avery Iyer,pro,2023-03-11,Mumbai,8.9,0
u-2475,Priya Chen,starter,2023-09-19,Austin,5.3,0
u-2476,Priya Ramirez,starter,2023-07-18,London,8.1,0
u-2477,Aisha Singh,starter,2023-02-02,Chicago,8.4,0
u-2478,Riley Lee,free,2024-01-06,Berlin,7.3,1
u-2479,Vikram Miles,pro,2023-02-01,Seattle,3.1,0
u-2480,Avery Kim,free,2023-02-04,Chennai,10.0,0
u-2481,Rahul Kim,free,2024-01-30,Seattle,7.3,0
u-2482,Marcus Brown,free,2022-12-19,Seattle,7.1,0
u-2483,Avery Ramirez,pro,2022-07-06,San Francisco,9.0,0
u-2484,Avery Chen,starter,2022-03-25,Berlin,6.4,0
u-2485,Marcus Singh,starter,2023-03-02,London,8.1,0
u-2486,Ananya Mehta,starter,2022-11-04,Hyderabad,7.7,0
u-2487,Jordan Sharma,pro,2023-11-25,Hyderabad,7.1,0
u-2488,Emily Sharma,free,2023-04-24,Mumbai,7.6,0
u-2489,Avery Ramirez,free,2022-07-04,Ahmedabad,5.5,1
u-2490,Sam Khan,pro,2022-12-25,Seattle,4.2,0
u-2491,Jordan Khan,starter,2021-10-24,Pune,6.6,0
u-2492,Sofia Garcia,starter,2022-03-11,Bengaluru,8.9,0
u-2493,Casey Khan,free,2021-12-04,Seattle,2.7,0
u-2494,Marcus Khan,enterprise,2022-12-10,London,4.6,0
u-2495,Sofia Brown,starter,2023-11-27,Chicago,8.7,0
u-2496,Sam Shah,pro,2022-10-06,Hyderabad,7.4,0
u-2497,Marcus Sharma,pro,2021-11-01,Chennai,5.5,0
u-2498,Casey Brown,pro,2023-09-04,Ahmedabad,4.9,0
u-2499,Jordan Miles,free,2021-10-19,Hyderabad,6.1,0
u-2500,Sam Garcia,starter,2024-01-26,Ahmedabad,6.4,0
u-2501,Avery Lee,free,2022-08-16,Chennai,6.7,1
u-2502,Riley Brown,free,2021-11-15,Chicago,9.4,0
u-2503,Ananya Chen,free,2023-08-02,Bengaluru,5.8,0
u-2504,Jordan Patel,free,2023-06-13,Bengaluru,9.2,0
u-2505,Sam Singh,starter,2022-03-01,Mumbai,7.2,0
u-2506,Aisha Lee,starter,2023-04-05,Seattle,3.9,1
u-2507,Rahul Shah,free,2022-07-11,Hyderabad,8.0,0
u-2508,Alex Iyer,free,2023-10-25,Berlin,5.1,0
u-2509,Morgan Patel,free,2022-06-27,Austin,8.8,0
u-2510,Priya Nguyen,starter,2022-11-12,Seattle,5.3,1
u-2511,Marcus Brown,free,2022-11-23,Pune,9.2,0
u-2512,Quinn Garcia,pro,2022-05-01,Pune,9.9,0
u-2513,Morgan Patel,free,2023-01-08,Hyderabad,4.4,1
u-2514,Rahul Brown,starter,2022-06-15,Chicago,5.5,0
u-2515,Casey Singh,pro,2023-01-27,Chennai,6.0,0
u-2516,Vikram Carter,starter,2022-01-18,Chicago,4.1,0
u-2517,Emily Brown,starter,2022-10-06,Ahmedabad,8.7,0
u-2518,Quinn Sharma,pro,2023-05-28,San Francisco,6.9,0
u-2519,Ananya Sharma,free,2021-12-29,Mumbai,7.6,0
u-2520,Aisha Carter,free,2023-05-04,Seattle,10.0,0
u-2521,Morgan Mehta,enterprise,2021-11-04,Pune,8.3,0
u-2522,Aisha Chen,pro,2021-10-14,Hyderabad,7.2,0
u-2523,Sofia Miles,starter,2022-10-04,Mumbai,9.5,0
u-2524,Rahul Mehta,free,2022-12-31,Austin,1.7,1
u-2525,Priya Chen,free,2023-06-15,Bengaluru,7.3,0
u-2526,Aisha Kim,pro,2022-02-05,Chennai,10.0,0
u-2527,Quinn Shah,starter,2023-06-13,Mumbai,9.6,0
u-2528,Alex Brown,free,2022-08-18,Berlin,1.3,0
u-2529,Priya Garcia,free,2022-03-04,Ahmedabad,8.4,0
u-2530,Ananya Khan,pro,2023-08-28,Ahmedabad,6.1,0
u-2531,Casey Garcia,starter,2023-09-04,Mumbai,3.5,1
u-2532,Casey Ramirez,enterprise,2021-10-22,Chennai,5.8,0
u-2533,Priya Ramirez,starter,2021-09-25,London,10.0,0
u-2534,Sofia Ramirez,free,2023-04-25,San Francisco,8.3,0
u-2535,Emily Iyer,free,2023-07-14,Hyderabad,9.5,0
u-2536,Avery Carter,starter,2022-07-23,Chicago,8.9,0
u-2537,Aisha Singh,free,2022-09-12,Bengaluru,6.3,0
u-2538,Morgan Lee,free,2023-06-25,San Francisco,3.9,1
u-2539,Rahul Chen,free,2023-07-29,London,10.0,0
u-2540,Avery Kim,free,2022-09-19,London,8.4,0
u-2541,Morgan Shah,pro,2023-06-07,Ahmedabad,10.0,0
u-2542,Emily Shah,free,2022-10-19,San Francisco,8.5,0
u-2543,Sofia Khan,starter,2022-06-13,Seattle,5.7,0
u-2544,Ananya Nguyen,starter,2023-06-19,Austin,7.2,0
u-2545,Alex Patel,free,2022-09-22,Mumbai,8.7,0
u-2546,Priya Mehta,starter,2021-09-24,San Francisco,4.6,1
u-2547,Casey Sharma,pro,2022-10-22,Hyderabad,8.8,0
u-2548,Jordan Singh,starter,2023-10-02,Austin,7.6,0
u-2549,Emily Brown,starter,2022-05-03,Ahmedabad,4.0,0
u-2550,Aisha Lee,pro,2023-01-12,San Francisco,9.3,0
u-2551,Emily Shah,enterprise,2022-05-19,Mumbai,7.7,0
u-2552,Riley Shah,pro,2024-01-05,Ahmedabad,7.8,0
u-2553,Vikram Ramirez,starter,2022-05-23,Berlin,8.0,0
u-2554,Riley Kim,starter,2022-06-18,Chicago,4.3,0
u-2555,Ananya Sharma,starter,2024-01-29,Ahmedabad,8.2,0
u-2556,Emily Brown,free,2022-12-26,Hyderabad,7.0,0
u-2557,Alex Kim,starter,2022-12-20,London,4.9,0
u-2558,Quinn Mehta,pro,2022-10-02,Chicago,5.3,0
u-2559,Rahul Singh,free,2022-08-14,San Francisco,6.0,0
u-2560,Rahul Lee,pro,2022-06-04,Bengaluru,7.0,0
u-2561,Avery Singh,enterprise,2021-11-29,San Francisco,6.6,0
u-2562,Jordan Brown,free,2022-04-08,Chennai,7.8,1
u-2563,Casey Ramirez,free,2023-05-07,Austin,4.1,1
u-2564,Jordan Iyer,enterprise,2021-10-14,Hyderabad,8.2,0
u-2565,Marcus Kim,free,2022-12-12,Ahmedabad,4.1,0
u-2566,Jordan Mehta,pro,2022-01-11,Chennai,10.0,0
u-2567,Rahul Iyer,free,2022-12-06,Austin,6.3,0
u-2568,Vikram Patel,free,2023-04-26,London,8.6,0
u-2569,Riley Nguyen,free,2022-05-14,London,6.9,0
u-2570,Priya Lee,free,2022-05-10,Bengaluru,7.6,0
u-2571,Rahul Garcia,pro,2023-10-20,Pune,8.4,0
u-2572,Emily Brown,free,2023-11-27,Chicago,4.6,1
u-2573,Emily Kim,free,2022-04-13,Pune,7.6,0
u-2574,Marcus Khan,starter,2023-10-06,Chicago,7.3,0
u-2575,Priya Shah,enterprise,2022-12-29,San Francisco,9.8,0
u-2576,Sam Kim,free,2022-12-29,Ahmedabad,6.2,0
u-2577,Sam Miles,pro,2023-01-15,Pune,9.0,0
u-2578,Emily Miles,free,2022-12-29,Berlin,5.2,0
u-2579,Riley Kim,pro,2021-10-27,Bengaluru,9.8,0
u-2580,Quinn Ramirez,pro,2022-11-18,Mumbai,2.7,0
u-2581,Marcus Shah,pro,2022-01-08,Ahmedabad,8.0,0
u-2582,Marcus Shah,starter,2022-12-15,Bengaluru,7.8,1
u-2583,Casey Iyer,enterprise,2022-12-18,Chicago,5.8,0
u-2584,Priya Chen,free,2022-07-24,Chicago,4.2,0
u-2585,Aisha Patel,pro,2023-07-13,London,4.0,0
u-2586,Emily Kim,pro,2021-10-24,San Francisco,6.0,0
u-2587,Riley Iyer,free,2021-11-13,Hyderabad,7.3,0
u-2588,Morgan Brown,enterprise,2023-09-04,Ahmedabad,6.6,0
u-2589,Vikram Carter,pro,2023-09-27,Bengaluru,6.8,0
u-2590,Rahul Ramirez,pro,2023-03-28,Ahmedabad,8.2,0
u-2591,Marcus Chen,free,2023-08-20,Bengaluru,8.3,0
u-2592,Morgan Lee,pro,2023-11-29,Chicago,6.5,0
u-2593,Emily Sharma,free,2022-02-28,Pune,9.2,1
u-2594,Riley Kim,enterprise,2023-08-12,Seattle,6.8,0
u-2595,Priya Miles,free,2023-03-18,London,10.0,0
u-2596,Morgan Chen,starter,2021-09-26,Mumbai,5.8,0
u-2597,Priya Garcia,free,2023-02-19,Pune,9.1,0
u-2598,Ananya Shah,pro,2023-12-29,London,7.1,0
u-2599,Ananya Lee,free,2023-07-05,Chennai,9.3,0
u-2600,Priya Miles,pro,2023-07-31,Mumbai,4.4,0
u-2601,Aisha Chen,pro,2022-10-06,London,4.7,1
u-2602,Ananya Kim,free,2023-01-26,Chennai,5.9,0
u-2603,Jordan Garcia,pro,2023-11-27,Chennai,6.6,0
u-2604,Sam Garcia,starter,2023-05-23,Chicago,6.1,1
u-2605,Alex Shah,starter,2022-12-21,Austin,6.9,0
u-2606,Morgan Chen,free,2022-10-15,Bengaluru,5.1,0
u-2607,Avery Carter,free,2023-02-03,Chennai,8.1,0
u-2608,Ananya Sharma,free,2021-09-23,Ahmedabad,5.7,0
u-2609,Sam Khan,starter,2022-12-01,Berlin,6.2,0
u-2610,Aisha Patel,starter,2022-05-30,Pune,8.3,0
u-2611,Emily Sharma,starter,2022-09-22,Pune,5.0,0
u-2612,Morgan Garcia,enterprise,2023-02-13,Berlin,6.5,0
u-2613,Quinn Lee,free,2024-01-08,Austin,4.1,1
u-2614,Riley Mehta,pro,2022-06-17,San Francisco,4.7,0
u-2615,Avery Mehta,pro,2022-01-15,Mumbai,6.9,0
u-2616,Alex Kim,pro,2022-01-04,Austin,5.0,0
u-2617,Aisha Carter,starter,2022-03-13,Ahmedabad,5.5,0
u-2618,Vikram Mehta,free,2023-07-17,Ahmedabad,9.8,0
u-2619,Sam Nguyen,pro,2023-01-05,Hyderabad,7.6,0
u-2620,Vikram Mehta,pro,2022-05-19,London,9.6,0
u-2621,Priya Miles,pro,2022-05-06,Chennai,9.6,0
u-2622,Jordan Shah,free,2022-08-16,Austin,9.0,0
u-2623,Sam Shah,starter,2023-12-21,Hyderabad,7.6,0
u-2624,Marcus Nguyen,starter,2022-05-04,Pune,7.3,0
u-2625,Morgan Sharma,starter,2022-09-27,San Francisco,10.0,0
u-2626,Avery Garcia,pro,2023-11-20,San Francisco,5.8,0
u-2627,Sofia Garcia,free,2022-10-21,Austin,9.2,0
u-2628,Marcus Kim,free,2022-05-05,Chennai,7.6,0
u-2629,Emily Singh,free,2021-11-10,Hyderabad,5.1,0
u-2630,Marcus Mehta,free,2022-03-18,Austin,4.8,0
u-2631,Aisha Khan,free,2023-06-19,Austin,1.2,1
u-2632,Avery Mehta,free,2022-06-14,San Francisco,4.3,0
u-2633,Alex Shah,free,2022-06-24,Berlin,8.2,0
u-2634,Ananya Sharma,starter,2023-08-14,San Francisco,10.0,1
u-2635,Sam Sharma,pro,2022-02-09,Chennai,7.6,1
u-2636,Ananya Mehta,free,2023-09-14,London,5.6,0
u-2637,Sam Khan,free,2022-04-20,Chennai,6.7,0
u-2638,Morgan Nguyen,pro,2022-04-30,Ahmedabad,5.9,0
u-2639,Rahul Miles,free,2021-10-18,San Francisco,9.2,0
u-2640,Vikram Chen,free,2022-07-18,Bengaluru,6.6,0
u-2641,Aisha Iyer,starter,2023-12-01,Chennai,7.0,0
u-2642,Sam Lee,enterprise,2021-09-29,Chicago,2.0,0
u-2643,Avery Nguyen,free,2023-03-05,Mumbai,9.2,0
u-2644,Aisha Iyer,enterprise,2023-01-02,San Francisco,6.9,0
u-2645,Sam Patel,free,2022-01-08,Bengaluru,7.6,1
u-2646,Emily Singh,free,2023-07-17,Mumbai,7.0,1
u-2647,Jordan Sharma,free,2022-07-05,Berlin,7.4,0
u-2648,Aisha Iyer,pro,2022-04-03,Bengaluru,5.1,0
u-2649,Priya Iyer,starter,2022-10-29,Chennai,7.5,0
u-2650,Quinn Shah,starter,2022-04-21,Chicago,5.5,0
u-2651,Rahul Mehta,enterprise,2022-05-22,Chicago,7.6,0
u-2652,Vikram Sharma,starter,2022-11-04,London,9.4,0
u-2653,Avery Miles,free,2023-11-14,Austin,8.0,0
u-2654,Jordan Singh,pro,2022-04-23,Austin,8.9,0
u-2655,Sam Carter,free,2022-03-16,Seattle,10.0,0
u-2656,Emily Kim,starter,2023-05-07,Pune,7.7,0
u-2657,Sofia Ramirez,pro,2022-02-19,Pune,5.5,1
u-2658,Vikram Lee,starter,2023-07-29,Chennai,5.1,0
u-2659,Morgan Patel,free,2023-09-06,Hyderabad,7.5,0
u-2660,Sofia Khan,starter,2023-10-15,Berlin,7.1,0
u-2661,Morgan Khan,free,2022-10-09,London,5.0,0
u-2662,Ananya Kim,free,2023-05-25,Chicago,10.0,0
u-2663,Avery Singh,starter,2022-06-07,Ahmedabad,9.1,0
u-2664,Morgan Mehta,free,2022-07-12,Hyderabad,5.9,0
u-2665,Alex Kim,free,2023-01-26,Chicago,6.5,0
u-2666,Sofia Sharma,starter,2023-06-22,London,5.1,0
u-2667,Marcus Ramirez,starter,2021-11-27,Bengaluru,8.4,0
u-2668,Avery Mehta,free,2021-12-25,San Francisco,8.3,0
u-2669,Morgan Kim,enterprise,2023-04-06,Berlin,9.9,0
u-2670,Sam Shah,free,2023-06-29,San Francisco,6.1,0
u-2671,Emily Lee,free,2022-03-04,Ahmedabad,10.0,0
u-2672,Sam Shah,pro,2022-06-16,Pune,9.4,0
u-2673,Ananya Khan,free,2022-12-31,Seattle,1.9,0
u-2674,Avery Garcia,pro,2022-10-31,Pune,6.7,0
u-2675,Avery Chen,starter,2022-05-12,Chicago,10.0,0
u-2676,Marcus Shah,starter,2023-08-01,San Francisco,7.3,0
u-2677,Aisha Lee,free,2021-09-17,Austin,4.4,0
u-2678,Sam Carter,free,2022-10-06,Ahmedabad,4.1,0
u-2679,Emily Khan,pro,2023-10-14,San Francisco,8.2,0
u-2680,Priya Brown,free,2021-10-24,Ahmedabad,3.9,0
u-2681,Emily Carter,pro,2021-09-17,Chicago,10.0,0
u-2682,Ananya Sharma,pro,2021-11-02,Berlin,10.0,0
u-2683,Aisha Khan,pro,2022-06-04,Austin,4.7,0
u-2684,Aisha Mehta,free,2023-05-24,San Francisco,6.9,1
u-2685,Priya Ramirez,pro,2022-10-28,Bengaluru,2.1,1
u-2686,Riley Nguyen,pro,2022-10-23,Chennai,9.6,0
u-2687,Alex Carter,free,2022-11-16,Seattle,5.2,1
u-2688,Avery Patel,pro,2023-09-23,Chennai,8.4,0
u-2689,Marcus Garcia,free,2023-05-07,Pune,8.3,0
u-2690,Riley Chen,enterprise,2022-12-20,Seattle,5.8,0
u-2691,Rahul Singh,free,2022-10-30,Mumbai,7.5,1
u-2692,Rahul Singh,free,2023-04-28,Pune,2.4,0
u-2693,Marcus Singh,starter,2022-05-07,Bengaluru,5.9,0
u-2694,Marcus Nguyen,free,2021-11-15,London,6.1,0
u-2695,Alex Brown,free,2022-12-22,Mumbai,3.7,0
u-2696,Riley Nguyen,free,2022-07-31,Pune,4.7,1
u-2697,Jordan Ramirez,pro,2023-08-18,Bengaluru,4.7,1
u-2698,Rahul Chen,free,2023-08-25,Berlin,7.9,0
u-2699,Aisha Singh,starter,2023-11-30,Austin,8.3,0
u-2700,Riley Sharma,starter,2021-09-21,London,3.5,0
u-2701,Riley Sharma,starter,2023-05-15,Austin,9.9,0
u-2702,Morgan Iyer,free,2022-06-08,Bengaluru,8.4,1
u-2703,Avery Lee,free,2022-08-08,London,6.4,0
u-2704,Aisha Kim,enterprise,2023-10-07,Bengaluru,1.0,1
u-2705,Ananya Brown,pro,2023-09-10,Ahmedabad,7.4,0
u-2706,Casey Garcia,enterprise,2022-03-08,Chicago,3.4,1
u-2707,Priya Chen,pro,2022-03-11,Berlin,7.9,0
u-2708,Ananya Lee,pro,2022-10-04,San Francisco,8.3,0
u-2709,Avery Iyer,enterprise,2023-04-08,Berlin,6.1,0
u-2710,Aisha Carter,starter,2023-02-18,Chennai,6.4,0
u-2711,Quinn Lee,pro,2022-03-15,Pune,6.4,1
u-2712,Alex Iyer,free,2023-08-15,Hyderabad,7.6,0
u-2713,Casey Chen,free,2023-11-17,Pune,5.3,0
u-2714,Priya Carter,starter,2023-06-05,London,7.8,0
u-2715,Sofia Carter,starter,2023-08-20,Seattle,6.6,1
u-2716,Casey Brown,starter,2023-09-09,San Francisco,8.3,0
u-2717,Jordan Iyer,starter,2022-12-25,Ahmedabad,1.7,0
u-2718,Marcus Nguyen,starter,2022-03-05,San Francisco,5.3,1
u-2719,Avery Singh,pro,2022-06-10,Berlin,8.3,0
u-2720,Ananya Mehta,free,2023-06-09,Berlin,7.0,0
u-2721,Morgan Garcia,free,2023-01-28,Austin,4.4,0
u-2722,Quinn Singh,pro,2022-12-20,Ahmedabad,7.9,0
u-2723,Jordan Brown,starter,2023-02-28,Austin,8.0,0
u-2724,Emily Iyer,pro,2021-10-12,Chicago,4.0,0
u-2725,Sam Miles,free,2021-10-28,San Francisco,9.1,0
u-2726,Riley Iyer,free,2021-09-19,London,8.9,0
u-2727,Rahul Carter,enterprise,2023-02-02,Austin,6.3,0
u-2728,Marcus Kim,free,2022-03-15,Berlin,10.0,1
u-2729,Marcus Iyer,starter,2022-05-02,San Francisco,6.3,0
u-2730,Avery Patel,free,2022-03-08,Ahmedabad,8.1,0
u-2731,Rahul Nguyen,starter,2023-09-14,Ahmedabad,7.2,1
u-2732,Morgan Carter,pro,2021-11-01,Ahmedabad,5.4,0
u-2733,Sofia Chen,starter,2021-11-07,Austin,6.0,1
u-2734,Casey Lee,free,2022-03-10,Austin,5.3,0
u-2735,Rahul Brown,pro,2022-09-21,Bengaluru,7.0,0
u-2736,Aisha Mehta,free,2023-01-05,London,6.0,0
u-2737,Emily Nguyen,free,2023-07-01,Chennai,10.0,0
u-2738,Sam Carter,starter,2023-12-11,London,6.3,0
u-2739,Emily Iyer,starter,2021-10-18,Seattle,7.8,1
u-2740,Quinn Patel,starter,2023-08-04,Chennai,5.3,0
u-2741,Riley Lee,free,2023-04-10,Pune,10.0,0
u-2742,Sam Mehta,free,2023-01-11,Chennai,8.5,0
u-2743,Ananya Nguyen,free,2022-06-23,London,8.9,0
u-2744,Aisha Mehta,pro,2023-06-16,Chennai,8.4,0
u-2745,Aisha Kim,free,2023-07-29,London,3.9,0
u-2746,Sofia Ramirez,enterprise,2023-04-21,San Francisco,6.1,0
u-2747,Vikram Brown,free,2023-04-20,Mumbai,6.4,0
u-2748,Avery Ramirez,free,2023-12-12,Austin,5.5,0
u-2749,Sofia Kim,pro,2023-02-26,Austin,7.9,0
u-2750,Casey Ramirez,free,2022-10-09,Chennai,4.7,1
u-2751,Rahul Lee,starter,2023-01-08,Seattle,7.1,0
u-2752,Ananya Shah,pro,2023-04-02,Seattle,9.6,1
u-2753,Avery Ramirez,pro,2021-11-25,San Francisco,7.1,0
u-2754,Riley Carter,starter,2023-06-21,San Francisco,7.0,0
u-2755,Quinn Khan,pro,2022-01-29,Ahmedabad,4.6,0
u-2756,Marcus Patel,free,2022-08-19,London,8.5,0
u-2757,Riley Khan,pro,2022-07-14,Bengaluru,6.3,0
u-2758,Quinn Iyer,free,2023-06-06,Bengaluru,8.2,0
u-2759,Quinn Patel,free,2021-10-14,Ahmedabad,9.0,0
u-2760,Vikram Carter,starter,2022-12-14,Berlin,10.0,1
u-2761,Rahul Chen,free,2022-11-17,San Francisco,9.8,0
u-2762,Riley Iyer,pro,2023-07-02,San Francisco,7.5,0
u-2763,Alex Nguyen,free,2022-12-12,Chicago,7.2,0
u-2764,Vikram Lee,free,2022-06-19,Berlin,10.0,0
u-2765,Priya Garcia,starter,2021-11-08,Seattle,9.8,0
u-2766,Jordan Chen,starter,2022-01-19,Austin,5.8,0
u-2767,Casey Khan,enterprise,2023-09-18,Ahmedabad,7.0,0
u-2768,Sofia Nguyen,free,2023-11-22,Pune,3.6,0
u-2769,Emily Chen,free,2021-10-26,Bengaluru,9.4,0
u-2770,Quinn Iyer,free,2022-02-18,Chennai,6.9,0
u-2771,Alex Lee,starter,2023-09-23,Hyderabad,8.4,0
u-2772,Aisha Carter,free,2022-01-22,San Francisco,7.1,1
u-2773,Sofia Garcia,pro,2022-04-10,Mumbai,9.2,0
u-2774,Sam Garcia,free,2021-10-15,Chicago,8.3,1
u-2775,Sam Khan,enterprise,2023-09-15,Austin,8.5,0
u-2776,Aisha Mehta,starter,2022-02-11,Chennai,8.4,0
u-2777,Vikram Shah,starter,2023-03-21,Chicago,8.5,0
u-2778,Ananya Patel,free,2022-10-09,San Francisco,10.0,0
u-2779,Vikram Khan,free,2023-06-21,Hyderabad,8.8,0
u-2780,Priya Shah,free,2023-12-02,London,8.3,0
u-2781,Ananya Patel,starter,2022-06-05,Bengaluru,8.6,0
u-2782,Marcus Shah,starter,2023-11-29,Hyderabad,7.1,0
u-2783,Riley Nguyen,free,2022-12-24,San Francisco,2.5,0
u-2784,Jordan Carter,free,2023-08-14,Hyderabad,5.5,0
u-2785,Sam Brown,enterprise,2021-11-23,Chennai,7.2,0
u-2786,Ananya Miles,free,2023-01-09,Ahmedabad,6.0,1
u-2787,Avery Lee,free,2023-08-24,San Francisco,6.0,0
u-2788,Alex Chen,free,2021-10-23,Seattle,5.7,0
u-2789,Jordan Carter,free,2022-06-13,Chennai,3.4,0
u-2790,Avery Sharma,starter,2023-09-02,San Francisco,6.5,0
u-2791,Marcus Kim,starter,2023-03-30,Ahmedabad,8.6,0
u-2792,Ananya Khan,starter,2022-10-21,Chennai,3.2,1
u-2793,Jordan Iyer,starter,2022-03-27,Pune,10.0,0
u-2794,Emily Singh,free,2021-09-16,Hyderabad,7.0,0
u-2795,Emily Kim,free,2022-01-31,Seattle,8.3,0
u-2796,Casey Chen,pro,2024-01-21,Seattle,7.5,0
u-2797,Riley Garcia,free,2022-12-14,London,9.3,0
u-2798,Ananya Chen,free,2023-12-23,Pune,6.5,1
u-2799,Priya Kim,starter,2023-05-15,Chicago,7.1,0
u-2800,Sam Miles,pro,2023-06-12,Hyderabad,6.5,0
u-2801,Priya Kim,free,2023-06-15,San Francisco,4.7,1
u-2802,Ananya Lee,pro,2023-07-21,Hyderabad,7.7,0
u-2803,Casey Garcia,free,2023-02-18,Pune,5.9,0
u-2804,Ananya Nguyen,enterprise,2022-11-25,Pune,9.7,0
u-2805,Ananya Chen,free,2021-10-24,Seattle,9.5,0
u-2806,Vikram Sharma,pro,2023-02-01,Ahmedabad,7.9,0
u-2807,Casey Mehta,free,2024-01-12,Seattle,6.6,1
u-2808,Priya Singh,pro,2022-09-12,London,5.6,0
u-2809,Aisha Singh,starter,2023-05-16,London,4.6,1
u-2810,Ananya Brown,pro,2023-09-27,Austin,10.0,0
u-2811,Morgan Ramirez,pro,2022-06-28,London,5.2,1
u-2812,Avery Brown,starter,2022-06-15,Chennai,5.0,0
u-2813,Marcus Patel,free,2023-04-04,San Francisco,10.0,0
u-2814,Quinn Kim,free,2023-07-30,Mumbai,8.5,0
u-2815,Morgan Iyer,enterprise,2022-12-02,Berlin,3.3,0
u-2816,Quinn Shah,enterprise,2023-01-04,Bengaluru,7.9,0
u-2817,Vikram Chen,free,2021-10-11,Pune,7.2,1
u-2818,Ananya Singh,free,2024-01-03,Pune,5.0,1
u-2819,Sofia Nguyen,free,2023-08-29,London,3.4,1
u-2820,Aisha Shah,free,2022-03-09,Chennai,9.3,0
u-2821,Alex Patel,free,2021-10-29,San Francisco,9.9,0
u-2822,Alex Ramirez,pro,2022-08-05,Pune,7.9,0
u-2823,Riley Carter,free,2023-05-02,Bengaluru,6.8,0
u-2824,Avery Kim,pro,2023-08-04,London,9.9,0
u-2825,Rahul Ramirez,enterprise,2022-01-28,London,6.6,1
u-2826,Rahul Iyer,free,2022-08-27,Ahmedabad,6.1,0
u-2827,Sofia Chen,starter,2023-02-11,London,2.9,0
u-2828,Rahul Kim,starter,2023-01-17,Chicago,4.6,0
u-2829,Sam Singh,free,2023-09-25,Ahmedabad,9.9,0
u-2830,Riley Singh,pro,2022-02-13,London,4.9,0
u-2831,Alex Carter,starter,2023-12-21,Mumbai,8.5,0
u-2832,Avery Mehta,free,2021-09-29,Bengaluru,5.8,0
u-2833,Sofia Miles,pro,2023-09-09,Bengaluru,3.4,0
u-2834,Jordan Khan,free,2023-10-16,Chennai,5.1,0
u-2835,Quinn Singh,free,2023-11-30,Austin,7.4,0
u-2836,Marcus Patel,enterprise,2022-12-02,Austin,9.0,0
u-2837,Casey Ramirez,free,2023-12-14,London,9.0,0
u-2838,Quinn Patel,free,2023-06-22,San Francisco,6.9,0
u-2839,Sam Kim,free,2022-03-08,Mumbai,10.0,0
u-2840,Riley Mehta,free,2022-04-20,Seattle,10.0,1
u-2841,Sam Ramirez,starter,2023-04-09,Hyderabad,10.0,0
u-2842,Casey Patel,starter,2024-01-03,Bengaluru,10.0,0
u-2843,Alex Iyer,free,2023-09-17,Berlin,6.4,0
u-2844,Sofia Chen,starter,2022-10-16,Chicago,5.9,0
u-2845,Casey Ramirez,free,2022-12-23,London,9.1,0
u-2846,Emily Carter,free,2022-01-17,Hyderabad,9.3,0
u-2847,Rahul Carter,enterprise,2022-12-08,Bengaluru,9.8,0
u-2848,Casey Patel,pro,2023-02-28,Bengaluru,8.2,1
u-2849,Rahul Khan,pro,2022-08-06,Berlin,4.8,0
u-2850,Marcus Garcia,free,2022-02-03,London,4.8,0
u-2851,Vikram Nguyen,starter,2022-02-21,Berlin,9.5,0
u-2852,Morgan Shah,pro,2023-09-27,Bengaluru,6.4,0
u-2853,Priya Patel,pro,2023-02-02,Mumbai,4.1,0
u-2854,Casey Iyer,pro,2021-11-25,Austin,6.0,0
u-2855,Riley Chen,starter,2022-03-01,Chennai,7.2,1
u-2856,Casey Khan,free,2022-03-15,Pune,6.6,1
u-2857,Jordan Khan,free,2023-10-24,Seattle,7.0,1
u-2858,Sofia Nguyen,free,2023-02-26,San Francisco,6.2,1
u-2859,Sofia Mehta,free,2022-02-08,Hyderabad,9.2,0
u-2860,Morgan Shah,free,2023-10-11,Ahmedabad,7.9,0
u-2861,Rahul Ramirez,starter,2022-05-18,Pune,6.4,0
u-2862,Ananya Shah,starter,2022-11-06,London,8.3,0
u-2863,Quinn Garcia,starter,2022-05-09,Pune,4.8,0
u-2864,Sam Shah,starter,2022-06-28,Chicago,8.7,0
u-2865,Marcus Kim,free,2023-11-11,Chennai,9.4,0
u-2866,Morgan Sharma,starter,2023-10-12,Mumbai,6.9,0
u-2867,Aisha Brown,enterprise,2023-04-15,Pune,5.3,0
u-2868,Quinn Garcia,starter,2021-11-12,London,7.2,1
u-2869,Jordan Ramirez,pro,2021-11-08,London,5.1,0
u-2870,Riley Patel,free,2022-04-09,Ahmedabad,6.9,0
u-2871,Aisha Khan,starter,2023-07-08,Berlin,6.3,1
u-2872,Jordan Kim,starter,2021-10-27,London,8.7,0
u-2873,Priya Garcia,starter,2022-05-18,Ahmedabad,5.6,1
u-2874,Aisha Lee,pro,2023-05-17,Austin,9.7,0
u-2875,Vikram Khan,starter,2022-05-24,Ahmedabad,4.8,0
u-2876,Aisha Singh,pro,2023-01-20,Chennai,8.4,0
u-2877,Priya Carter,pro,2022-12-12,Pune,6.8,0
u-2878,Priya Miles,pro,2023-07-08,Pune,10.0,0
u-2879,Jordan Nguyen,free,2022-07-22,Hyderabad,6.1,0
u-2880,Emily Chen,free,2023-06-08,San Francisco,7.4,0
u-2881,Quinn Shah,pro,2021-11-20,Berlin,7.3,0
u-2882,Rahul Singh,pro,2023-09-28,London,9.1,0
u-2883,Avery Garcia,enterprise,2023-06-28,Berlin,7.8,0
u-2884,Sofia Patel,free,2023-10-16,Chicago,4.9,0
u-2885,Riley Patel,pro,2023-07-07,Bengaluru,10.0,0
u-2886,Marcus Shah,pro,2022-06-28,Ahmedabad,5.1,1
u-2887,Jordan Shah,pro,2021-11-01,Seattle,9.4,0
u-2888,Vikram Khan,starter,2023-09-18,Hyderabad,7.1,1
u-2889,Alex Carter,free,2023-07-23,San Francisco,6.0,0
u-2890,Priya Miles,starter,2023-10-08,Seattle,7.1,0
u-2891,Casey Khan,starter,2022-03-01,Chennai,6.2,0
u-2892,Vikram Mehta,free,2022-10-24,Berlin,9.5,0
u-2893,Ananya Shah,free,2023-03-22,Hyderabad,6.8,0
u-2894,Morgan Chen,pro,2022-05-30,Hyderabad,9.6,0
u-2895,Aisha Chen,free,2023-11-20,Berlin,6.9,0
u-2896,Priya Ramirez,starter,2022-03-27,Bengaluru,8.5,0
u-2897,Marcus Carter,starter,2023-11-11,London,7.1,0
u-2898,Quinn Chen,enterprise,2022-09-15,Seattle,8.0,0
u-2899,Alex Kim,starter,2024-01-05,Berlin,7.4,0
u-2900,Aisha Mehta,free,2023-08-10,Ahmedabad,4.4,0
u-2901,Quinn Nguyen,free,2022-08-07,Bengaluru,5.4,0
u-2902,Avery Lee,free,2022-09-21,San Francisco,9.4,0
u-2903,Morgan Miles,free,2023-01-08,Hyderabad,7.2,1
u-2904,Alex Nguyen,pro,2022-08-06,Pune,5.4,0
u-2905,Rahul Mehta,free,2022-02-04,Chennai,1.7,1
u-2906,Alex Mehta,free,2023-06-22,Chennai,9.0,0
u-2907,Emily Patel,pro,2021-10-09,Ahmedabad,7.2,0
u-2908,Avery Brown,free,2023-09-29,Chicago,10.0,0
u-2909,Casey Nguyen,free,2021-10-03,Chennai,4.5,0
u-2910,Vikram Lee,starter,2021-11-18,Chennai,6.3,0
u-2911,Rahul Lee,free,2023-01-25,Chennai,6.5,0
u-2912,Emily Sharma,free,2023-11-10,Austin,4.3,0
u-2913,Quinn Miles,enterprise,2023-02-13,Chennai,7.9,0
u-2914,Morgan Iyer,pro,2023-06-05,Austin,7.6,0
u-2915,Quinn Sharma,pro,2022-09-15,San Francisco,9.5,1
u-2916,Rahul Brown,starter,2023-07-15,Seattle,6.4,0
u-2917,Marcus Lee,free,2023-12-05,London,6.8,0
u-2918,Jordan Singh,pro,2021-12-17,Seattle,8.2,0
u-2919,Quinn Mehta,starter,2022-01-09,Pune,6.6,0
u-2920,Quinn Iyer,free,2022-11-22,Bengaluru,10.0,0
u-2921,Vikram Iyer,free,2022-01-22,Austin,7.3,0
u-2922,Jordan Nguyen,starter,2021-10-22,London,8.1,0
u-2923,Vikram Nguyen,free,2021-11-23,Ahmedabad,4.4,0
u-2924,Aisha Lee,free,2022-02-11,Berlin,8.8,0
u-2925,Casey Brown,free,2023-12-25,Chicago,7.4,0
u-2926,Sam Garcia,starter,2022-04-16,Bengaluru,8.1,0
u-2927,Avery Brown,free,2021-11-24,Pune,5.2,1
u-2928,Avery Carter,starter,2023-09-01,San Francisco,3.9,0
u-2929,Sam Nguyen,free,2023-12-06,San Francisco,3.2,1
u-2930,Vikram Carter,starter,2023-04-08,Mumbai,9.0,0
u-2931,Riley Garcia,free,2022-02-15,Chennai,8.6,0
u-2932,Vikram Iyer,starter,2022-02-18,Seattle,5.5,0
u-2933,Vikram Miles,starter,2022-09-11,Austin,3.8,1
u-2934,Morgan Khan,starter,2021-09-29,San Francisco,4.8,0
u-2935,Avery Mehta,free,2023-09-12,Seattle,5.4,1
u-2936,Ananya Mehta,starter,2021-12-30,Mumbai,3.4,1
u-2937,Emily Carter,pro,2022-01-05,Ahmedabad,4.4,0
u-2938,Jordan Singh,free,2021-10-29,Mumbai,9.7,0
u-2939,Rahul Mehta,starter,2023-05-23,Berlin,5.8,1
u-2940,Emily Brown,starter,2022-07-23,Bengaluru,9.5,0
u-2941,Emily Brown,pro,2023-06-07,Chennai,5.5,0
u-2942,Sam Nguyen,starter,2022-12-08,Chicago,7.1,0
u-2943,Sam Brown,enterprise,2021-10-19,Bengaluru,4.9,0
u-2944,Riley Sharma,starter,2022-11-11,San Francisco,5.9,0
u-2945,Ananya Carter,starter,2022-04-04,Chicago,5.5,0
u-2946,Sam Iyer,free,2022-12-30,Pune,5.3,0
u-2947,Priya Chen,starter,2024-02-01,Ahmedabad,5.4,0
u-2948,Rahul Kim,free,2023-09-20,Seattle,5.1,0
u-2949,Emily Iyer,starter,2022-06-27,Chennai,5.5,0
u-2950,Jordan Khan,free,2023-05-11,Austin,9.8,0
u-2951,Jordan Carter,starter,2023-05-06,Bengaluru,7.1,0
u-2952,Casey Nguyen,pro,2023-11-15,Seattle,6.7,0
u-2953,Sofia Miles,enterprise,2022-02-17,Bengaluru,7.4,0
u-2954,Priya Patel,free,2023-11-16,Bengaluru,6.3,0
u-2955,Casey Iyer,pro,2022-10-22,San Francisco,7.0,0
u-2956,Alex Singh,pro,2023-05-06,Chennai,7.2,0
u-2957,Avery Kim,pro,2021-12-05,Berlin,8.9,0
u-2958,Aisha Shah,pro,2022-07-02,San Francisco,6.6,0
u-2959,Vikram Miles,free,2023-12-04,San Francisco,5.2,0
u-2960,Vikram Chen,pro,2022-08-17,Chennai,8.7,0
u-2961,Quinn Sharma,starter,2023-09-10,Berlin,8.8,0
u-2962,Marcus Miles,pro,2022-10-03,Seattle,7.5,1
u-2963,Alex Chen,free,2023-07-05,Chicago,7.5,0
u-2964,Sam Lee,free,2022-04-21,Chicago,9.7,0
u-2965,Marcus Kim,free,2022-12-17,Austin,9.5,0
u-2966,Alex Brown,starter,2023-01-30,London,7.5,0
u-2967,Rahul Sharma,starter,2021-12-29,Mumbai,6.0,0
u-2968,Morgan Khan,pro,2023-01-13,Seattle,8.0,0
u-2969,Aisha Garcia,free,2023-07-12,Austin,4.4,1
u-2970,Sam Brown,free,2022-11-08,Mumbai,8.4,0
u-2971,Avery Lee,free,2022-02-27,San Francisco,9.9,0
u-2972,Marcus Kim,free,2023-12-06,London,6.8,0
u-2973,Avery Mehta,starter,2023-06-01,Hyderabad,7.7,0
u-2974,Emily Garcia,pro,2022-09-13,Chennai,5.5,0
u-2975,Casey Iyer,enterprise,2023-07-06,London,3.6,0
u-2976,Emily Kim,free,2022-04-20,San Francisco,4.8,0
u-2977,Morgan Mehta,free,2023-12-14,Austin,8.3,0
u-2978,Quinn Ramirez,pro,2023-06-17,Chicago,9.5,0
u-2979,Priya Lee,free,2022-09-08,San Francisco,7.2,1
u-2980,Rahul Lee,pro,2022-01-19,Hyderabad,5.5,0
u-2981,Emily Garcia,starter,2023-03-31,London,7.1,1
u-2982,Vikram Chen,pro,2023-06-15,Pune,4.9,0
u-2983,Casey Sharma,free,2021-11-17,Berlin,4.6,0
u-2984,Jordan Carter,enterprise,2022-11-12,Chicago,8.4,0
u-2985,Jordan Chen,enterprise,2023-08-09,Chicago,8.9,0
u-2986,Quinn Ramirez,free,2022-01-02,Chennai,5.4,0
u-2987,Marcus Shah,starter,2024-01-08,Berlin,5.1,0
u-2988,Alex Chen,starter,2022-04-30,Mumbai,8.4,0
u-2989,Quinn Kim,free,2021-12-05,Berlin,8.4,0
u-2990,Jordan Khan,enterprise,2022-09-18,Pune,5.1,0
u-2991,Morgan Brown,free,2021-11-27,Berlin,6.8,1
u-2992,Alex Brown,free,2022-08-09,Berlin,8.0,1
u-2993,Morgan Garcia,free,2022-08-31,Hyderabad,8.3,0
u-2994,Marcus Lee,starter,2023-10-30,Chicago,6.8,0
u-2995,Vikram Mehta,pro,2023-08-30,Seattle,3.9,0
u-2996,Ananya Chen,starter,2022-06-03,Seattle,9.9,0
u-2997,Quinn Sharma,starter,2022-06-18,San Francisco,9.4,0
u-2998,Priya Ramirez,free,2022-08-18,Austin,8.4,0
u-2999,Ananya Sharma,pro,2023-08-04,Austin,9.0,0
u-3000,Priya Lee,starter,2023-11-20,San Francisco,5.4,1
u-3001,Jordan Khan,starter,2023-11-19,Berlin,3.6,0
u-3002,Casey Lee,starter,2023-10-16,Pune,5.9,0
u-3003,Priya Ramirez,enterprise,2023-07-27,Mumbai,6.2,0
u-3004,Priya Lee,pro,2021-10-10,Mumbai,7.5,0
u-3005,Casey Carter,starter,2022-03-25,Chicago,6.8,0
u-3006,Quinn Iyer,starter,2023-08-31,Berlin,7.9,0
u-3007,Ananya Chen,free,2023-05-10,San Francisco,8.1,0
u-3008,Emily Carter,starter,2021-12-14,Chicago,7.2,0
u-3009,Quinn Iyer,starter,2023-01-06,Bengaluru,3.5,0
u-3010,Ananya Nguyen,pro,2023-06-07,Berlin,7.1,0
u-3011,Ananya Khan,starter,2023-04-22,Berlin,4.9,0
u-3012,Marcus Garcia,free,2023-02-22,Seattle,6.9,0
u-3013,Alex Brown,free,2022-10-17,Chicago,8.9,0
u-3014,Emily Patel,free,2022-10-06,Bengaluru,5.3,0
u-3015,Emily Brown,pro,2022-10-26,San Francisco,7.6,0
u-3016,Riley Nguyen,enterprise,2022-08-06,Berlin,8.3,0
u-3017,Marcus Miles,starter,2023-05-19,Bengaluru,6.1,0
u-3018,Rahul Khan,starter,2022-11-25,London,8.2,0
u-3019,Marcus Lee,starter,2022-02-10,Berlin,7.6,0
u-3020,Marcus Shah,free,2023-04-04,San Francisco,6.5,0
u-3021,Emily Sharma,free,2021-09-30,Ahmedabad,8.1,0
u-3022,Alex Iyer,free,2022-11-25,Austin,8.2,0
u-3023,Aisha Kim,enterprise,2023-03-11,Mumbai,5.8,0
u-3024,Aisha Miles,free,2022-06-02,Chicago,4.3,1
u-3025,Sam Nguyen,starter,2023-02-26,Mumbai,2.0,0
u-3026,Riley Patel,free,2023-02-22,Pune,9.6,0
u-3027,Sofia Garcia,starter,2023-03-13,Ahmedabad,7.6,0
u-3028,Priya Mehta,free,2022-10-15,London,8.9,0
u-3029,Quinn Patel,enterprise,2023-12-27,Chennai,5.1,0
u-3030,Jordan Brown,free,2023-03-09,Chicago,10.0,0
u-3031,Alex Miles,enterprise,2022-04-04,Bengaluru,8.4,0
u-3032,Sam Sharma,starter,2023-04-20,Austin,9.9,0
u-3033,Sam Carter,starter,2022-10-21,Berlin,6.3,1
u-3034,Rahul Mehta,pro,2023-05-18,Bengaluru,6.8,0
u-3035,Avery Singh,starter,2021-11-04,Berlin,7.1,1
u-3036,Ananya Patel,free,2023-07-22,Pune,9.3,0
u-3037,Quinn Patel,pro,2022-03-27,Mumbai,5.5,1
u-3038,Quinn Shah,starter,2022-04-11,Ahmedabad,6.8,0
u-3039,Emily Mehta,starter,2023-02-13,Bengaluru,6.5,0
u-3040,Ananya Brown,pro,2021-09-29,Bengaluru,6.8,0
u-3041,Sofia Miles,starter,2021-09-26,Chicago,5.5,1
u-3042,Priya Patel,free,2024-01-07,San Francisco,8.4,1
u-3043,Sofia Chen,free,2022-09-25,Ahmedabad,10.0,0
u-3044,Avery Garcia,free,2023-08-15,Seattle,10.0,0
u-3045,Alex Ramirez,starter,2021-09-16,Chicago,8.3,0
u-3046,Ananya Brown,free,2021-10-16,San Francisco,3.6,0
u-3047,Quinn Mehta,free,2023-01-29,Pune,8.3,0
u-3048,Priya Garcia,pro,2023-04-10,Chicago,4.1,0
u-3049,Morgan Ramirez,free,2022-02-19,Berlin,6.4,1
u-3050,Priya Ramirez,free,2023-02-28,Austin,4.8,0
u-3051,Priya Brown,pro,2022-05-07,Ahmedabad,7.7,0
u-3052,Sofia Garcia,pro,2022-07-05,Austin,10.0,0
u-3053,Ananya Mehta,pro,2023-05-30,Berlin,9.1,0
u-3054,Casey Kim,free,2023-04-01,Seattle,8.2,0
u-3055,Jordan Chen,starter,2021-11-12,Chennai,9.9,0
u-3056,Jordan Iyer,enterprise,2022-11-30,Berlin,7.2,0
u-3057,Jordan Khan,free,2023-02-03,San Francisco,5.9,0
u-3058,Jordan Ramirez,free,2021-12-10,Mumbai,4.5,0
u-3059,Ananya Kim,free,2022-09-22,Mumbai,8.2,0
u-3060,Sofia Garcia,pro,2022-09-28,Hyderabad,5.3,1
u-3061,Ananya Mehta,free,2023-02-28,Pune,10.0,0
u-3062,Quinn Carter,starter,2022-07-01,San Francisco,6.9,0
u-3063,Aisha Brown,starter,2023-12-25,Ahmedabad,7.8,0
u-3064,Casey Nguyen,enterprise,2023-07-28,Austin,6.7,0
u-3065,Rahul Patel,free,2022-02-18,Berlin,7.8,1
u-3066,Aisha Nguyen,starter,2023-06-19,Ahmedabad,3.2,0
u-3067,Aisha Shah,enterprise,2021-09-28,Chennai,7.3,0
u-3068,Jordan Patel,free,2021-12-18,Hyderabad,6.7,0
u-3069,Sam Iyer,starter,2023-03-06,Chicago,7.9,0
u-3070,Avery Sharma,free,2021-11-25,Berlin,5.9,0
u-3071,Rahul Singh,free,2022-05-20,Hyderabad,7.7,0
u-3072,Emily Ramirez,free,2022-03-01,Chennai,7.0,0
u-3073,Emily Iyer,free,2022-12-20,Mumbai,5.7,1
u-3074,Sofia Patel,free,2023-10-18,Chennai,4.6,0
u-3075,Marcus Nguyen,pro,2022-10-14,Hyderabad,6.6,0
u-3076,Alex Patel,starter,2022-02-19,Hyderabad,6.5,0
u-3077,Casey Singh,starter,2023-11-15,London,4.6,0
u-3078,Riley Ramirez,starter,2024-01-16,Austin,4.3,1
u-3079,Morgan Kim,enterprise,2022-02-17,London,5.7,0
u-3080,Ananya Nguyen,free,2022-08-31,Pune,3.8,0
u-3081,Marcus Khan,free,2022-11-04,London,7.4,0
u-3082,Sofia Miles,free,2022-06-24,London,7.5,0
u-3083,Jordan Patel,pro,2022-06-16,Berlin,10.0,0
u-3084,Sofia Khan,pro,2023-01-27,Berlin,4.8,0
u-3085,Riley Sharma,starter,2022-08-19,Berlin,5.0,0
u-3086,Aisha Patel,free,2022-12-12,Austin,5.7,0
u-3087,Morgan Garcia,starter,2023-08-05,London,6.8,0
u-3088,Quinn Carter,starter,2022-04-27,Berlin,9.2,0
u-3089,Priya Sharma,free,2023-03-11,San Francisco,10.0,0
u-3090,Jordan Shah,free,2021-12-15,Chennai,2.7,1
u-3091,Casey Brown,free,2023-02-21,London,10.0,0
u-3092,Marcus Miles,starter,2023-08-21,Ahmedabad,5.9,0
u-3093,Casey Garcia,enterprise,2022-02-11,Ahmedabad,8.2,0
u-3094,Quinn Singh,free,2023-10-04,Berlin,6.9,0
u-3095,Sofia Carter,pro,2021-09-26,London,4.3,1
u-3096,Casey Brown,starter,2022-08-02,Berlin,8.3,0
u-3097,Sofia Khan,starter,2022-12-09,Berlin,5.8,0
u-3098,Priya Ramirez,pro,2023-07-16,San Francisco,7.7,0
u-3099,Ananya Mehta,starter,2023-08-10,Chennai,6.9,0
u-3100,Morgan Miles,free,2023-08-17,San Francisco,4.2,0
u-3101,Alex Patel,free,2022-02-07,Hyderabad,8.6,0
u-3102,Ananya Iyer,pro,2023-08-08,Chicago,6.6,0
u-3103,Casey Iyer,starter,2024-01-01,Chennai,5.5,0
u-3104,Jordan Iyer,free,2023-08-14,Austin,6.2,0
u-3105,Avery Iyer,starter,2022-08-20,London,8.0,0
u-3106,Avery Carter,free,2022-12-13,Seattle,8.2,0
u-3107,Jordan Miles,free,2023-03-14,Mumbai,5.9,1
u-3108,Morgan Garcia,pro,2021-10-15,Ahmedabad,8.4,0
u-3109,Aisha Patel,starter,2023-04-09,Chennai,7.7,0
u-3110,Priya Patel,free,2022-02-11,Bengaluru,7.7,0
u-3111,Vikram Chen,starter,2023-10-16,Hyderabad,8.6,0
u-3112,Casey Mehta,enterprise,2022-10-17,Mumbai,8.1,0
u-3113,Vikram Brown,free,2023-10-11,Chicago,9.0,0
u-3114,Casey Singh,free,2023-11-23,Hyderabad,5.3,0
u-3115,Vikram Lee,free,2022-06-20,Mumbai,9.3,0
u-3116,Jordan Lee,free,2022-06-26,San Francisco,6.1,0
u-3117,Emily Khan,free,2022-09-20,San Francisco,6.8,0
u-3118,Casey Nguyen,free,2023-01-05,Austin,6.9,0
u-3119,Marcus Kim,free,2023-06-11,San Francisco,5.3,0
u-3120,Avery Nguyen,starter,2022-03-26,Berlin,6.1,0
u-3121,Jordan Brown,free,2023-08-21,Chennai,7.5,0
u-3122,Sam Sharma,free,2022-11-29,Ahmedabad,7.5,0
u-3123,Quinn Ramirez,pro,2021-11-03,Chicago,6.1,1
u-3124,Aisha Nguyen,free,2022-06-30,Pune,3.7,0
u-3125,Marcus Garcia,free,2022-01-27,Mumbai,6.2,1
u-3126,Ananya Mehta,enterprise,2023-08-11,Hyderabad,8.8,0
u-3127,Avery Nguyen,starter,2024-01-10,San Francisco,8.4,0
u-3128,Ananya Singh,starter,2022-02-07,Pune,8.3,0
u-3129,Rahul Garcia,starter,2022-09-30,Austin,5.5,0
u-3130,Priya Sharma,enterprise,2022-03-25,Bengaluru,8.9,0
u-3131,Morgan Khan,free,2022-01-29,Pune,6.7,1
u-3132,Emily Brown,free,2023-03-13,Mumbai,4.0,0
u-3133,Alex Sharma,pro,2023-10-28,Ahmedabad,8.6,0
u-3134,Priya Ramirez,free,2021-10-16,Hyderabad,8.9,0
u-3135,Vikram Ramirez,starter,2023-05-12,Ahmedabad,7.6,0
u-3136,Avery Nguyen,free,2023-09-15,San Francisco,8.5,0
u-3137,Vikram Miles,free,2022-09-23,Chicago,8.1,0
u-3138,Morgan Nguyen,starter,2024-01-15,Hyderabad,7.4,0
u-3139,Jordan Chen,starter,2023-12-11,Mumbai,5.6,1
u-3140,Priya Khan,starter,2022-04-09,Hyderabad,6.3,0
u-3141,Rahul Singh,free,2023-11-17,Mumbai,7.5,0
u-3142,Riley Nguyen,free,2022-08-28,Berlin,6.9,0
u-3143,Vikram Shah,pro,2023-01-03,Bengaluru,7.3,0
u-3144,Alex Singh,free,2023-10-28,London,4.4,0
u-3145,Priya Garcia,starter,2021-11-03,Berlin,5.2,0
u-3146,Avery Chen,starter,2023-09-16,Pune,7.0,1
u-3147,Morgan Lee,free,2022-07-15,Seattle,6.2,0
u-3148,Vikram Sharma,free,2023-10-11,Chennai,8.5,0
u-3149,Ananya Lee,pro,2022-09-06,Hyderabad,4.6,0
u-3150,Marcus Sharma,free,2023-09-09,Bengaluru,3.1,0
u-3151,Quinn Ramirez,free,2021-12-21,Seattle,9.8,0
u-3152,Aisha Kim,enterprise,2022-12-27,Ahmedabad,5.7,1
u-3153,Casey Garcia,free,2024-01-25,Mumbai,4.3,0
u-3154,Vikram Chen,pro,2023-12-19,London,9.9,0
u-3155,Avery Chen,free,2022-10-17,Seattle,8.5,0
u-3156,Aisha Patel,free,2022-11-07,Chennai,10.0,0
u-3157,Priya Chen,starter,2023-04-20,Ahmedabad,10.0,0
u-3158,Quinn Iyer,free,2022-08-24,Chicago,5.2,0
u-3159,Sofia Iyer,pro,2022-03-10,Mumbai,8.5,0
u-3160,Quinn Kim,free,2022-05-10,London,1.8,1
u-3161,Marcus Mehta,starter,2022-04-21,Austin,4.9,1
u-3162,Ananya Ramirez,pro,2021-10-31,Bengaluru,6.7,0
u-3163,Riley Shah,starter,2023-08-06,Pune,9.4,0
u-3164,Vikram Nguyen,starter,2023-11-22,Chicago,7.7,0
u-3165,Riley Singh,free,2023-10-19,Seattle,7.7,0
u-3166,Quinn Shah,free,2024-01-02,Bengaluru,4.3,0
u-3167,Casey Shah,pro,2023-05-22,Austin,5.8,1
u-3168,Riley Lee,starter,2023-10-03,Pune,6.7,0
u-3169,Vikram Iyer,starter,2021-11-22,Seattle,5.6,0
u-3170,Jordan Iyer,starter,2023-04-14,Chennai,8.6,0
u-3171,Vikram Lee,free,2023-07-27,Hyderabad,8.6,0
u-3172,Morgan Nguyen,free,2022-11-01,Hyderabad,5.0,0
u-3173,Quinn Garcia,free,2023-01-23,Berlin,8.2,0
u-3174,Ananya Shah,starter,2024-01-29,Pune,1.6,1
u-3175,Casey Miles,free,2021-10-20,London,8.2,0
u-3176,Jordan Sharma,free,2022-06-09,Pune,5.5,1
u-3177,Vikram Patel,starter,2022-02-14,Ahmedabad,7.4,0
u-3178,Quinn Lee,starter,2021-10-22,Berlin,7.5,0
u-3179,Avery Kim,starter,2021-12-23,Hyderabad,10.0,0
u-3180,Alex Carter,pro,2023-06-29,Austin,5.9,0
u-3181,Avery Patel,starter,2022-04-08,Austin,3.6,0
u-3182,Morgan Chen,free,2024-01-25,Seattle,3.8,0
u-3183,Emily Carter,pro,2023-03-24,Hyderabad,7.2,0
u-3184,Aisha Shah,starter,2022-04-17,Hyderabad,8.1,0
u-3185,Emily Khan,starter,2022-06-03,Austin,6.0,0
u-3186,Sam Sharma,pro,2022-04-03,Berlin,7.9,0
u-3187,Jordan Garcia,free,2022-04-14,Hyderabad,7.6,0
u-3188,Vikram Garcia,starter,2023-12-26,Pune,8.0,0
u-3189,Jordan Lee,free,2022-09-12,Hyderabad,7.1,0
u-3190,Quinn Brown,free,2022-08-13,San Francisco,4.1,1
u-3191,Casey Shah,starter,2023-09-19,Bengaluru,9.4,0
u-3192,Avery Miles,free,2023-07-05,Mumbai,4.8,0
u-3193,Aisha Nguyen,free,2022-12-04,Berlin,7.1,0
u-3194,Sofia Sharma,starter,2022-07-31,Chicago,8.7,0
u-3195,Marcus Shah,free,2022-01-23,Seattle,6.8,0
u-3196,Riley Sharma,starter,2022-05-11,London,5.6,0
u-3197,Alex Miles,free,2021-10-06,Hyderabad,7.8,0
u-3198,Riley Brown,starter,2023-07-23,Pune,5.3,1
u-3199,Avery Kim,starter,2023-02-25,Austin,8.6,0
u-3200,Sam Brown,starter,2023-06-20,Pune,7.7,1
u-3201,Vikram Singh,pro,2021-12-19,Mumbai,9.1,0
u-3202,Marcus Carter,enterprise,2022-08-18,Seattle,5.6,0
u-3203,Marcus Iyer,free,2022-11-17,Pune,9.9,0
u-3204,Avery Kim,free,2022-09-13,Seattle,7.8,0
u-3205,Casey Khan,pro,2023-04-23,Austin,6.8,0
u-3206,Quinn Brown,starter,2021-12-23,London,3.9,0
u-3207,Avery Lee,enterprise,2022-08-16,Chennai,4.8,0
u-3208,Ananya Lee,pro,2022-11-14,Hyderabad,5.8,0
u-3209,Vikram Iyer,pro,2022-05-29,Ahmedabad,7.5,0
u-3210,Jordan Shah,free,2022-03-08,London,8.2,0
u-3211,Morgan Brown,free,2023-02-23,Ahmedabad,10.0,0
u-3212,Quinn Patel,starter,2022-05-06,Bengaluru,5.6,0
u-3213,Ananya Sharma,starter,2022-03-09,San Francisco,5.0,1
u-3214,Sofia Miles,pro,2022-07-02,Pune,7.2,0
u-3215,Quinn Brown,enterprise,2023-10-23,Chennai,7.2,0
u-3216,Ananya Miles,free,2023-08-19,Chicago,6.1,0
u-3217,Jordan Nguyen,starter,2024-01-05,Pune,6.7,0
u-3218,Avery Sharma,pro,2023-06-06,Ahmedabad,8.8,0
u-3219,Alex Khan,pro,2023-09-11,Austin,5.8,0
u-3220,Marcus Iyer,pro,2022-09-26,Bengaluru,8.9,1
u-3221,Riley Nguyen,starter,2021-12-02,Hyderabad,3.4,0
u-3222,Aisha Miles,enterprise,2023-12-06,Berlin,6.3,1
u-3223,Jordan Mehta,free,2023-05-30,Hyderabad,6.4,1
u-3224,Rahul Singh,free,2023-12-24,Pune,6.8,1
u-3225,Avery Carter,free,2023-11-21,Pune,7.3,0
u-3226,Vikram Singh,starter,2023-12-20,London,6.7,0
u-3227,Vikram Miles,pro,2022-08-23,Chennai,5.7,1
u-3228,Alex Kim,starter,2021-11-22,Austin,7.4,0
u-3229,Morgan Mehta,starter,2022-05-12,Chennai,6.1,1
u-3230,Riley Brown,free,2022-06-12,Pune,5.1,0
u-3231,Jordan Patel,pro,2023-09-18,Chicago,5.3,1
u-3232,Quinn Mehta,free,2022-02-04,London,8.1,0
u-3233,Morgan Brown,starter,2022-09-16,Ahmedabad,9.5,0
u-3234,Morgan Mehta,free,2021-10-16,Austin,4.8,1
u-3235,Sofia Khan,starter,2023-02-27,Seattle,7.2,1
u-3236,Jordan Sharma,starter,2022-06-02,San Francisco,8.1,0
u-3237,Avery Garcia,starter,2022-12-10,Pune,6.2,0
u-3238,Priya Carter,starter,2022-11-10,Ahmedabad,7.4,0
u-3239,Casey Nguyen,enterprise,2023-11-01,Chennai,6.4,0
u-3240,Riley Nguyen,pro,2022-12-12,Bengaluru,7.4,1
u-3241,Quinn Sharma,free,2023-09-09,Ahmedabad,10.0,0
u-3242,Ananya Kim,free,2022-04-23,Chicago,8.5,0
u-3243,Sofia Mehta,free,2022-05-26,Bengaluru,9.8,0
u-3244,Riley Lee,free,2022-01-07,San Francisco,6.0,0
u-3245,Alex Iyer,free,2022-12-27,Hyderabad,5.6,0
u-3246,Marcus Khan,pro,2022-02-10,Hyderabad,2.5,0
u-3247,Priya Nguyen,enterprise,2021-12-19,Ahmedabad,8.5,0
u-3248,Alex Mehta,free,2022-11-30,Pune,7.3,0
u-3249,Aisha Ramirez,pro,2021-10-31,Mumbai,8.6,0
u-3250,Alex Garcia,pro,2022-03-31,Hyderabad,5.7,0
u-3251,Emily Carter,free,2023-05-25,Hyderabad,6.6,0
u-3252,Avery Garcia,pro,2022-12-14,Mumbai,8.7,0
u-3253,Morgan Sharma,enterprise,2023-11-06,San Francisco,7.3,0
u-3254,Jordan Patel,enterprise,2023-03-04,Seattle,7.9,0
u-3255,Emily Sharma,pro,2023-03-25,San Francisco,7.8,1
u-3256,Priya Kim,free,2023-05-19,Chicago,10.0,0
u-3257,Marcus Chen,free,2023-03-29,Austin,5.0,0
u-3258,Vikram Patel,enterprise,2023-12-16,Seattle,9.1,0
u-3259,Emily Chen,free,2023-01-03,San Francisco,9.9,0
u-3260,Alex Sharma,starter,2023-08-10,Seattle,5.3,0
u-3261,Marcus Singh,free,2023-07-17,San Francisco,8.3,0
u-3262,Quinn Miles,starter,2022-05-07,Ahmedabad,6.2,0
u-3263,Casey Khan,free,2021-12-21,Chennai,3.6,1
u-3264,Casey Patel,pro,2023-09-05,Mumbai,10.0,0
u-3265,Aisha Singh,starter,2022-10-01,Chennai,6.1,0
u-3266,Emily Brown,starter,2021-12-09,Berlin,8.3,0
u-3267,Emily Chen,free,2022-08-22,Pune,4.3,1
u-3268,Priya Singh,starter,2023-11-25,San Francisco,6.0,0
u-3269,Aisha Singh,pro,2022-03-29,Pune,10.0,0
u-3270,Marcus Nguyen,pro,2023-12-19,Berlin,5.5,0
u-3271,Quinn Carter,pro,2022-08-14,Chicago,6.8,0
u-3272,Ananya Nguyen,starter,2022-12-10,London,10.0,0
u-3273,Alex Patel,pro,2022-10-30,San Francisco,7.7,1
u-3274,Rahul Sharma,starter,2023-07-23,Seattle,4.6,0
u-3275,Rahul Lee,starter,2021-12-22,Pune,3.3,0
u-3276,Marcus Carter,starter,2023-11-04,Chennai,4.5,0
u-3277,Casey Mehta,free,2021-11-08,London,4.5,1
u-3278,Sam Lee,starter,2023-12-11,Bengaluru,5.5,0
u-3279,Jordan Khan,starter,2023-05-13,Austin,7.9,0
u-3280,Morgan Patel,free,2022-10-31,San Francisco,4.5,0
u-3281,Sam Carter,pro,2022-11-09,San Francisco,7.3,0
u-3282,Rahul Chen,free,2023-06-21,Mumbai,4.7,0
u-3283,Sam Mehta,starter,2023-05-27,Bengaluru,9.2,0
u-3284,Ananya Brown,pro,2022-10-06,Mumbai,8.1,0
u-3285,Alex Sharma,free,2024-01-14,San Francisco,8.0,1
u-3286,Sam Sharma,free,2023-09-25,Austin,8.5,0
u-3287,Priya Brown,starter,2023-02-22,Chennai,7.7,1
u-3288,Riley Iyer,free,2024-01-11,London,5.9,1
u-3289,Sofia Chen,free,2023-11-18,Bengaluru,8.9,0
u-3290,Ananya Patel,pro,2024-01-09,Pune,6.3,0
u-3291,Rahul Brown,free,2022-02-20,San Francisco,3.2,1
u-3292,Jordan Ramirez,starter,2023-10-26,Ahmedabad,7.9,0
u-3293,Sam Ramirez,free,2023-08-25,Bengaluru,4.5,0
u-3294,Avery Mehta,free,2022-03-11,Berlin,5.0,0
u-3295,Sofia Brown,free,2023-01-21,Mumbai,9.6,0
u-3296,Ananya Nguyen,enterprise,2023-01-07,Bengaluru,7.6,0
u-3297,Rahul Garcia,starter,2022-07-10,Mumbai,9.1,0
u-3298,Quinn Chen,free,2022-08-08,Mumbai,5.8,1
u-3299,Quinn Sharma,starter,2023-02-07,Seattle,6.0,1
u-3300,Quinn Miles,starter,2022-01-01,Chennai,6.6,0
u-3301,Avery Nguyen,starter,2023-07-18,Austin,4.1,1
u-3302,Emily Sharma,free,2023-08-01,Berlin,8.5,0
u-3303,Ananya Khan,free,2022-11-11,Hyderabad,6.1,0
u-3304,Avery Kim,starter,2022-01-04,London,7.3,0
u-3305,Rahul Brown,starter,2021-12-13,Ahmedabad,5.2,0
u-3306,Quinn Mehta,pro,2022-04-24,Seattle,6.9,0
u-3307,Quinn Ramirez,starter,2024-01-29,Austin,5.2,0
u-3308,Casey Carter,starter,2022-05-08,Berlin,7.1,0
u-3309,Rahul Lee,starter,2023-09-12,San Francisco,7.0,0
u-3310,Quinn Garcia,starter,2022-01-05,Hyderabad,6.4,0
u-3311,Quinn Mehta,starter,2023-10-26,Bengaluru,3.0,0
u-3312,Quinn Lee,free,2023-10-15,Seattle,5.1,0
u-3313,Sam Kim,enterprise,2022-11-10,Chennai,9.5,0
u-3314,Aisha Ramirez,free,2022-10-19,San Francisco,6.7,0
u-3315,Jordan Shah,starter,2023-04-12,Pune,9.4,0
u-3316,Quinn Mehta,starter,2022-12-08,Ahmedabad,3.8,0
u-3317,Alex Chen,pro,2022-05-21,Hyderabad,8.4,0
u-3318,Sofia Kim,free,2022-07-04,Austin,7.7,0
u-3319,Jordan Mehta,pro,2022-05-23,Chicago,7.9,0
u-3320,Riley Miles,free,2023-07-09,Chicago,3.8,1
u-3321,Sam Sharma,free,2022-10-03,Ahmedabad,8.6,0
u-3322,Quinn Singh,pro,2023-10-14,Pune,8.7,0
u-3323,Ananya Garcia,free,2023-07-05,Seattle,7.9,0
u-3324,Aisha Brown,starter,2021-10-08,Hyderabad,9.6,0
u-3325,Sofia Ramirez,starter,2023-12-26,San Francisco,4.2,0
u-3326,Vikram Khan,enterprise,2022-12-23,Berlin,8.7,0
u-3327,Riley Khan,pro,2022-11-30,Bengaluru,5.9,0
u-3328,Quinn Iyer,free,2023-07-15,Chennai,9.1,0
u-3329,Riley Khan,pro,2023-12-20,Mumbai,8.8,0
u-3330,Aisha Carter,free,2023-10-13,Mumbai,7.9,0
u-3331,Aisha Patel,starter,2022-05-07,Berlin,3.8,1
u-3332,Ananya Sharma,pro,2022-09-03,Chicago,8.2,0
u-3333,Riley Miles,pro,2022-10-04,Bengaluru,4.1,0
u-3334,Jordan Nguyen,starter,2023-09-26,Mumbai,9.2,0
u-3335,Jordan Kim,pro,2022-10-16,Chicago,7.4,0
u-3336,Jordan Nguyen,starter,2023-08-26,Bengaluru,8.2,0
u-3337,Ananya Mehta,enterprise,2023-05-06,San Francisco,4.3,0
u-3338,Vikram Patel,free,2021-10-26,Mumbai,3.4,0
u-3339,Quinn Khan,free,2023-01-08,Pune,9.3,0
u-3340,Jordan Patel,pro,2024-01-07,Berlin,8.3,1
u-3341,Casey Miles,free,2022-09-02,Seattle,7.9,0
u-3342,Rahul Khan,starter,2023-08-23,Hyderabad,9.7,0
u-3343,Priya Ramirez,pro,2024-01-28,Bengaluru,5.8,0
u-3344,Priya Carter,starter,2022-06-28,Pune,6.3,0
u-3345,Casey Miles,free,2022-07-30,Austin,6.9,1
u-3346,Alex Singh,free,2023-07-28,Chicago,6.5,0
u-3347,Casey Chen,free,2022-04-28,Hyderabad,7.4,0
u-3348,Priya Lee,free,2023-08-27,Mumbai,6.5,0
u-3349,Sam Lee,free,2022-11-22,Chennai,6.9,0
u-3350,Emily Lee,pro,2022-10-05,Seattle,9.0,0
u-3351,Alex Shah,free,2023-10-27,Seattle,9.5,0
u-3352,Quinn Iyer,pro,2022-06-06,Mumbai,4.8,1
u-3353,Casey Khan,enterprise,2022-11-20,London,7.0,0
u-3354,Priya Ramirez,free,2023-01-23,Berlin,10.0,0
u-3355,Avery Patel,enterprise,2022-05-01,Hyderabad,6.2,0
u-3356,Rahul Ramirez,free,2022-03-24,Hyderabad,8.5,0
u-3357,Alex Ramirez,starter,2022-11-29,Seattle,5.0,1
u-3358,Marcus Iyer,enterprise,2022-02-22,Austin,8.7,0
u-3359,Aisha Brown,pro,2023-12-18,San Francisco,8.8,0
u-3360,Sam Mehta,free,2022-08-08,San Francisco,9.7,0
u-3361,Rahul Lee,free,2023-06-04,Mumbai,8.6,1
u-3362,Riley Chen,free,2022-09-17,Mumbai,7.9,1
u-3363,Ananya Kim,enterprise,2022-08-07,London,7.1,0
u-3364,Sam Mehta,free,2022-02-21,Bengaluru,5.6,0
u-3365,Sam Miles,starter,2022-10-04,Ahmedabad,7.0,0
u-3366,Casey Mehta,free,2024-01-19,San Francisco,10.0,0
u-3367,Rahul Iyer,free,2021-10-03,Ahmedabad,7.1,1
u-3368,Casey Patel,starter,2022-11-14,San Francisco,6.8,0
u-3369,Ananya Brown,free,2023-10-18,Ahmedabad,7.9,0
u-3370,Aisha Lee,starter,2023-10-13,Chennai,6.7,0
u-3371,Jordan Singh,starter,2024-01-05,Chicago,8.3,0
u-3372,Quinn Brown,starter,2023-07-24,Seattle,10.0,1
u-3373,Sofia Singh,starter,2023-06-14,London,10.0,0
u-3374,Sam Singh,free,2021-10-29,Hyderabad,5.4,0
u-3375,Marcus Brown,pro,2022-02-24,Chicago,7.1,1
u-3376,Casey Ramirez,starter,2024-01-29,Hyderabad,8.0,0
u-3377,Jordan Nguyen,starter,2023-04-14,Ahmedabad,7.2,0
u-3378,Jordan Iyer,free,2023-05-10,London,8.2,0
u-3379,Vikram Nguyen,free,2023-01-06,Austin,7.9,0
u-3380,Aisha Miles,pro,2023-09-20,Chennai,6.2,1
u-3381,Sofia Chen,pro,2023-06-13,San Francisco,6.5,0
u-3382,Alex Patel,free,2022-09-23,Seattle,6.0,1
u-3383,Avery Brown,free,2022-11-06,Hyderabad,8.4,1
u-3384,Riley Shah,free,2022-01-28,Chennai,5.6,0
u-3385,Sofia Carter,starter,2021-11-19,Ahmedabad,10.0,0
u-3386,Ananya Iyer,free,2023-02-26,Seattle,8.1,1
u-3387,Vikram Brown,enterprise,2022-02-22,Seattle,6.3,0
u-3388,Sam Kim,free,2022-02-03,London,4.4,1
u-3389,Riley Shah,enterprise,2023-04-07,Ahmedabad,7.2,0
u-3390,Rahul Brown,free,2023-01-14,Chicago,7.7,0
u-3391,Alex Carter,free,2022-08-05,Chennai,4.2,0
u-3392,Ananya Ramirez,free,2021-12-03,Bengaluru,6.2,1
u-3393,Sam Mehta,free,2022-03-30,Bengaluru,9.6,0
u-3394,Avery Garcia,enterprise,2022-01-26,Pune,8.4,0
u-3395,Riley Kim,starter,2022-03-13,Hyderabad,10.0,0
u-3396,Sofia Sharma,free,2023-08-30,Pune,5.0,0
u-3397,Aisha Shah,enterprise,2023-07-30,Mumbai,7.1,0
u-3398,Aisha Miles,free,2021-12-23,Pune,2.0,1
u-3399,Avery Brown,free,2023-01-07,Berlin,8.5,0
u-3400,Sam Lee,free,2023-08-18,Mumbai,10.0,0
u-3401,Marcus Chen,starter,2023-05-18,Pune,9.5,0
u-3402,Aisha Sharma,pro,2022-12-02,Austin,5.4,0
u-3403,Marcus Chen,free,2022-10-06,Austin,5.9,0
u-3404,Sofia Lee,pro,2023-08-15,Chicago,6.8,0
u-3405,Aisha Chen,free,2023-06-28,Ahmedabad,7.0,0
u-3406,Sam Patel,free,2023-03-02,Mumbai,9.9,0
u-3407,Emily Chen,pro,2023-07-31,Chicago,7.9,0
u-3408,Quinn Brown,pro,2021-09-27,Bengaluru,5.1,0
u-3409,Avery Nguyen,starter,2024-01-15,Hyderabad,8.1,0
u-3410,Avery Garcia,free,2022-04-07,Pune,6.3,0
u-3411,Quinn Ramirez,free,2023-05-23,Seattle,6.7,0
u-3412,Jordan Shah,pro,2022-10-07,Pune,7.7,0
u-3413,Quinn Kim,starter,2023-05-10,Ahmedabad,7.8,0
u-3414,Morgan Lee,starter,2021-11-10,San Francisco,7.2,1
u-3415,Marcus Miles,free,2021-10-08,Ahmedabad,5.6,1
u-3416,Riley Lee,pro,2023-03-26,Chennai,9.3,0
u-3417,Sofia Sharma,free,2024-01-08,Pune,3.5,1
u-3418,Quinn Miles,starter,2023-09-04,Seattle,7.7,0
u-3419,Priya Iyer,starter,2022-05-19,Pune,8.0,0
u-3420,Avery Sharma,free,2022-02-10,Pune,8.4,0
u-3421,Vikram Ramirez,starter,2023-12-29,Berlin,7.7,1
u-3422,Casey Garcia,starter,2024-01-22,Berlin,4.8,1
u-3423,Priya Ramirez,starter,2022-12-01,Bengaluru,3.8,1
u-3424,Jordan Mehta,pro,2022-03-04,Seattle,10.0,0
u-3425,Emily Nguyen,starter,2022-04-05,Hyderabad,7.2,0
u-3426,Alex Sharma,free,2024-01-13,Mumbai,7.4,0
u-3427,Sam Lee,free,2021-09-25,Chennai,6.7,0
u-3428,Morgan Chen,starter,2023-05-30,Seattle,10.0,0
u-3429,Vikram Miles,free,2023-07-17,Ahmedabad,4.2,0
u-3430,Sam Carter,pro,2023-03-29,Pune,6.0,0
u-3431,Avery Patel,free,2022-04-15,Chennai,5.7,0
u-3432,Alex Khan,free,2023-04-30,Chicago,6.9,0
u-3433,Emily Shah,free,2022-07-19,San Francisco,10.0,0
u-3434,Sofia Lee,pro,2023-07-05,Chennai,9.6,0
u-3435,Riley Chen,starter,2023-10-22,Chennai,5.2,0
u-3436,Jordan Chen,starter,2023-10-30,Bengaluru,5.3,0
u-3437,Marcus Chen,free,2023-01-15,Ahmedabad,7.0,0
u-3438,Quinn Ramirez,pro,2024-01-30,Hyderabad,8.6,0
u-3439,Vikram Chen,pro,2022-10-03,Austin,8.4,0
u-3440,Sam Patel,free,2022-03-30,San Francisco,8.7,0
u-3441,Jordan Brown,pro,2022-09-30,Chennai,9.5,0
u-3442,Avery Shah,pro,2022-12-31,Seattle,6.5,0
u-3443,Morgan Kim,free,2023-09-06,Pune,3.9,0
u-3444,Morgan Carter,free,2023-09-14,Berlin,5.1,0
u-3445,Avery Chen,starter,2023-10-23,Ahmedabad,6.3,0
u-3446,Quinn Iyer,starter,2023-11-22,Mumbai,8.5,0
u-3447,Avery Iyer,pro,2022-09-30,Seattle,4.3,0
u-3448,Avery Lee,starter,2023-06-04,London,9.2,0
u-3449,Vikram Carter,free,2022-07-05,Seattle,4.0,0
u-3450,Emily Patel,free,2023-03-30,Austin,8.1,0
u-3451,Ananya Brown,starter,2023-04-27,Hyderabad,9.2,0
u-3452,Marcus Sharma,free,2022-12-27,San Francisco,10.0,0
u-3453,Riley Garcia,free,2023-03-23,Chicago,9.7,0
u-3454,Priya Shah,free,2023-11-06,Hyderabad,6.6,0
u-3455,Vikram Nguyen,pro,2024-01-10,Austin,6.4,1
u-3456,Alex Miles,free,2021-10-02,Berlin,5.4,1
u-3457,Rahul Sharma,free,2023-10-31,Bengaluru,8.8,0
u-3458,Ananya Lee,pro,2023-06-13,San Francisco,9.2,0
u-3459,Emily Lee,free,2023-02-14,Austin,8.9,0
u-3460,Aisha Mehta,starter,2023-01-14,Chennai,8.4,0
u-3461,Rahul Patel,free,2022-04-20,Seattle,9.5,0
u-3462,Ananya Lee,pro,2022-05-26,Pune,8.6,0
u-3463,Emily Lee,free,2022-08-23,Austin,6.7,0
u-3464,Sam Garcia,free,2023-05-08,Mumbai,9.1,0
u-3465,Emily Shah,free,2021-10-25,Bengaluru,5.4,0
u-3466,Priya Lee,enterprise,2023-11-22,San Francisco,10.0,1
u-3467,Ananya Garcia,pro,2023-05-07,Ahmedabad,8.2,0
u-3468,Priya Brown,free,2023-03-11,Hyderabad,10.0,0
u-3469,Marcus Singh,free,2023-04-03,Berlin,7.1,0
u-3470,Sam Nguyen,free,2022-10-09,Chicago,4.6,0
u-3471,Morgan Lee,free,2023-12-19,Bengaluru,6.0,0
u-3472,Alex Miles,free,2022-01-30,Mumbai,8.9,0
u-3473,Riley Chen,pro,2023-09-15,San Francisco,7.3,1
u-3474,Quinn Khan,free,2023-03-18,San Francisco,8.4,0
u-3475,Vikram Khan,pro,2022-09-14,Mumbai,4.9,0
u-3476,Sam Nguyen,free,2021-12-20,Seattle,7.0,0
u-3477,Vikram Carter,pro,2022-10-04,San Francisco,6.0,0
u-3478,Riley Mehta,starter,2022-10-14,Chicago,7.1,0
u-3479,Sofia Kim,free,2023-07-02,London,5.3,1
u-3480,Priya Singh,pro,2022-05-18,Bengaluru,7.4,0
u-3481,Sam Lee,free,2022-10-02,Bengaluru,5.5,0
u-3482,Avery Singh,pro,2024-01-06,San Francisco,9.4,0
u-3483,Jordan Nguyen,pro,2023-02-01,Mumbai,7.2,0
u-3484,Ananya Shah,enterprise,2021-12-14,London,8.3,0
u-3485,Marcus Miles,pro,2022-01-16,San Francisco,8.0,0
u-3486,Aisha Carter,free,2023-07-31,Austin,6.6,1
u-3487,Emily Kim,starter,2022-04-28,London,4.9,0
u-3488,Sofia Mehta,starter,2023-04-24,London,6.4,0
u-3489,Morgan Mehta,free,2022-04-10,Pune,9.7,0
u-3490,Sofia Brown,starter,2022-11-03,London,4.9,0
u-3491,Emily Sharma,free,2023-04-28,Seattle,8.8,0
u-3492,Avery Singh,starter,2021-10-19,Austin,8.6,0
u-3493,Emily Khan,free,2023-07-06,Bengaluru,9.4,0
u-3494,Vikram Shah,free,2023-04-07,Pune,9.4,0
u-3495,Morgan Carter,enterprise,2021-11-12,Pune,3.6,1
u-3496,Riley Patel,pro,2023-07-25,Ahmedabad,4.2,0
u-3497,Morgan Kim,free,2023-08-14,London,3.3,0
u-3498,Sofia Khan,free,2021-10-19,Berlin,4.2,0
u-3499,Sam Nguyen,pro,2022-12-08,San Francisco,10.0,0
u-3500,Quinn Sharma,free,2022-02-28,Hyderabad,10.0,0
u-3501,Priya Lee,starter,2023-11-16,London,5.8,0
u-3502,Vikram Lee,pro,2022-07-04,London,7.5,0
u-3503,Vikram Lee,free,2023-11-03,Seattle,6.5,0
u-3504,Jordan Brown,free,2023-02-10,Austin,8.9,0
u-3505,Priya Miles,free,2023-08-09,London,6.7,0
u-3506,Avery Carter,free,2023-02-01,Seattle,1.5,0
u-3507,Marcus Khan,starter,2023-02-26,San Francisco,7.1,0
u-3508,Riley Patel,free,2021-10-27,London,6.9,0
u-3509,Morgan Chen,enterprise,2022-07-05,Bengaluru,5.4,1
u-3510,Ananya Garcia,pro,2023-12-04,Hyderabad,5.8,1
u-3511,Vikram Lee,free,2022-12-05,Austin,5.2,0
u-3512,Emily Mehta,starter,2022-04-13,Ahmedabad,5.7,1
u-3513,Jordan Shah,free,2022-11-30,Bengaluru,7.9,0
u-3514,Jordan Iyer,free,2022-08-27,Bengaluru,7.9,0
u-3515,Marcus Patel,starter,2022-11-12,Hyderabad,3.3,0
u-3516,Morgan Nguyen,free,2021-10-12,Seattle,7.0,0
u-3517,Riley Patel,free,2022-07-10,Chicago,4.2,1
u-3518,Vikram Lee,free,2022-10-04,Berlin,5.0,0
u-3519,Jordan Kim,free,2021-11-04,Chennai,8.2,0
u-3520,Quinn Garcia,starter,2023-06-02,Austin,5.5,0
u-3521,Jordan Khan,enterprise,2022-04-16,Chennai,6.8,1
u-3522,Morgan Ramirez,starter,2022-03-25,Chicago,8.6,0
u-3523,Casey Khan,enterprise,2023-03-17,Bengaluru,10.0,1
u-3524,Avery Sharma,starter,2021-09-27,Berlin,9.6,0
u-3525,Sofia Carter,free,2023-05-21,San Francisco,5.8,0
u-3526,Ananya Sharma,pro,2021-12-04,Ahmedabad,6.6,0
u-3527,Sofia Iyer,free,2024-01-16,Pune,5.2,1
u-3528,Morgan Iyer,free,2023-05-21,Berlin,8.4,0
u-3529,Jordan Garcia,enterprise,2023-05-12,Berlin,7.4,0
u-3530,Sam Nguyen,starter,2023-04-06,Berlin,6.5,0
u-3531,Vikram Sharma,enterprise,2023-01-18,San Francisco,6.7,0
u-3532,Morgan Kim,free,2022-04-16,Bengaluru,8.3,0
u-3533,Aisha Iyer,pro,2023-01-23,Mumbai,7.6,0
u-3534,Riley Kim,free,2022-08-30,Chennai,3.4,0
u-3535,Rahul Sharma,free,2023-10-25,Mumbai,5.9,0
u-3536,Jordan Mehta,pro,2024-01-22,Mumbai,7.9,0
u-3537,Marcus Carter,starter,2023-02-23,Seattle,7.1,0
u-3538,Sam Miles,starter,2023-10-01,Chicago,10.0,0
u-3539,Riley Lee,pro,2023-10-30,San Francisco,9.2,0
u-3540,Casey Nguyen,pro,2023-11-19,Chicago,4.6,0
u-3541,Aisha Brown,free,2023-06-09,Pune,6.1,1
u-3542,Ananya Iyer,free,2023-08-30,Austin,6.3,0
u-3543,Jordan Ramirez,pro,2023-09-28,London,5.2,0
u-3544,Avery Nguyen,starter,2023-05-12,Ahmedabad,5.2,0
u-3545,Casey Shah,starter,2023-06-25,Chicago,7.4,0
u-3546,Priya Mehta,free,2021-10-13,Seattle,6.6,0
u-3547,Priya Kim,free,2022-07-25,Mumbai,3.0,0
u-3548,Rahul Ramirez,enterprise,2022-06-23,Chennai,7.2,0
u-3549,Jordan Chen,starter,2022-06-14,Ahmedabad,7.5,1
u-3550,Sam Lee,pro,2023-12-16,Mumbai,3.7,0
u-3551,Rahul Singh,free,2022-11-29,London,7.6,0
u-3552,Riley Mehta,free,2022-08-22,Seattle,8.2,0
u-3553,Priya Mehta,starter,2021-11-07,Hyderabad,7.6,0
u-3554,Sofia Patel,pro,2023-01-18,Chicago,8.0,0
u-3555,Ananya Carter,free,2023-06-08,Ahmedabad,5.0,1
u-3556,Casey Kim,free,2022-04-16,San Francisco,10.0,0
u-3557,Rahul Brown,starter,2023-08-25,Berlin,6.2,0
u-3558,Vikram Patel,free,2021-12-24,London,6.0,0
u-3559,Sam Ramirez,free,2023-03-28,Austin,8.5,0
u-3560,Ananya Miles,starter,2023-12-07,Ahmedabad,7.4,0
u-3561,Alex Chen,free,2023-04-01,Ahmedabad,8.7,0
u-3562,Emily Miles,starter,2021-10-02,London,10.0,0
u-3563,Emily Lee,free,2023-01-21,San Francisco,9.9,0
u-3564,Riley Patel,pro,2023-12-13,Ahmedabad,10.0,0
u-3565,Casey Shah,pro,2023-03-14,Chicago,7.3,0
u-3566,Priya Sharma,pro,2022-05-05,Berlin,7.1,0
u-3567,Sofia Miles,starter,2023-12-16,Hyderabad,7.0,0
u-3568,Jordan Khan,starter,2021-12-08,Bengaluru,6.0,1
u-3569,Sofia Shah,free,2022-04-17,Ahmedabad,4.8,0
u-3570,Rahul Singh,starter,2022-04-19,Chennai,6.0,0
u-3571,Vikram Singh,free,2022-04-17,Berlin,7.9,0
u-3572,Ananya Miles,pro,2023-09-23,Pune,8.7,0
u-3573,Priya Carter,free,2022-03-06,Pune,8.2,1
u-3574,Emily Iyer,starter,2023-08-05,Mumbai,8.7,0
u-3575,Quinn Mehta,starter,2023-09-21,Chennai,5.0,1
u-3576,Quinn Mehta,starter,2023-12-28,London,9.4,0
u-3577,Jordan Sharma,free,2023-09-30,Chicago,7.6,0
u-3578,Morgan Patel,starter,2023-10-10,Chicago,8.6,0
u-3579,Sofia Chen,starter,2021-12-24,Seattle,6.4,1
u-3580,Morgan Chen,enterprise,2023-12-10,San Francisco,1.7,1
u-3581,Vikram Miles,starter,2022-07-18,Bengaluru,8.9,0
u-3582,Alex Brown,free,2023-12-17,Chicago,8.2,0
u-3583,Aisha Nguyen,pro,2021-10-18,Bengaluru,6.7,0
u-3584,Emily Patel,free,2022-09-30,Austin,10.0,0
u-3585,Quinn Miles,free,2022-11-11,Bengaluru,7.1,0
u-3586,Riley Sharma,free,2023-11-27,Berlin,5.8,0
u-3587,Sofia Patel,starter,2022-01-07,Austin,7.4,0
u-3588,Casey Ramirez,starter,2023-01-28,Austin,6.2,0
u-3589,Vikram Chen,starter,2023-10-03,Berlin,9.3,0
u-3590,Morgan Ramirez,pro,2022-05-25,Austin,8.4,0
u-3591,Quinn Singh,starter,2021-11-02,San Francisco,7.6,0
u-3592,Priya Ramirez,free,2024-01-19,Bengaluru,5.8,0
u-3593,Alex Sharma,starter,2023-08-10,Mumbai,9.7,0
u-3594,Jordan Singh,pro,2022-07-26,Berlin,9.4,0
u-3595,Casey Nguyen,starter,2023-12-09,Hyderabad,9.8,0
u-3596,Casey Mehta,starter,2022-04-14,Mumbai,6.1,0
u-3597,Avery Miles,starter,2022-08-20,London,7.6,0
u-3598,Casey Garcia,starter,2022-10-23,San Francisco,7.4,0
u-3599,Emily Mehta,free,2023-04-22,Berlin,8.3,0
u-3600,Alex Chen,pro,2022-12-15,Seattle,9.0,0
u-3601,Alex Ramirez,free,2023-11-22,Austin,6.7,0
u-3602,Ananya Lee,free,2022-05-07,Pune,8.3,0
u-3603,Avery Sharma,pro,2022-08-16,Seattle,4.4,0
u-3604,Morgan Patel,pro,2022-10-29,Pune,4.3,0
u-3605,Sam Ramirez,starter,2022-03-22,San Francisco,3.8,0
u-3606,Quinn Lee,starter,2022-11-15,Pune,7.6,0
u-3607,Priya Mehta,enterprise,2023-02-16,Bengaluru,7.3,0
u-3608,Emily Nguyen,free,2022-03-06,San Francisco,7.3,0
u-3609,Avery Ramirez,starter,2021-11-10,Chennai,8.2,0
u-3610,Emily Kim,starter,2022-02-03,Austin,8.6,0
u-3611,Emily Shah,starter,2022-11-14,Chicago,5.2,1
u-3612,Riley Miles,starter,2023-03-18,Seattle,9.2,0
u-3613,Jordan Lee,enterprise,2023-10-11,Austin,8.0,0
u-3614,Vikram Miles,free,2023-02-05,Mumbai,8.0,1
u-3615,Avery Lee,free,2022-02-08,Berlin,6.4,0
u-3616,Priya Patel,starter,2022-03-07,San Francisco,5.7,0
u-3617,Emily Lee,starter,2023-10-13,London,7.4,1
u-3618,Casey Garcia,pro,2022-10-15,London,8.2,0
u-3619,Rahul Singh,enterprise,2022-06-29,Austin,6.0,1
u-3620,Ananya Singh,starter,2022-06-14,Pune,9.5,0
u-3621,Riley Garcia,enterprise,2022-01-01,Chicago,6.7,0
u-3622,Ananya Nguyen,free,2023-11-28,Mumbai,6.3,0
u-3623,Alex Khan,free,2022-12-24,Seattle,8.2,0
u-3624,Marcus Chen,free,2023-11-11,Bengaluru,9.5,0
u-3625,Riley Singh,pro,2022-05-12,Bengaluru,6.7,0
u-3626,Vikram Singh,free,2022-10-27,Berlin,5.8,0
u-3627,Emily Mehta,free,2023-01-21,Bengaluru,8.2,0
u-3628,Aisha Iyer,starter,2022-02-19,Berlin,4.8,1
u-3629,Avery Carter,free,2022-01-26,Hyderabad,8.2,1
u-3630,Jordan Ramirez,starter,2023-05-02,Bengaluru,6.7,1
u-3631,Riley Mehta,pro,2022-02-22,San Francisco,9.3,0
u-3632,Rahul Garcia,free,2021-10-19,Bengaluru,8.1,0
u-3633,Morgan Khan,starter,2023-12-18,Hyderabad,5.5,0
u-3634,Marcus Nguyen,free,2022-04-11,Bengaluru,8.4,0
u-3635,Alex Patel,free,2023-10-24,Pune,7.4,0
u-3636,Ananya Lee,free,2022-03-23,Bengaluru,8.9,0
u-3637,Quinn Patel,starter,2022-06-20,Berlin,6.9,0
u-3638,Sam Shah,starter,2022-02-06,Bengaluru,7.5,0
u-3639,Sofia Sharma,starter,2022-09-20,Austin,4.0,0
u-3640,Casey Carter,pro,2023-06-25,Bengaluru,3.8,0
u-3641,Ananya Kim,free,2022-06-06,Pune,5.8,1
u-3642,Sofia Lee,pro,2023-04-20,Bengaluru,6.8,0
u-3643,Vikram Miles,starter,2024-01-05,Bengaluru,5.1,0
u-3644,Avery Sharma,free,2023-10-21,Bengaluru,5.1,0
u-3645,Quinn Sharma,free,2022-01-05,Mumbai,6.3,0
u-3646,Rahul Iyer,free,2023-03-08,Seattle,8.5,0
u-3647,Avery Chen,free,2023-09-29,Austin,9.3,0
u-3648,Priya Sharma,free,2024-01-01,Hyderabad,9.5,0
u-3649,Casey Shah,free,2023-12-28,Mumbai,5.0,1
u-3650,Vikram Mehta,pro,2022-04-19,Mumbai,4.9,0
u-3651,Avery Sharma,pro,2023-10-11,Bengaluru,3.2,0
u-3652,Ananya Nguyen,starter,2022-03-05,London,10.0,0
u-3653,Sofia Chen,pro,2022-10-03,Seattle,4.5,0
u-3654,Emily Ramirez,enterprise,2023-07-31,Seattle,7.8,0
u-3655,Quinn Sharma,starter,2021-12-10,San Francisco,9.4,0
u-3656,Morgan Singh,starter,2022-12-02,Hyderabad,9.5,0
u-3657,Marcus Garcia,starter,2023-02-23,Chennai,8.1,0
u-3658,Alex Shah,enterprise,2022-06-27,London,10.0,0
u-3659,Riley Patel,pro,2022-07-09,London,5.5,0
u-3660,Emily Carter,free,2022-04-26,Hyderabad,8.8,0
u-3661,Casey Nguyen,pro,2022-08-16,Bengaluru,6.6,0
u-3662,Sofia Miles,free,2021-10-11,Bengaluru,3.6,1
u-3663,Avery Garcia,free,2023-02-05,Austin,7.0,0
u-3664,Alex Miles,starter,2023-08-11,Chennai,8.4,0
u-3665,Emily Shah,starter,2023-10-14,Mumbai,6.9,1
u-3666,Sofia Garcia,free,2023-07-02,Hyderabad,6.0,0
u-3667,Riley Garcia,free,2022-03-31,Austin,9.7,1
u-3668,Morgan Shah,pro,2022-01-20,San Francisco,4.7,0
u-3669,Sofia Brown,free,2023-05-24,Berlin,4.6,1
u-3670,Sofia Miles,pro,2023-11-09,Ahmedabad,6.5,0
u-3671,Quinn Miles,starter,2022-05-16,Hyderabad,6.9,0
u-3672,Alex Kim,starter,2022-03-20,San Francisco,7.2,0
u-3673,Sam Chen,free,2023-12-16,San Francisco,8.2,0
u-3674,Riley Singh,enterprise,2023-10-08,Ahmedabad,8.0,0
u-3675,Sofia Iyer,pro,2023-04-16,Seattle,4.7,1
u-3676,Morgan Nguyen,free,2022-12-24,Seattle,2.4,0
u-3677,Sam Carter,starter,2023-10-28,Mumbai,10.0,0
u-3678,Marcus Khan,pro,2022-09-04,Austin,7.8,0
u-3679,Emily Ramirez,free,2022-11-26,London,8.9,0
u-3680,Marcus Patel,starter,2022-04-04,Seattle,7.9,0
u-3681,Jordan Nguyen,pro,2021-10-25,London,10.0,0
u-3682,Alex Sharma,starter,2023-10-25,Seattle,5.4,0
u-3683,Sam Patel,enterprise,2023-01-04,Chicago,8.0,0
u-3684,Avery Singh,free,2022-02-15,Chicago,7.5,0
u-3685,Emily Lee,pro,2024-01-24,Ahmedabad,5.6,0
u-3686,Sam Brown,enterprise,2022-01-23,Chicago,5.6,1
u-3687,Priya Kim,free,2023-02-21,Chicago,8.3,1
u-3688,Avery Mehta,starter,2022-03-13,Hyderabad,9.9,0
u-3689,Quinn Carter,starter,2022-08-27,Pune,7.6,0
u-3690,Jordan Nguyen,pro,2021-11-08,Berlin,3.3,1
u-3691,Casey Kim,free,2023-09-24,London,5.6,0
u-3692,Morgan Kim,free,2022-01-04,Hyderabad,3.6,0
u-3693,Marcus Chen,pro,2022-09-27,Pune,6.8,1
u-3694,Vikram Singh,starter,2022-04-04,Berlin,2.6,0
u-3695,Priya Chen,starter,2022-03-31,Pune,8.4,0
u-3696,Vikram Mehta,starter,2022-09-15,Pune,9.2,0
u-3697,Marcus Lee,enterprise,2023-01-04,Berlin,6.8,0
u-3698,Aisha Kim,free,2022-02-28,Chicago,5.9,0
u-3699,Avery Garcia,enterprise,2022-11-18,Chennai,8.2,0
u-3700,Priya Lee,starter,2021-10-06,Chennai,5.1,1
u-3701,Sofia Iyer,pro,2022-07-01,Chicago,2.5,1
u-3702,Morgan Carter,free,2022-07-27,Chennai,4.5,1
u-3703,Morgan Lee,starter,2022-09-13,Chicago,4.4,0
u-3704,Priya Mehta,pro,2023-07-05,Ahmedabad,8.8,0
u-3705,Ananya Carter,pro,2022-04-21,Austin,6.3,0
u-3706,Morgan Brown,free,2023-07-01,Chennai,7.6,1
u-3707,Quinn Shah,starter,2022-08-15,Hyderabad,8.9,0
u-3708,Jordan Carter,free,2022-03-11,Chennai,4.9,0
u-3709,Aisha Patel,free,2023-01-05,Austin,4.1,0
u-3710,Rahul Iyer,pro,2021-09-24,London,8.5,0
u-3711,Avery Patel,enterprise,2023-09-12,Hyderabad,5.6,1
u-3712,Ananya Khan,starter,2023-08-03,Austin,8.6,0
u-3713,Marcus Patel,free,2023-05-14,Bengaluru,6.2,0
u-3714,Vikram Mehta,free,2021-10-11,San Francisco,5.4,0
u-3715,Morgan Nguyen,free,2022-10-25,Seattle,7.8,0
u-3716,Aisha Khan,free,2023-06-13,Chicago,4.0,0
u-3717,Rahul Mehta,pro,2021-10-14,Mumbai,10.0,0
u-3718,Avery Kim,free,2023-02-07,Hyderabad,9.1,1
u-3719,Marcus Singh,free,2023-06-15,Hyderabad,6.9,1
u-3720,Alex Nguyen,pro,2021-12-03,Austin,10.0,0
u-3721,Alex Iyer,free,2023-09-20,Chicago,4.7,1
u-3722,Ananya Lee,starter,2021-10-18,Bengaluru,5.5,0
u-3723,Rahul Singh,starter,2023-12-24,London,7.8,0
u-3724,Ananya Iyer,free,2022-09-26,Hyderabad,1.8,0
u-3725,Sofia Lee,starter,2022-09-13,Pune,3.8,0
u-3726,Jordan Carter,starter,2021-10-28,Chennai,7.2,0
u-3727,Marcus Singh,starter,2021-11-15,Chicago,7.8,0
u-3728,Quinn Brown,free,2022-01-30,Chennai,7.8,0
u-3729,Avery Lee,free,2021-11-27,Seattle,9.8,0
u-3730,Avery Nguyen,starter,2022-01-09,Austin,7.5,0
u-3731,Rahul Kim,free,2022-11-12,London,8.5,0
u-3732,Sofia Khan,free,2022-01-07,Mumbai,4.3,0
u-3733,Sam Chen,free,2022-04-02,Mumbai,9.5,0
u-3734,Alex Iyer,free,2023-03-02,Austin,5.8,0
u-3735,Marcus Shah,free,2021-12-28,Ahmedabad,8.6,0
u-3736,Ananya Shah,enterprise,2024-01-06,Berlin,9.5,0
u-3737,Aisha Iyer,starter,2023-11-04,Chennai,5.0,0
u-3738,Quinn Lee,starter,2023-09-11,Chicago,9.8,0
u-3739,Ananya Miles,free,2022-10-24,Chicago,9.8,0
u-3740,Riley Shah,free,2023-11-29,Austin,9.0,0
u-3741,Quinn Miles,pro,2023-07-21,Mumbai,9.8,0
u-3742,Quinn Lee,pro,2023-07-06,Hyderabad,7.5,1
u-3743,Ananya Garcia,enterprise,2023-07-05,Seattle,5.5,1
u-3744,Sam Chen,free,2023-12-15,London,5.2,1
u-3745,Avery Sharma,free,2023-07-21,Ahmedabad,3.8,0
u-3746,Priya Mehta,pro,2023-06-06,San Francisco,7.1,0
u-3747,Sofia Lee,free,2022-04-12,Bengaluru,9.5,0
u-3748,Marcus Shah,free,2022-09-07,Seattle,6.6,0
u-3749,Rahul Miles,free,2023-05-04,Chicago,10.0,0
u-3750,Marcus Miles,free,2023-10-02,Chennai,7.2,0
u-3751,Quinn Khan,pro,2022-11-12,San Francisco,7.6,0
u-3752,Vikram Nguyen,pro,2023-05-03,Seattle,5.4,0
u-3753,Rahul Mehta,starter,2022-06-05,Berlin,6.0,0
u-3754,Sam Sharma,free,2023-07-22,London,6.1,0
u-3755,Sofia Ramirez,pro,2021-09-17,Chennai,3.2,0
u-3756,Rahul Mehta,starter,2023-11-11,London,8.0,0
u-3757,Jordan Chen,pro,2022-02-05,Austin,8.9,0
u-3758,Sofia Mehta,starter,2022-06-23,Bengaluru,5.3,0
u-3759,Riley Iyer,enterprise,2022-06-26,Chicago,6.3,1
u-3760,Alex Ramirez,free,2021-12-17,Chicago,6.2,0
u-3761,Alex Miles,starter,2023-01-05,Austin,7.1,0
u-3762,Riley Kim,pro,2022-05-20,London,7.5,0
u-3763,Vikram Miles,pro,2022-10-30,Chicago,3.9,1
u-3764,Avery Chen,enterprise,2022-06-16,Austin,5.0,0
u-3765,Jordan Brown,free,2022-10-08,Chennai,9.4,0
u-3766,Rahul Nguyen,starter,2021-09-29,London,5.0,0
u-3767,Vikram Ramirez,free,2023-04-26,Ahmedabad,8.5,0
u-3768,Casey Lee,starter,2022-05-06,Mumbai,10.0,0
u-3769,Morgan Sharma,free,2023-09-10,Ahmedabad,6.5,0
u-3770,Emily Carter,starter,2023-12-23,Hyderabad,8.3,0
u-3771,Avery Lee,enterprise,2022-05-31,Berlin,7.6,0
u-3772,Vikram Shah,pro,2023-07-27,Berlin,6.5,0
u-3773,Vikram Kim,starter,2024-01-19,Hyderabad,5.7,1
u-3774,Priya Chen,free,2022-07-27,Chicago,7.9,0
u-3775,Ananya Nguyen,free,2022-08-18,Berlin,8.9,0
u-3776,Vikram Lee,free,2022-07-26,Hyderabad,3.4,0
u-3777,Avery Singh,free,2023-01-02,Chicago,6.2,0
u-3778,Alex Khan,pro,2022-02-07,San Francisco,9.8,0
u-3779,Quinn Shah,starter,2024-01-21,Mumbai,7.0,0
u-3780,Emily Nguyen,free,2023-09-16,Chennai,10.0,0
u-3781,Rahul Mehta,pro,2023-03-11,Mumbai,7.5,0
u-3782,Vikram Shah,free,2021-10-01,Chicago,7.9,0
u-3783,Quinn Singh,free,2022-05-16,Berlin,8.7,0
u-3784,Sofia Kim,free,2022-11-09,Austin,7.0,1
u-3785,Sam Kim,free,2021-10-29,Austin,6.0,0
u-3786,Avery Iyer,starter,2021-11-23,Chennai,6.4,1
u-3787,Sofia Chen,pro,2023-11-02,Berlin,4.8,0
u-3788,Alex Chen,starter,2022-10-29,London,4.9,0
u-3789,Vikram Kim,pro,2021-10-27,Seattle,2.2,1
u-3790,Priya Khan,pro,2023-08-23,Ahmedabad,6.8,0
u-3791,Casey Miles,pro,2023-09-17,London,7.4,0
u-3792,Jordan Khan,enterprise,2023-04-02,Hyderabad,3.3,0
u-3793,Quinn Ramirez,enterprise,2021-10-11,Bengaluru,5.4,0
u-3794,Riley Shah,pro,2023-07-24,Berlin,9.3,0
u-3795,Marcus Carter,free,2022-07-29,Bengaluru,7.8,1
u-3796,Morgan Mehta,free,2023-06-17,Pune,8.1,0
u-3797,Riley Sharma,pro,2022-05-01,Hyderabad,3.8,0
u-3798,Sofia Nguyen,pro,2021-12-19,Ahmedabad,9.9,0
u-3799,Avery Kim,pro,2023-12-28,Chicago,8.1,0
u-3800,Rahul Khan,starter,2023-03-10,Hyderabad,4.8,0
u-3801,Ananya Shah,pro,2022-09-16,Chicago,6.7,0
u-3802,Emily Singh,pro,2023-08-27,Berlin,10.0,0
u-3803,Riley Chen,starter,2022-07-29,Pune,9.8,0
u-3804,Rahul Miles,free,2023-03-21,London,5.9,0
u-3805,Casey Shah,starter,2024-01-02,Chennai,7.6,1
u-3806,Quinn Ramirez,free,2022-08-13,London,5.6,0
u-3807,Casey Chen,free,2023-12-30,Pune,8.3,0
u-3808,Priya Khan,starter,2023-08-11,Hyderabad,10.0,0
u-3809,Morgan Brown,free,2023-09-12,Seattle,7.3,0
u-3810,Ananya Mehta,pro,2023-12-19,Ahmedabad,7.5,0
u-3811,Sam Mehta,starter,2023-02-09,Chicago,8.1,0
u-3812,Avery Ramirez,starter,2022-01-04,Hyderabad,6.7,0
u-3813,Morgan Garcia,free,2023-05-12,Austin,10.0,0
u-3814,Sam Shah,pro,2023-07-08,Mumbai,8.1,0
u-3815,Sofia Garcia,starter,2022-03-01,Bengaluru,5.5,0
u-3816,Priya Patel,starter,2021-11-09,London,7.4,0
u-3817,Emily Miles,starter,2023-05-15,Ahmedabad,7.4,0
u-3818,Marcus Nguyen,starter,2023-12-22,Chicago,7.6,0
u-3819,Sam Nguyen,starter,2022-04-11,Mumbai,5.7,0
u-3820,Priya Singh,pro,2022-07-15,Chennai,5.5,0
u-3821,Quinn Sharma,pro,2021-09-17,Hyderabad,7.6,0
u-3822,Priya Garcia,free,2022-07-03,Bengaluru,9.1,0
u-3823,Emily Ramirez,enterprise,2021-11-15,Austin,8.0,0
u-3824,Rahul Garcia,free,2023-09-19,San Francisco,9.7,0
u-3825,Ananya Shah,free,2023-09-11,Berlin,7.7,0
u-3826,Ananya Ramirez,free,2022-07-03,Bengaluru,5.8,0
u-3827,Vikram Miles,free,2022-04-22,Hyderabad,10.0,0
u-3828,Sam Miles,free,2023-03-01,Pune,9.6,0
u-3829,Marcus Carter,pro,2023-01-23,Mumbai,9.4,0
u-3830,Riley Nguyen,starter,2023-03-06,Berlin,9.2,0
u-3831,Vikram Lee,enterprise,2023-12-22,Pune,10.0,0
u-3832,Jordan Brown,free,2021-12-30,Chennai,8.6,0
u-3833,Rahul Patel,starter,2021-12-04,Bengaluru,9.1,0
u-3834,Riley Iyer,free,2021-10-26,Pune,3.6,1
u-3835,Ananya Patel,starter,2022-11-20,San Francisco,10.0,1
u-3836,Quinn Mehta,free,2023-09-07,Mumbai,8.9,0
u-3837,Aisha Shah,starter,2023-02-15,London,10.0,0
u-3838,Casey Mehta,pro,2022-06-16,Hyderabad,5.6,0
u-3839,Priya Garcia,free,2023-09-04,Chennai,6.9,0
u-3840,Priya Chen,free,2023-09-20,Bengaluru,6.9,0
u-3841,Jordan Singh,starter,2021-09-21,San Francisco,7.2,1
u-3842,Casey Chen,free,2024-01-02,Ahmedabad,8.0,1
u-3843,Alex Iyer,starter,2022-08-30,Seattle,5.7,0
u-3844,Alex Ramirez,starter,2023-09-24,Bengaluru,9.1,0
u-3845,Jordan Mehta,pro,2024-01-13,San Francisco,6.0,0
u-3846,Sam Iyer,enterprise,2022-07-29,Bengaluru,8.1,0
u-3847,Sam Brown,free,2023-08-25,Chennai,5.8,0
u-3848,Ananya Chen,pro,2022-05-10,Austin,5.0,0
u-3849,Sam Mehta,pro,2022-02-14,Chennai,5.4,0
u-3850,Ananya Brown,free,2022-11-17,Chicago,5.3,0
u-3851,Jordan Kim,pro,2023-09-09,Berlin,7.4,0
u-3852,Riley Mehta,starter,2021-10-27,Austin,7.4,0
u-3853,Casey Brown,pro,2023-03-15,Berlin,10.0,0
u-3854,Casey Chen,pro,2022-04-08,Hyderabad,9.2,1
u-3855,Marcus Nguyen,pro,2023-08-18,Bengaluru,10.0,0
u-3856,Rahul Kim,pro,2023-09-14,London,8.8,0
u-3857,Jordan Carter,pro,2022-06-25,San Francisco,6.4,0
u-3858,Sofia Sharma,free,2023-08-05,San Francisco,8.3,0
u-3859,Vikram Miles,enterprise,2022-10-26,Hyderabad,8.8,0
u-3860,Emily Nguyen,starter,2022-09-01,Austin,7.0,1
u-3861,Sofia Sharma,pro,2023-10-18,Pune,8.3,0
u-3862,Rahul Chen,pro,2023-04-18,London,8.5,0
u-3863,Vikram Shah,free,2023-08-17,Pune,7.3,0
u-3864,Sam Khan,free,2024-02-01,San Francisco,4.9,0
u-3865,Rahul Ramirez,pro,2021-10-29,Hyderabad,6.4,1
u-3866,Morgan Lee,enterprise,2024-01-11,London,7.8,0
u-3867,Avery Singh,pro,2022-02-10,Chicago,9.0,0
u-3868,Sofia Khan,starter,2023-02-11,Pune,9.5,1
u-3869,Jordan Mehta,free,2023-06-06,Bengaluru,8.7,0
u-3870,Casey Miles,starter,2022-11-03,Bengaluru,8.1,0
u-3871,Emily Brown,free,2021-11-27,Chicago,6.1,1
u-3872,Emily Shah,pro,2022-07-13,Bengaluru,9.0,0
u-3873,Sofia Iyer,starter,2023-11-23,Austin,9.8,0
u-3874,Vikram Miles,free,2022-04-09,Mumbai,4.4,0
u-3875,Morgan Patel,starter,2022-04-08,Austin,6.4,0
u-3876,Rahul Nguyen,enterprise,2021-10-12,Seattle,8.6,0
u-3877,Avery Chen,starter,2023-08-10,Hyderabad,8.3,0
u-3878,Sofia Lee,free,2022-02-02,Seattle,9.2,0
u-3879,Rahul Garcia,starter,2023-03-17,Pune,8.5,0
u-3880,Alex Carter,starter,2023-03-29,Seattle,4.1,0
u-3881,Sam Patel,free,2022-07-31,San Francisco,6.0,0
u-3882,Riley Garcia,pro,2022-10-24,Mumbai,5.9,0
u-3883,Avery Singh,free,2023-07-17,Berlin,10.0,0
u-3884,Riley Ramirez,starter,2023-07-29,Seattle,6.9,0
u-3885,Emily Kim,starter,2022-07-16,Hyderabad,8.3,0
u-3886,Avery Miles,starter,2021-10-12,Bengaluru,6.2,0
u-3887,Aisha Ramirez,starter,2023-07-17,Chennai,10.0,0
u-3888,Priya Shah,starter,2022-10-24,San Francisco,4.7,0
u-3889,Sofia Mehta,free,2023-05-11,Pune,7.3,0
u-3890,Alex Mehta,free,2023-06-29,London,7.4,0
u-3891,Casey Iyer,pro,2022-03-12,Berlin,10.0,0
u-3892,Rahul Patel,pro,2022-05-13,Berlin,7.7,0
u-3893,Morgan Khan,free,2022-12-11,Ahmedabad,8.4,0
u-3894,Alex Miles,free,2022-12-04,Bengaluru,7.7,0
u-3895,Aisha Sharma,enterprise,2023-01-27,London,9.0,0
u-3896,Jordan Chen,free,2021-09-17,Seattle,4.8,1
u-3897,Morgan Iyer,enterprise,2021-10-31,London,4.0,0
u-3898,Riley Miles,pro,2023-11-29,Austin,7.9,0
u-3899,Casey Kim,free,2022-02-22,Chicago,7.1,0
u-3900,Rahul Miles,free,2023-04-16,San Francisco,6.3,0
u-3901,Riley Singh,enterprise,2022-07-13,Mumbai,6.2,0
u-3902,Avery Nguyen,free,2021-11-04,Seattle,9.1,0
u-3903,Quinn Shah,starter,2023-01-31,Pune,7.0,0
u-3904,Sam Brown,free,2022-12-27,London,8.0,0
u-3905,Casey Iyer,starter,2022-08-06,Chicago,6.1,0
u-3906,Marcus Lee,pro,2023-05-06,Berlin,9.1,1
u-3907,Morgan Kim,starter,2023-06-17,San Francisco,9.6,0
u-3908,Aisha Patel,free,2022-08-24,Hyderabad,7.4,0
u-3909,Sam Shah,starter,2023-08-05,Chennai,4.7,0
u-3910,Vikram Khan,starter,2022-07-03,Seattle,8.5,0
u-3911,Avery Shah,free,2023-06-29,Berlin,10.0,0
u-3912,Aisha Miles,pro,2023-11-13,San Francisco,8.7,1
u-3913,Marcus Iyer,starter,2023-11-06,Chicago,7.9,0
u-3914,Avery Nguyen,free,2023-06-21,Chennai,3.8,1
u-3915,Priya Nguyen,enterprise,2023-11-05,Seattle,9.4,0
u-3916,Emily Chen,starter,2023-05-09,Ahmedabad,8.0,0
u-3917,Jordan Nguyen,free,2023-02-03,Mumbai,7.5,1
u-3918,Riley Miles,free,2023-07-03,Bengaluru,8.8,0
u-3919,Emily Shah,free,2022-10-25,Seattle,9.8,0
u-3920,Quinn Shah,free,2023-03-05,Pune,8.7,0
u-3921,Jordan Shah,free,2023-11-24,Chicago,9.8,0
u-3922,Riley Sharma,pro,2023-04-16,Chicago,2.7,1
u-3923,Emily Khan,starter,2024-01-22,London,8.7,0
u-3924,Quinn Garcia,free,2022-05-06,Mumbai,7.8,0
u-3925,Quinn Iyer,pro,2023-01-12,Berlin,6.2,1
u-3926,Sam Shah,pro,2022-08-29,Chicago,6.1,0
u-3927,Sofia Lee,starter,2023-10-01,Seattle,9.4,0
u-3928,Alex Miles,enterprise,2023-01-24,Hyderabad,9.1,1
u-3929,Emily Singh,free,2022-02-28,Berlin,10.0,0
u-3930,Rahul Khan,free,2023-08-11,Austin,6.0,0
u-3931,Emily Kim,free,2021-09-28,Pune,5.4,0
u-3932,Vikram Khan,free,2023-02-01,Bengaluru,5.8,0
u-3933,Alex Kim,starter,2023-10-06,Chicago,6.2,0
u-3934,Sam Ramirez,free,2023-08-28,Ahmedabad,7.8,0
u-3935,Quinn Nguyen,starter,2022-12-27,San Francisco,8.7,0
u-3936,Avery Carter,pro,2021-10-26,Seattle,5.8,0
u-3937,Aisha Miles,pro,2022-12-18,Austin,9.7,0
u-3938,Aisha Kim,starter,2023-09-03,Pune,8.3,0
u-3939,Ananya Iyer,starter,2023-03-01,Chicago,7.9,0
u-3940,Casey Miles,pro,2022-01-15,Austin,8.9,0
u-3941,Vikram Shah,starter,2021-09-28,Berlin,5.6,0
u-3942,Aisha Chen,starter,2022-08-15,London,7.0,0
u-3943,Sam Mehta,free,2022-01-09,Ahmedabad,4.1,0
u-3944,Sofia Brown,free,2022-02-26,Mumbai,8.3,0
u-3945,Sam Kim,starter,2023-01-28,Seattle,8.2,0
u-3946,Sam Chen,starter,2021-12-20,London,5.3,0
u-3947,Riley Iyer,free,2023-11-28,Pune,6.9,0
u-3948,Priya Singh,free,2022-03-04,Berlin,6.8,0
u-3949,Priya Mehta,pro,2022-09-14,Ahmedabad,4.7,0
u-3950,Jordan Kim,free,2022-09-07,Pune,4.9,0
u-3951,Riley Sharma,starter,2021-11-10,Austin,10.0,0
u-3952,Jordan Ramirez,free,2023-06-14,Berlin,4.3,1
u-3953,Vikram Chen,free,2023-08-13,Chennai,6.3,0
u-3954,Marcus Kim,pro,2022-07-07,Seattle,10.0,0
u-3955,Sam Garcia,free,2022-04-27,Ahmedabad,4.9,0
u-3956,Vikram Singh,free,2024-01-28,Chicago,7.0,0
u-3957,Sofia Nguyen,enterprise,2022-11-24,Berlin,5.0,0
u-3958,Quinn Ramirez,starter,2023-03-10,Seattle,7.6,0
u-3959,Aisha Mehta,starter,2022-02-19,Chennai,8.1,0
u-3960,Emily Chen,starter,2022-01-16,Chennai,7.8,0
u-3961,Vikram Chen,free,2023-10-04,Pune,5.7,0
u-3962,Riley Miles,free,2022-09-14,Chicago,10.0,0
u-3963,Morgan Garcia,starter,2022-05-14,Chicago,5.8,0
u-3964,Alex Garcia,free,2023-06-20,Bengaluru,8.5,0
u-3965,Emily Sharma,free,2021-11-11,Ahmedabad,9.6,0
u-3966,Vikram Ramirez,starter,2021-12-17,Mumbai,7.6,0
u-3967,Riley Carter,free,2023-09-05,Mumbai,8.8,0
u-3968,Priya Singh,free,2024-01-19,Austin,5.5,1
u-3969,Priya Sharma,starter,2022-09-17,London,8.3,0
u-3970,Vikram Ramirez,starter,2021-12-25,Bengaluru,9.4,0
u-3971,Sam Patel,starter,2022-06-18,Berlin,6.5,0
u-3972,Quinn Nguyen,free,2022-04-12,Chennai,9.5,0
u-3973,Marcus Miles,pro,2022-05-16,Austin,8.6,0
u-3974,Jordan Garcia,pro,2023-09-27,Chicago,9.5,0
u-3975,Rahul Brown,starter,2023-12-05,Chicago,8.8,0
u-3976,Aisha Mehta,pro,2023-12-09,Hyderabad,6.2,0
u-3977,Avery Mehta,free,2021-09-29,London,7.4,0
u-3978,Quinn Nguyen,free,2021-10-27,Pune,8.4,0
u-3979,Sofia Brown,free,2022-02-06,Bengaluru,7.7,0
u-3980,Sofia Brown,starter,2023-12-05,Berlin,7.3,0
u-3981,Rahul Nguyen,pro,2021-12-20,Ahmedabad,8.5,0
u-3982,Rahul Singh,free,2021-10-07,Mumbai,10.0,0
u-3983,Jordan Kim,free,2022-03-21,Hyderabad,5.3,0
u-3984,Avery Singh,pro,2023-02-01,Chennai,6.8,0
u-3985,Quinn Nguyen,free,2023-11-13,Chicago,8.3,0
u-3986,Casey Brown,starter,2023-03-31,Pune,6.4,0
u-3987,Casey Iyer,free,2023-08-08,Mumbai,7.1,0
u-3988,Morgan Mehta,enterprise,2022-07-16,Chennai,10.0,0
u-3989,Quinn Shah,free,2021-12-25,Chennai,4.9,0
u-3990,Morgan Iyer,pro,2022-11-27,Ahmedabad,7.2,1
u-3991,Morgan Carter,starter,2023-12-22,London,3.6,1
u-3992,Priya Patel,enterprise,2023-02-27,Pune,5.1,1
u-3993,Sofia Ramirez,enterprise,2022-03-08,San Francisco,2.7,0
u-3994,Quinn Khan,pro,2022-07-25,San Francisco,5.4,0
u-3995,Alex Miles,free,2023-12-28,Austin,4.2,0
u-3996,Marcus Shah,starter,2023-04-03,Bengaluru,10.0,0
u-3997,Rahul Garcia,pro,2023-04-01,London,3.4,1
u-3998,Casey Lee,starter,2024-01-03,Bengaluru,2.8,1
u-3999,Alex Mehta,pro,2023-04-03,Mumbai,10.0,0
u-4000,Jordan Carter,pro,2022-02-14,Chennai,8.8,0
u-4001,Rahul Nguyen,free,2023-10-11,Mumbai,5.8,0
u-4002,Sofia Singh,free,2022-11-11,Chennai,6.5,1
u-4003,Rahul Ramirez,free,2022-07-10,Pune,9.9,0
u-4004,Morgan Sharma,starter,2022-06-14,San Francisco,6.9,0
u-4005,Aisha Khan,starter,2023-04-21,Ahmedabad,3.6,0
u-4006,Quinn Patel,free,2022-09-19,San Francisco,8.9,0
u-4007,Jordan Kim,pro,2022-05-14,Berlin,1.1,0
u-4008,Vikram Carter,free,2022-08-16,Mumbai,8.9,0
u-4009,Quinn Ramirez,starter,2022-02-02,Hyderabad,8.5,0
u-4010,Quinn Lee,starter,2023-07-26,Mumbai,6.7,1
u-4011,Avery Carter,starter,2023-10-31,Hyderabad,6.9,0
u-4012,Quinn Mehta,free,2021-11-10,Seattle,7.4,0
u-4013,Sam Shah,pro,2022-05-04,Mumbai,3.6,0
u-4014,Casey Khan,pro,2023-01-08,Hyderabad,10.0,0
u-4015,Ananya Mehta,starter,2022-09-23,Pune,6.7,0
u-4016,Priya Miles,enterprise,2021-11-23,Hyderabad,5.3,0
u-4017,Aisha Ramirez,free,2022-01-08,Pune,6.2,0
u-4018,Sam Ramirez,free,2022-03-01,London,6.5,0
u-4019,Priya Khan,free,2022-09-05,London,5.6,0
u-4020,Aisha Khan,pro,2022-05-16,Hyderabad,3.2,1
u-4021,Emily Mehta,free,2022-09-15,London,9.3,0
u-4022,Jordan Carter,enterprise,2022-12-28,Seattle,9.4,0
u-4023,Morgan Khan,starter,2022-06-25,Seattle,8.3,0
u-4024,Casey Chen,pro,2024-01-13,San Francisco,7.0,0
u-4025,Sofia Garcia,starter,2022-02-12,London,9.8,0
u-4026,Jordan Nguyen,pro,2023-05-03,Chicago,7.1,1
u-4027,Sofia Garcia,starter,2022-10-15,Chennai,7.1,0
u-4028,Avery Brown,starter,2022-07-03,Ahmedabad,5.2,1
u-4029,Vikram Chen,pro,2023-04-22,London,10.0,0
u-4030,Vikram Chen,free,2023-04-20,Chicago,6.6,0
u-4031,Rahul Miles,pro,2023-09-01,Mumbai,6.5,0
u-4032,Vikram Khan,pro,2023-11-07,Hyderabad,7.8,0
u-4033,Morgan Ramirez,pro,2021-12-26,Mumbai,7.2,0
u-4034,Vikram Sharma,free,2022-11-08,Bengaluru,3.9,1
u-4035,Casey Kim,free,2022-06-21,Chennai,4.8,0
u-4036,Emily Sharma,free,2023-09-20,Ahmedabad,8.7,0
u-4037,Sam Sharma,starter,2022-01-21,Pune,9.8,0
u-4038,Aisha Sharma,free,2023-05-11,London,4.6,1
u-4039,Casey Khan,enterprise,2022-12-28,Chennai,7.6,0
u-4040,Avery Patel,enterprise,2022-11-22,London,4.5,0
u-4041,Quinn Ramirez,free,2022-04-25,Chicago,2.6,1
u-4042,Casey Khan,pro,2023-10-23,London,5.2,0
u-4043,Morgan Garcia,free,2021-12-04,Ahmedabad,8.6,1
u-4044,Alex Miles,free,2023-10-27,Seattle,4.0,0
u-4045,Aisha Khan,free,2022-07-27,San Francisco,9.3,0
u-4046,Emily Singh,pro,2023-08-03,Bengaluru,8.3,0
u-4047,Aisha Iyer,pro,2021-11-20,London,6.5,0
u-4048,Marcus Mehta,free,2022-09-05,Chicago,7.2,1
u-4049,Vikram Khan,free,2021-11-01,Chennai,6.7,0
u-4050,Emily Lee,starter,2021-11-12,Chennai,9.3,1
u-4051,Marcus Singh,starter,2023-06-14,Chicago,10.0,0
u-4052,Jordan Brown,free,2023-07-09,Austin,3.2,1
u-4053,Sofia Miles,pro,2023-10-27,Chennai,9.2,0
u-4054,Marcus Mehta,enterprise,2022-05-16,Chennai,5.3,0
u-4055,Priya Shah,starter,2024-01-11,Chicago,5.6,0
u-4056,Riley Ramirez,pro,2023-08-21,Berlin,6.3,0
u-4057,Priya Khan,starter,2021-12-03,Seattle,8.7,0
u-4058,Quinn Mehta,starter,2022-07-29,Austin,7.2,0
u-4059,Aisha Brown,pro,2023-01-05,Berlin,5.1,0
u-4060,Jordan Chen,starter,2023-10-05,Seattle,7.0,0
u-4061,Sam Brown,starter,2022-01-27,Hyderabad,8.5,0
u-4062,Alex Kim,free,2022-01-27,Seattle,5.9,0
u-4063,Sofia Mehta,pro,2023-12-23,Ahmedabad,5.7,1
u-4064,Ananya Mehta,free,2022-04-27,Austin,3.0,1
u-4065,Jordan Lee,free,2023-04-21,Pune,5.8,0
u-4066,Casey Patel,starter,2022-06-19,Ahmedabad,7.4,0
u-4067,Marcus Nguyen,free,2023-05-21,San Francisco,8.5,0
u-4068,Avery Brown,free,2024-01-20,Chicago,4.7,1
u-4069,Rahul Khan,free,2022-04-17,Hyderabad,9.9,0
u-4070,Alex Patel,pro,2022-02-04,Austin,5.4,0
u-4071,Aisha Nguyen,starter,2022-06-16,Mumbai,8.0,0
u-4072,Aisha Mehta,free,2023-09-23,London,8.5,0
u-4073,Sofia Singh,pro,2023-01-06,Chicago,6.5,1
u-4074,Emily Mehta,pro,2022-10-25,Mumbai,7.3,0
u-4075,Marcus Kim,free,2022-03-13,Bengaluru,6.5,1
u-4076,Rahul Singh,starter,2022-03-28,San Francisco,5.9,0
u-4077,Vikram Lee,free,2021-12-21,Pune,7.2,0
u-4078,Avery Sharma,starter,2022-08-01,Chicago,10.0,0
u-4079,Riley Kim,pro,2021-11-06,Mumbai,5.5,0
u-4080,Alex Lee,free,2022-02-19,London,5.8,0
u-4081,Morgan Chen,starter,2023-08-11,Berlin,9.4,0
u-4082,Rahul Brown,free,2022-05-26,Austin,9.4,0
u-4083,Sam Nguyen,starter,2023-11-19,Bengaluru,7.0,0
u-4084,Rahul Mehta,free,2022-04-15,Chennai,3.8,0
u-4085,Riley Iyer,pro,2023-07-24,Pune,10.0,0
u-4086,Marcus Mehta,starter,2023-05-18,Chicago,5.8,0
u-4087,Aisha Shah,free,2022-09-20,London,7.6,0
u-4088,Morgan Brown,pro,2023-03-09,London,8.7,0
u-4089,Morgan Nguyen,free,2022-07-18,Ahmedabad,2.8,1
u-4090,Sam Shah,starter,2022-11-22,Ahmedabad,5.7,0
u-4091,Rahul Chen,starter,2022-07-28,Hyderabad,3.2,1
u-4092,Vikram Shah,free,2022-09-10,London,10.0,1
u-4093,Priya Shah,free,2023-08-06,Ahmedabad,8.9,1
u-4094,Aisha Shah,free,2022-06-10,Pune,2.8,1
u-4095,Aisha Patel,pro,2021-10-20,Chennai,9.5,0
u-4096,Alex Iyer,pro,2022-10-06,Mumbai,6.0,0
u-4097,Sofia Miles,free,2022-08-22,Bengaluru,5.5,1
u-4098,Ananya Singh,free,2022-05-24,Hyderabad,4.7,1
u-4099,Vikram Iyer,pro,2023-11-20,Berlin,8.2,0
u-4100,Ananya Kim,free,2023-09-23,Mumbai,4.9,0
u-4101,Marcus Chen,free,2022-10-04,Bengaluru,8.0,0
u-4102,Emily Miles,starter,2023-02-23,Ahmedabad,6.6,0
u-4103,Ananya Shah,free,2022-06-09,Austin,4.2,0
u-4104,Vikram Patel,enterprise,2021-11-29,Mumbai,5.9,0
u-4105,Riley Patel,free,2022-03-23,Bengaluru,8.0,0
u-4106,Avery Iyer,pro,2023-07-28,Pune,6.0,0
u-4107,Sam Patel,free,2023-05-10,Berlin,9.2,0
u-4108,Ananya Mehta,free,2023-09-30,Chicago,8.1,0
u-4109,Avery Carter,free,2023-11-09,Chennai,8.6,0
u-4110,Rahul Brown,enterprise,2022-04-25,Pune,8.7,0
u-4111,Jordan Ramirez,starter,2022-06-09,Chennai,8.7,0
u-4112,Rahul Patel,free,2023-08-16,Bengaluru,7.0,0
u-4113,Riley Kim,enterprise,2022-05-29,Bengaluru,10.0,0
u-4114,Sam Ramirez,free,2022-12-30,Chicago,5.4,0
u-4115,Vikram Patel,free,2021-12-31,San Francisco,3.9,1
u-4116,Riley Kim,free,2022-05-23,Ahmedabad,3.3,0
u-4117,Aisha Iyer,pro,2023-06-11,Seattle,7.2,0
u-4118,Aisha Garcia,free,2022-12-07,Hyderabad,8.5,0
u-4119,Jordan Nguyen,free,2023-07-13,Ahmedabad,6.4,0
u-4120,Emily Miles,enterprise,2021-12-09,San Francisco,10.0,0
u-4121,Morgan Kim,starter,2022-11-11,London,9.2,0
u-4122,Alex Brown,free,2021-12-30,San Francisco,7.7,0
u-4123,Priya Sharma,starter,2022-11-14,Austin,4.5,1
u-4124,Vikram Carter,free,2022-11-21,Pune,5.1,0
u-4125,Avery Singh,starter,2023-08-25,Austin,8.8,0
u-4126,Avery Miles,free,2021-10-19,San Francisco,9.4,0
u-4127,Sofia Patel,starter,2022-06-26,Chennai,6.4,0
u-4128,Casey Ramirez,pro,2023-05-24,Pune,5.2,0
u-4129,Avery Miles,free,2022-02-01,Hyderabad,5.0,0
u-4130,Priya Ramirez,free,2023-07-13,Ahmedabad,2.9,1
u-4131,Priya Carter,free,2023-11-09,Seattle,9.1,0
u-4132,Quinn Garcia,pro,2022-06-28,Chicago,3.9,0
u-4133,Vikram Brown,pro,2022-04-21,Seattle,7.4,0
u-4134,Alex Brown,pro,2022-09-21,Hyderabad,6.2,1
u-4135,Quinn Garcia,enterprise,2022-05-22,Chicago,10.0,0
u-4136,Vikram Nguyen,pro,2023-06-28,Hyderabad,4.5,0
u-4137,Avery Carter,enterprise,2023-06-05,Chennai,7.2,0
u-4138,Ananya Nguyen,starter,2023-03-16,Austin,7.3,1
u-4139,Aisha Shah,free,2023-08-05,Ahmedabad,8.8,0
u-4140,Morgan Carter,starter,2023-07-14,Berlin,7.8,0
u-4141,Alex Nguyen,free,2023-12-22,London,9.9,0
u-4142,Morgan Brown,free,2023-07-10,London,6.1,0
u-4143,Emily Iyer,free,2022-10-13,Pune,8.4,0
u-4144,Morgan Brown,free,2023-03-19,London,6.0,0
u-4145,Rahul Garcia,pro,2023-01-24,Chennai,7.2,0
u-4146,Riley Khan,free,2021-11-19,Mumbai,3.8,1
u-4147,Avery Mehta,free,2024-01-27,Ahmedabad,7.1,0
u-4148,Vikram Singh,pro,2022-02-05,Ahmedabad,5.0,1
u-4149,Rahul Kim,starter,2024-01-04,Berlin,2.9,0
u-4150,Marcus Garcia,free,2022-11-13,Chennai,3.4,0
u-4151,Priya Singh,free,2023-10-11,Chicago,5.8,0
u-4152,Marcus Garcia,free,2022-12-13,Hyderabad,4.1,0
u-4153,Riley Ramirez,pro,2021-12-15,Chicago,9.9,0
u-4154,Priya Mehta,free,2024-01-05,Mumbai,5.9,0
u-4155,Marcus Kim,enterprise,2022-11-18,Chennai,9.4,0
u-4156,Riley Shah,free,2022-12-26,Seattle,10.0,0
u-4157,Jordan Mehta,pro,2023-01-05,Austin,8.3,0
u-4158,Quinn Chen,free,2022-08-08,Seattle,5.1,0
u-4159,Aisha Miles,starter,2023-04-24,Seattle,8.1,0
u-4160,Riley Ramirez,free,2022-03-26,Austin,7.6,0
u-4161,Marcus Khan,free,2023-07-09,Bengaluru,8.9,0
u-4162,Aisha Garcia,enterprise,2023-03-29,Seattle,9.4,0
u-4163,Jordan Ramirez,pro,2022-12-21,San Francisco,2.5,0
u-4164,Avery Patel,free,2021-11-24,Chennai,4.9,0
u-4165,Aisha Brown,pro,2022-10-25,Chennai,3.5,0
u-4166,Emily Miles,free,2022-02-01,Austin,5.0,0
u-4167,Casey Ramirez,enterprise,2023-10-03,Bengaluru,8.2,0
u-4168,Morgan Mehta,starter,2023-11-22,Bengaluru,3.4,1
u-4169,Casey Sharma,free,2022-11-22,Chicago,6.8,0
u-4170,Riley Singh,free,2021-12-08,Chicago,5.4,0
u-4171,Priya Miles,free,2023-07-13,San Francisco,5.4,0
u-4172,Sam Carter,enterprise,2023-07-23,San Francisco,9.1,0
u-4173,Sofia Ramirez,free,2023-09-26,Chennai,7.3,0
u-4174,Emily Patel,free,2021-11-20,Seattle,1.8,0
u-4175,Riley Shah,pro,2023-11-13,Chicago,8.7,0
u-4176,Ananya Garcia,free,2022-08-02,London,10.0,1
u-4177,Aisha Singh,free,2023-03-08,Austin,5.7,0
u-4178,Casey Miles,starter,2023-02-08,Mumbai,9.0,0
u-4179,Aisha Brown,free,2022-05-24,Hyderabad,3.7,0
u-4180,Ananya Mehta,pro,2023-01-18,Hyderabad,6.8,0
u-4181,Riley Khan,starter,2024-01-12,Seattle,8.2,0
u-4182,Alex Miles,free,2022-09-30,Austin,2.9,1
u-4183,Emily Chen,starter,2024-01-10,Seattle,7.0,0
u-4184,Rahul Patel,free,2022-01-28,Hyderabad,8.7,1
u-4185,Jordan Mehta,starter,2021-11-01,Ahmedabad,7.1,1
u-4186,Marcus Miles,starter,2022-02-03,Hyderabad,7.2,0
u-4187,Avery Lee,pro,2023-02-07,Bengaluru,6.4,0
u-4188,Priya Brown,starter,2023-02-06,London,9.8,0
u-4189,Avery Carter,pro,2022-09-11,London,10.0,0
u-4190,Avery Brown,free,2022-01-24,London,7.2,0
u-4191,Quinn Singh,enterprise,2022-04-17,Austin,6.4,1
u-4192,Quinn Sharma,free,2022-12-18,Seattle,9.6,0
u-4193,Emily Kim,pro,2022-02-26,Hyderabad,6.3,1
u-4194,Morgan Chen,starter,2023-02-03,Hyderabad,6.8,0
u-4195,Priya Kim,free,2022-04-03,Berlin,5.2,0
u-4196,Sam Kim,free,2023-07-05,Bengaluru,8.9,0
u-4197,Vikram Miles,pro,2023-01-03,Chennai,5.2,0
u-4198,Marcus Garcia,pro,2022-02-11,Chicago,7.6,0
u-4199,Ananya Miles,pro,2023-07-02,Pune,6.3,0
u-4200,Ananya Miles,free,2022-08-11,London,5.1,0
u-4201,Riley Nguyen,starter,2023-06-03,Austin,7.9,0
u-4202,Avery Carter,free,2023-01-22,Seattle,8.0,0
u-4203,Sam Singh,starter,2023-04-25,San Francisco,9.5,0
u-4204,Sofia Sharma,free,2022-07-05,London,5.1,0
u-4205,Casey Carter,pro,2022-04-15,Berlin,6.2,0
u-4206,Riley Iyer,pro,2022-01-13,Austin,9.2,0
u-4207,Quinn Nguyen,free,2023-03-29,Seattle,10.0,0
u-4208,Avery Lee,starter,2023-08-13,Chennai,5.0,1
u-4209,Sofia Carter,free,2021-11-14,Seattle,6.7,0
u-4210,Marcus Brown,free,2023-02-25,Pune,6.2,0
u-4211,Jordan Sharma,free,2022-07-14,Ahmedabad,7.1,0
u-4212,Morgan Lee,free,2023-03-08,San Francisco,8.9,0
u-4213,Morgan Shah,free,2022-02-06,Bengaluru,6.4,0
u-4214,Priya Mehta,starter,2023-11-27,Chennai,7.5,1
u-4215,Jordan Ramirez,pro,2023-12-29,London,7.2,1
u-4216,Vikram Khan,starter,2023-04-17,Chennai,8.5,0
u-4217,Vikram Garcia,enterprise,2023-02-05,Mumbai,8.0,0
u-4218,Morgan Lee,pro,2022-04-10,Ahmedabad,6.4,0
u-4219,Rahul Carter,free,2022-12-19,Hyderabad,6.2,0
u-4220,Quinn Khan,starter,2023-06-26,Bengaluru,3.7,0
u-4221,Avery Mehta,pro,2023-11-27,Mumbai,5.9,0
u-4222,Alex Khan,free,2022-02-26,Hyderabad,8.9,1
u-4223,Vikram Sharma,free,2022-11-16,Mumbai,4.9,1
u-4224,Morgan Mehta,enterprise,2021-10-23,Chicago,9.4,0
u-4225,Jordan Sharma,pro,2023-04-20,London,7.0,0
u-4226,Sam Garcia,pro,2023-07-22,Chennai,4.8,0
u-4227,Vikram Chen,pro,2023-06-10,Chennai,4.5,0
u-4228,Ananya Singh,free,2023-02-10,Berlin,8.4,0
u-4229,Priya Lee,starter,2023-10-02,London,3.8,0
u-4230,Emily Patel,pro,2023-10-10,Ahmedabad,2.6,0
u-4231,Jordan Singh,free,2022-03-14,London,8.6,0
u-4232,Marcus Ramirez,free,2022-06-09,Mumbai,4.6,0
u-4233,Rahul Miles,free,2022-11-22,Ahmedabad,8.2,0
u-4234,Sam Carter,pro,2022-12-09,San Francisco,4.7,0
u-4235,Aisha Shah,starter,2022-11-26,Chennai,3.0,1
u-4236,Sofia Carter,pro,2022-09-07,Chennai,8.0,0
u-4237,Riley Carter,free,2023-05-29,Pune,7.9,0
u-4238,Riley Brown,starter,2022-03-26,Pune,7.6,0
u-4239,Jordan Kim,free,2024-01-25,Berlin,7.6,0
u-4240,Jordan Nguyen,enterprise,2022-03-28,Seattle,9.6,0
u-4241,Jordan Ramirez,starter,2022-03-13,Pune,6.6,0
u-4242,Ananya Mehta,pro,2022-11-10,Bengaluru,8.5,0
u-4243,Sofia Ramirez,free,2023-05-21,Pune,5.6,1
u-4244,Ananya Mehta,free,2021-12-26,Austin,8.4,0
u-4245,Sam Carter,free,2022-02-19,Chicago,6.6,1
u-4246,Morgan Chen,pro,2021-11-13,Ahmedabad,6.3,0
u-4247,Morgan Singh,free,2024-01-18,Pune,9.3,0
u-4248,Riley Khan,pro,2022-08-02,San Francisco,4.5,1
u-4249,Vikram Sharma,free,2024-01-26,Chennai,5.7,0
u-4250,Sam Lee,starter,2023-12-30,London,6.7,0
u-4251,Sofia Garcia,free,2023-12-09,London,6.9,0
u-4252,Avery Patel,free,2022-03-28,London,8.6,0
u-4253,Emily Mehta,starter,2022-05-10,Chicago,9.1,0
u-4254,Riley Garcia,free,2021-12-18,Ahmedabad,8.0,0
u-4255,Sofia Khan,starter,2022-07-29,Chicago,7.0,0
u-4256,Sofia Garcia,starter,2022-10-05,Ahmedabad,6.7,0
u-4257,Aisha Chen,free,2023-08-27,London,7.1,0
u-4258,Sam Carter,starter,2022-06-02,Bengaluru,7.8,0
u-4259,Rahul Brown,starter,2021-12-01,Bengaluru,2.8,0
u-4260,Sofia Iyer,free,2023-03-29,Hyderabad,8.5,0
u-4261,Quinn Garcia,free,2022-06-06,Berlin,6.7,0
u-4262,Sofia Khan,free,2022-11-22,Chicago,6.1,1
u-4263,Vikram Brown,free,2022-11-05,Mumbai,1.7,1
u-4264,Casey Sharma,free,2022-03-09,Hyderabad,7.6,0
u-4265,Casey Carter,starter,2023-05-24,Austin,5.4,0
u-4266,Casey Khan,free,2021-12-31,Seattle,2.7,0
u-4267,Riley Lee,pro,2021-09-27,Berlin,4.5,0
u-4268,Vikram Ramirez,pro,2023-10-24,Berlin,5.8,0
u-4269,Sofia Iyer,free,2022-11-14,Berlin,6.6,0
u-4270,Alex Sharma,starter,2024-01-18,Chicago,4.3,0
u-4271,Morgan Ramirez,free,2023-04-13,Chennai,4.9,1
u-4272,Sam Khan,free,2023-03-13,Bengaluru,6.7,0
u-4273,Aisha Miles,enterprise,2022-07-04,Chennai,5.0,0
u-4274,Priya Iyer,starter,2023-02-26,Chicago,6.0,0
u-4275,Jordan Sharma,free,2023-03-23,Mumbai,8.8,1
u-4276,Avery Miles,pro,2022-03-31,Ahmedabad,7.0,1
u-4277,Alex Ramirez,pro,2022-04-13,Chennai,9.4,0
u-4278,Casey Patel,starter,2024-01-25,London,6.6,0
u-4279,Jordan Mehta,pro,2023-04-14,Bengaluru,8.2,0
u-4280,Alex Khan,pro,2022-04-08,Chicago,5.6,1
u-4281,Vikram Iyer,pro,2023-11-04,Seattle,7.5,0
u-4282,Avery Lee,starter,2022-10-23,Bengaluru,7.7,0
u-4283,Jordan Garcia,pro,2022-11-30,Hyderabad,3.9,1
u-4284,Sam Sharma,starter,2022-06-04,Ahmedabad,7.5,0
u-4285,Aisha Garcia,free,2022-06-23,Austin,8.8,0
u-4286,Jordan Lee,free,2022-11-15,Chennai,4.5,1
u-4287,Aisha Garcia,free,2023-02-07,Austin,7.9,0
u-4288,Quinn Mehta,free,2022-03-16,Mumbai,7.3,0
u-4289,Quinn Ramirez,free,2023-03-06,Bengaluru,8.0,0
u-4290,Riley Miles,starter,2023-01-17,Ahmedabad,10.0,0
u-4291,Priya Sharma,enterprise,2023-02-02,London,6.1,0
u-4292,Rahul Sharma,free,2023-04-07,San Francisco,9.6,0
u-4293,Emily Shah,free,2022-08-03,Seattle,5.8,0
u-4294,Sam Khan,pro,2022-07-28,Berlin,7.3,0
u-4295,Avery Patel,starter,2021-12-11,Berlin,8.2,0
u-4296,Ananya Sharma,pro,2023-01-11,Berlin,6.8,0
u-4297,Alex Ramirez,starter,2022-04-11,Ahmedabad,7.3,0
u-4298,Casey Lee,starter,2023-05-14,Austin,3.2,0
u-4299,Rahul Khan,free,2021-10-17,Bengaluru,8.4,0
u-4300,Quinn Singh,free,2021-11-29,Mumbai,6.2,0
u-4301,Riley Carter,starter,2022-09-05,San Francisco,6.0,1
u-4302,Rahul Sharma,free,2022-05-13,Austin,5.5,1
u-4303,Avery Lee,free,2022-09-15,Bengaluru,2.9,0
u-4304,Morgan Kim,free,2023-08-14,Hyderabad,4.7,0
u-4305,Riley Garcia,starter,2021-11-05,Seattle,7.4,0
u-4306,Emily Kim,starter,2022-04-29,Austin,8.6,1
u-4307,Casey Patel,pro,2023-02-01,Mumbai,6.1,1
u-4308,Vikram Brown,pro,2023-06-27,San Francisco,6.7,0
u-4309,Sofia Carter,free,2022-06-30,Bengaluru,7.6,0
u-4310,Avery Nguyen,pro,2023-01-22,Pune,10.0,0
u-4311,Jordan Mehta,pro,2022-02-11,Pune,7.1,0
u-4312,Ananya Garcia,free,2023-07-27,Ahmedabad,6.9,0
u-4313,Riley Brown,starter,2022-11-05,Ahmedabad,10.0,1
u-4314,Sofia Khan,free,2023-10-26,Bengaluru,3.9,0
u-4315,Alex Iyer,pro,2022-05-22,Berlin,6.6,0
u-4316,Sofia Chen,free,2023-02-19,Hyderabad,5.6,1
u-4317,Morgan Ramirez,free,2023-08-18,London,6.0,0
u-4318,Avery Patel,pro,2022-10-07,Austin,8.9,0
u-4319,Vikram Patel,starter,2022-09-22,Ahmedabad,3.6,0
u-4320,Alex Garcia,free,2023-05-15,Seattle,8.6,0
u-4321,Marcus Mehta,starter,2021-11-06,Ahmedabad,3.3,0
u-4322,Riley Patel,pro,2023-11-28,Pune,7.7,0
u-4323,Aisha Sharma,free,2023-04-18,San Francisco,8.3,1
u-4324,Vikram Nguyen,starter,2023-06-29,London,7.0,0
u-4325,Riley Singh,starter,2021-11-18,Bengaluru,4.2,1
u-4326,Casey Chen,starter,2023-07-03,Seattle,9.0,0
u-4327,Quinn Mehta,enterprise,2023-07-25,London,5.9,0
u-4328,Morgan Mehta,starter,2022-09-06,Berlin,9.4,0
u-4329,Aisha Patel,starter,2023-06-20,San Francisco,4.4,0
u-4330,Sofia Garcia,pro,2023-06-01,Pune,7.9,0
u-4331,Alex Singh,free,2023-07-03,Berlin,6.2,0
u-4332,Quinn Shah,free,2022-10-25,Austin,4.9,1
u-4333,Avery Ramirez,enterprise,2022-04-21,Seattle,8.6,0
u-4334,Vikram Singh,pro,2022-12-19,London,7.7,0
u-4335,Sam Shah,free,2021-12-19,Bengaluru,3.3,0
u-4336,Morgan Nguyen,free,2023-06-15,Mumbai,6.2,1
u-4337,Sofia Brown,free,2022-01-27,Chennai,7.8,1
u-4338,Priya Shah,free,2022-04-28,Pune,10.0,0
u-4339,Alex Carter,free,2023-11-29,Mumbai,6.2,0
u-4340,Quinn Khan,starter,2022-07-01,Pune,4.0,1
u-4341,Vikram Iyer,free,2021-09-21,Chennai,9.3,1
u-4342,Quinn Shah,starter,2022-06-20,London,5.1,0
u-4343,Rahul Chen,enterprise,2023-06-22,Austin,6.8,0
u-4344,Jordan Singh,enterprise,2023-01-20,Hyderabad,4.5,1
u-4345,Sofia Brown,pro,2022-01-06,Bengaluru,8.9,0
u-4346,Sam Shah,starter,2023-05-02,Seattle,5.7,0
u-4347,Riley Patel,starter,2022-12-15,Pune,7.7,0
u-4348,Quinn Patel,starter,2022-09-06,London,8.6,1
u-4349,Rahul Brown,free,2022-02-11,Bengaluru,5.8,1
u-4350,Vikram Chen,pro,2021-10-20,Chicago,4.0,0
u-4351,Casey Mehta,starter,2022-05-29,Hyderabad,5.8,0
u-4352,Sofia Singh,starter,2023-01-20,Ahmedabad,7.1,0
u-4353,Vikram Miles,free,2023-02-09,Pune,7.9,0
u-4354,Rahul Carter,free,2022-07-03,Mumbai,7.2,0
u-4355,Priya Nguyen,pro,2023-11-29,Bengaluru,5.4,0
u-4356,Priya Miles,free,2023-01-13,Chicago,7.3,0
u-4357,Alex Patel,free,2023-03-29,Austin,5.5,0
u-4358,Morgan Iyer,starter,2021-11-12,Chennai,6.5,0
u-4359,Sam Iyer,pro,2022-01-18,Seattle,5.3,0
u-4360,Alex Garcia,free,2023-06-16,Austin,5.4,0
u-4361,Morgan Sharma,free,2022-07-11,Austin,7.3,0
u-4362,Ananya Khan,pro,2022-12-30,San Francisco,6.7,1
u-4363,Rahul Khan,enterprise,2022-02-09,Austin,6.0,0
u-4364,Sofia Mehta,starter,2022-11-29,Berlin,5.7,0
u-4365,Ananya Garcia,pro,2022-07-23,Ahmedabad,5.8,0
u-4366,Ananya Chen,free,2022-05-09,Seattle,6.7,0
u-4367,Alex Shah,pro,2022-02-15,Seattle,6.5,0
u-4368,Sam Patel,starter,2022-05-15,Mumbai,5.2,1
u-4369,Casey Shah,pro,2023-05-19,Ahmedabad,6.1,0
u-4370,Emily Carter,pro,2022-04-29,Seattle,7.3,0
u-4371,Riley Mehta,free,2023-05-02,Seattle,8.4,0
u-4372,Emily Singh,free,2022-05-05,Chicago,7.6,0
u-4373,Casey Miles,pro,2021-10-28,Hyderabad,6.7,1
u-4374,Sam Lee,free,2022-12-20,Chennai,7.2,0
u-4375,Morgan Carter,starter,2021-12-17,Seattle,6.9,0
u-4376,Avery Carter,starter,2023-09-19,Mumbai,8.5,0
u-4377,Vikram Nguyen,free,2023-01-28,Ahmedabad,7.2,0
u-4378,Riley Patel,starter,2022-01-05,Pune,8.3,0
u-4379,Vikram Shah,starter,2022-05-07,Chennai,9.2,0
u-4380,Ananya Sharma,pro,2023-04-25,Hyderabad,8.5,0
u-4381,Vikram Nguyen,free,2022-11-23,Pune,5.5,0
u-4382,Riley Singh,free,2023-10-29,Hyderabad,5.8,1
u-4383,Aisha Ramirez,free,2022-02-21,Ahmedabad,5.9,0
u-4384,Rahul Carter,free,2023-10-12,Chicago,7.6,0
u-4385,Emily Mehta,starter,2022-09-29,Hyderabad,8.6,0
u-4386,Avery Patel,free,2022-11-28,Seattle,7.9,0
u-4387,Jordan Garcia,free,2022-08-13,London,6.3,0
u-4388,Marcus Patel,enterprise,2023-01-27,Seattle,5.1,1
u-4389,Sam Shah,free,2023-11-19,Hyderabad,7.1,0
u-4390,Quinn Chen,free,2022-07-04,Mumbai,6.2,1
u-4391,Emily Shah,pro,2021-12-15,Ahmedabad,6.6,0
u-4392,Priya Patel,starter,2022-08-18,Mumbai,6.6,0
u-4393,Ananya Miles,free,2023-12-26,San Francisco,3.7,0
u-4394,Aisha Iyer,enterprise,2023-10-31,Chicago,7.5,0
u-4395,Aisha Miles,starter,2023-06-08,London,10.0,0
u-4396,Sam Mehta,free,2023-05-19,Chicago,8.3,1
u-4397,Ananya Ramirez,free,2023-10-18,Seattle,9.2,0
u-4398,Priya Carter,enterprise,2021-12-14,Ahmedabad,3.7,0
u-4399,Rahul Kim,free,2022-05-01,Ahmedabad,8.9,0
u-4400,Morgan Lee,pro,2022-04-05,Austin,5.9,0
u-4401,Emily Mehta,free,2021-10-16,Chicago,5.5,0
u-4402,Avery Garcia,free,2022-01-05,Chicago,9.0,1
u-4403,Casey Kim,pro,2023-09-06,Hyderabad,9.1,0
u-4404,Aisha Khan,enterprise,2024-01-13,Hyderabad,4.9,0
u-4405,Quinn Lee,free,2022-05-08,Chicago,4.0,0
u-4406,Avery Ramirez,free,2021-11-30,Pune,7.3,0
u-4407,Ananya Kim,pro,2022-06-02,Hyderabad,2.5,1
u-4408,Aisha Carter,starter,2022-01-13,Chennai,10.0,0
u-4409,Aisha Sharma,starter,2022-08-21,Mumbai,8.3,1
u-4410,Casey Singh,free,2023-01-04,Pune,4.9,0
u-4411,Ananya Miles,enterprise,2023-10-11,Bengaluru,4.2,1
u-4412,Jordan Chen,free,2022-06-25,Bengaluru,4.1,1
u-4413,Ananya Singh,free,2023-05-24,San Francisco,8.6,0
u-4414,Sofia Sharma,free,2023-06-10,Pune,5.6,0
u-4415,Priya Sharma,free,2022-01-01,Ahmedabad,3.5,0
u-4416,Aisha Chen,starter,2022-07-09,Chennai,9.8,0
u-4417,Sam Patel,free,2023-01-10,San Francisco,7.3,0
u-4418,Riley Nguyen,starter,2022-03-09,Austin,7.0,0
u-4419,Rahul Lee,free,2022-05-05,Austin,3.8,1
u-4420,Vikram Patel,free,2022-12-08,Ahmedabad,9.2,1
u-4421,Quinn Miles,pro,2021-10-04,Chennai,4.0,0
u-4422,Sam Mehta,starter,2024-01-08,Seattle,4.8,0
u-4423,Quinn Chen,free,2022-11-29,Austin,10.0,0
u-4424,Alex Kim,free,2023-02-04,Seattle,3.7,1
u-4425,Alex Garcia,starter,2023-10-18,Hyderabad,4.3,1
u-4426,Priya Ramirez,pro,2022-05-12,San Francisco,3.7,1
u-4427,Priya Carter,starter,2023-11-06,Hyderabad,8.5,0
u-4428,Jordan Kim,pro,2022-05-30,Ahmedabad,8.5,0
u-4429,Ananya Sharma,free,2022-04-16,Pune,6.7,0
u-4430,Rahul Chen,enterprise,2022-12-05,Chicago,10.0,0
u-4431,Quinn Mehta,free,2023-07-04,Pune,9.2,0
u-4432,Aisha Patel,free,2021-09-27,Austin,10.0,1
u-4433,Priya Khan,starter,2022-05-29,Berlin,9.2,0
u-4434,Jordan Iyer,free,2023-10-23,Ahmedabad,5.2,0
u-4435,Jordan Carter,starter,2022-05-02,Berlin,6.9,0
u-4436,Riley Chen,free,2023-09-17,San Francisco,9.2,0
u-4437,Jordan Nguyen,pro,2022-08-08,Bengaluru,8.6,0
u-4438,Riley Nguyen,pro,2023-06-22,Berlin,8.5,0
u-4439,Vikram Miles,starter,2022-07-29,Ahmedabad,9.6,0
u-4440,Marcus Nguyen,starter,2022-03-04,San Francisco,8.2,0
u-4441,Jordan Brown,free,2022-03-22,Ahmedabad,7.3,0
u-4442,Alex Patel,pro,2022-04-09,Hyderabad,8.9,0
u-4443,Casey Carter,starter,2022-05-27,Ahmedabad,5.7,0
u-4444,Marcus Iyer,starter,2022-03-31,Ahmedabad,7.3,0
u-4445,Casey Carter,free,2021-12-08,Bengaluru,4.9,0
u-4446,Aisha Mehta,free,2021-12-28,Pune,8.1,0
u-4447,Marcus Lee,free,2022-04-01,London,7.7,0
u-4448,Sofia Lee,starter,2023-01-12,Chicago,4.9,0
u-4449,Casey Kim,pro,2023-05-22,Hyderabad,7.8,0
u-4450,Sam Chen,enterprise,2023-04-30,San Francisco,4.6,0
u-4451,Priya Lee,starter,2022-08-17,Pune,6.2,1
u-4452,Riley Carter,starter,2022-08-28,Austin,9.1,1
u-4453,Jordan Shah,pro,2023-01-26,Bengaluru,0.7,1
u-4454,Priya Nguyen,free,2023-02-10,Pune,6.5,1
u-4455,Avery Shah,starter,2022-05-12,Bengaluru,8.0,0
u-4456,Quinn Patel,starter,2022-11-03,Pune,5.8,1
u-4457,Rahul Iyer,free,2024-01-16,Berlin,7.8,1
u-4458,Sofia Nguyen,free,2023-10-03,Pune,5.7,0
u-4459,Casey Sharma,free,2023-04-19,Bengaluru,8.0,0
u-4460,Aisha Garcia,starter,2023-02-22,Mumbai,4.2,0
u-4461,Avery Chen,free,2022-05-05,Chennai,8.1,0
u-4462,Riley Sharma,free,2022-12-17,Chicago,9.8,0
u-4463,Avery Shah,free,2023-01-26,Bengaluru,3.8,0
u-4464,Riley Shah,pro,2023-11-17,Bengaluru,8.7,0
u-4465,Ananya Lee,pro,2023-12-10,Pune,5.3,0
u-4466,Rahul Shah,pro,2021-09-19,Bengaluru,6.0,0
u-4467,Priya Miles,pro,2022-01-13,Austin,10.0,1
u-4468,Alex Lee,free,2023-12-31,Ahmedabad,4.1,1
u-4469,Alex Garcia,free,2023-01-03,Chennai,5.0,0
u-4470,Sofia Kim,starter,2021-11-24,Austin,6.2,0
u-4471,Alex Miles,starter,2022-05-23,Bengaluru,8.8,0
u-4472,Priya Nguyen,pro,2023-11-24,Ahmedabad,7.1,0
u-4473,Avery Carter,free,2023-01-24,Chicago,5.8,0
u-4474,Avery Khan,enterprise,2022-01-15,Bengaluru,9.2,0
u-4475,Sam Kim,free,2023-05-17,San Francisco,7.0,0
u-4476,Alex Kim,starter,2022-10-13,London,4.1,1
u-4477,Quinn Carter,pro,2023-04-27,Hyderabad,5.2,1
u-4478,Emily Khan,starter,2023-08-15,Chicago,3.6,0
u-4479,Vikram Singh,pro,2022-01-14,Seattle,9.2,0
u-4480,Morgan Iyer,pro,2023-07-15,Bengaluru,10.0,0
u-4481,Sam Brown,pro,2022-09-12,Hyderabad,3.5,1
u-4482,Vikram Nguyen,pro,2023-04-02,Seattle,7.5,0
u-4483,Vikram Mehta,free,2022-08-17,Pune,5.7,0
u-4484,Sam Nguyen,free,2022-03-13,Hyderabad,3.1,1
u-4485,Avery Shah,pro,2022-10-09,Berlin,4.6,0
u-4486,Avery Nguyen,starter,2023-09-26,Bengaluru,6.6,0
u-4487,Sofia Shah,starter,2023-05-27,Pune,7.3,0
u-4488,Priya Miles,starter,2023-07-06,Seattle,8.3,0
u-4489,Jordan Lee,free,2022-06-12,Berlin,9.3,0
u-4490,Riley Ramirez,starter,2022-06-09,Chicago,6.6,1
u-4491,Priya Iyer,enterprise,2023-09-30,San Francisco,3.8,0
u-4492,Jordan Khan,free,2022-08-16,Chicago,5.3,0
u-4493,Jordan Khan,free,2022-12-25,Pune,10.0,0
u-4494,Quinn Garcia,free,2023-01-31,Austin,7.2,1
u-4495,Morgan Garcia,starter,2022-01-16,London,4.2,1
u-4496,Jordan Sharma,free,2023-12-11,Chicago,7.0,0
u-4497,Avery Carter,starter,2022-05-11,Mumbai,9.2,0
u-4498,Rahul Patel,free,2022-10-04,Hyderabad,8.6,0
u-4499,Morgan Iyer,free,2023-06-22,Austin,9.2,0
u-4500,Riley Chen,free,2023-07-17,Pune,8.5,0
u-4501,Riley Patel,free,2023-09-12,London,5.0,0
u-4502,Riley Khan,pro,2022-08-18,Austin,7.9,0
u-4503,Marcus Miles,pro,2022-07-12,Ahmedabad,10.0,0
u-4504,Ananya Singh,pro,2023-06-08,Seattle,8.3,0
u-4505,Vikram Lee,pro,2023-03-07,London,10.0,0
u-4506,Avery Sharma,free,2021-10-02,Pune,8.1,0
u-4507,Quinn Nguyen,pro,2022-05-29,San Francisco,1.2,0
u-4508,Ananya Chen,starter,2022-09-06,Bengaluru,10.0,0
u-4509,Priya Singh,pro,2023-10-21,Pune,7.7,0
u-4510,Morgan Sharma,starter,2022-09-22,Seattle,9.0,0
u-4511,Priya Sharma,free,2023-02-24,Chennai,6.1,1
u-4512,Emily Carter,free,2022-02-04,Berlin,5.8,0
u-4513,Vikram Mehta,free,2023-08-18,Bengaluru,7.5,1
u-4514,Aisha Garcia,starter,2021-09-20,Chennai,6.5,0
u-4515,Alex Lee,starter,2021-11-04,Ahmedabad,3.5,0
u-4516,Ananya Carter,enterprise,2022-03-26,Berlin,5.8,0
u-4517,Casey Singh,free,2022-11-23,Hyderabad,7.0,1
u-4518,Ananya Brown,starter,2022-09-03,Pune,5.8,1
u-4519,Jordan Kim,starter,2021-12-05,Berlin,9.2,0
u-4520,Quinn Miles,free,2022-01-11,London,8.4,0
u-4521,Avery Nguyen,free,2022-02-28,Hyderabad,6.1,0
u-4522,Rahul Chen,starter,2023-08-28,Bengaluru,9.4,0
u-4523,Rahul Garcia,starter,2023-02-12,San Francisco,9.0,0
u-4524,Vikram Kim,free,2022-04-08,Austin,7.1,0
u-4525,Casey Brown,free,2023-10-16,San Francisco,10.0,0
u-4526,Avery Iyer,free,2022-06-20,Bengaluru,7.4,0
u-4527,Sofia Shah,pro,2023-03-27,Berlin,7.9,0
u-4528,Vikram Kim,pro,2022-09-29,Seattle,7.2,0
u-4529,Rahul Singh,free,2021-11-25,Bengaluru,9.1,0
u-4530,Marcus Sharma,starter,2022-01-08,Austin,8.0,0
u-4531,Aisha Singh,enterprise,2023-03-19,Chennai,5.3,1
u-4532,Sofia Mehta,free,2022-05-25,Chicago,8.5,0
u-4533,Avery Shah,free,2024-01-23,Bengaluru,3.5,0
u-4534,Casey Carter,free,2022-05-19,Ahmedabad,5.5,0
u-4535,Vikram Patel,free,2023-10-05,Berlin,7.1,0
u-4536,Vikram Lee,pro,2021-12-02,Hyderabad,8.5,0
u-4537,Quinn Miles,pro,2023-05-18,Chennai,6.3,0
u-4538,Alex Garcia,starter,2022-06-03,Ahmedabad,10.0,0
u-4539,Marcus Lee,free,2022-07-02,Berlin,8.2,0
u-4540,Sam Carter,pro,2023-06-24,Bengaluru,5.7,1
u-4541,Jordan Ramirez,free,2022-02-02,London,2.7,0
u-4542,Vikram Nguyen,free,2023-08-26,Pune,9.0,0
u-4543,Jordan Garcia,free,2021-12-10,San Francisco,5.3,0
u-4544,Priya Ramirez,pro,2022-11-12,Bengaluru,10.0,0
u-4545,Priya Nguyen,pro,2022-12-23,Bengaluru,7.7,0
u-4546,Rahul Shah,starter,2023-07-12,Austin,9.6,0
u-4547,Marcus Chen,pro,2024-01-25,Bengaluru,7.7,0
u-4548,Riley Singh,free,2022-06-03,Pune,6.7,0
u-4549,Casey Carter,free,2022-05-05,Hyderabad,5.7,0
u-4550,Aisha Iyer,pro,2022-01-29,Bengaluru,4.2,0
u-4551,Vikram Brown,pro,2021-10-16,Seattle,5.3,0
u-4552,Sofia Carter,starter,2023-05-24,Hyderabad,5.5,0
u-4553,Casey Carter,free,2022-09-26,San Francisco,9.0,0
u-4554,Priya Iyer,enterprise,2021-11-29,London,7.5,0
u-4555,Casey Singh,free,2022-09-26,Bengaluru,8.4,0
u-4556,Emily Iyer,free,2022-04-23,London,5.3,0
u-4557,Sam Khan,free,2022-05-22,San Francisco,7.4,0
u-4558,Rahul Ramirez,free,2021-09-25,Berlin,7.8,0
u-4559,Emily Mehta,starter,2023-04-11,Seattle,6.0,0
u-4560,Alex Nguyen,starter,2023-08-13,Bengaluru,3.6,0
u-4561,Riley Sharma,free,2021-11-27,Austin,7.6,0
u-4562,Vikram Chen,free,2022-12-27,Pune,3.1,0
u-4563,Riley Singh,starter,2023-08-17,London,5.0,0
u-4564,Morgan Iyer,starter,2022-07-24,San Francisco,8.5,0
u-4565,Casey Ramirez,free,2022-01-22,London,5.6,0
u-4566,Sam Shah,free,2022-04-09,Chennai,8.5,0
u-4567,Emily Iyer,pro,2023-04-15,Berlin,8.7,0
u-4568,Alex Carter,enterprise,2021-11-30,Austin,7.2,0
u-4569,Sofia Iyer,free,2023-12-28,Hyderabad,6.0,0
u-4570,Casey Brown,starter,2021-12-18,Ahmedabad,9.5,0
u-4571,Quinn Iyer,pro,2023-08-26,Ahmedabad,9.8,0
u-4572,Avery Brown,free,2023-07-11,Berlin,4.3,1
u-4573,Vikram Nguyen,pro,2023-05-04,London,4.7,0
u-4574,Rahul Lee,starter,2023-01-30,Hyderabad,7.4,0
u-4575,Aisha Iyer,starter,2023-12-22,Chicago,7.5,0
u-4576,Casey Patel,starter,2022-05-18,Berlin,9.9,0
u-4577,Emily Khan,free,2023-10-10,Hyderabad,8.8,0
u-4578,Rahul Shah,pro,2023-10-09,Bengaluru,6.3,0
u-4579,Avery Patel,pro,2024-01-28,San Francisco,2.6,0
u-4580,Ananya Shah,free,2021-10-20,Mumbai,8.9,0
u-4581,Sam Shah,starter,2023-12-22,Chicago,4.9,0
u-4582,Priya Khan,enterprise,2022-04-23,Austin,6.3,0
u-4583,Aisha Singh,pro,2022-07-30,Mumbai,9.9,0
u-4584,Sofia Sharma,starter,2022-02-10,Chennai,9.2,0
u-4585,Ananya Sharma,free,2023-01-06,San Francisco,2.7,1
u-4586,Alex Brown,free,2021-12-04,Pune,4.2,0
u-4587,Avery Ramirez,free,2022-12-18,Bengaluru,8.9,0
u-4588,Vikram Shah,pro,2023-08-31,San Francisco,7.5,0
u-4589,Rahul Chen,pro,2021-12-09,Seattle,4.8,0
u-4590,Ananya Nguyen,pro,2023-01-30,Austin,10.0,0
u-4591,Priya Khan,free,2024-01-27,Ahmedabad,10.0,0
u-4592,Vikram Brown,enterprise,2022-07-15,Mumbai,8.0,0
u-4593,Aisha Khan,enterprise,2023-04-28,San Francisco,9.4,0
u-4594,Sofia Lee,starter,2022-02-16,Chicago,6.2,0
u-4595,Emily Nguyen,pro,2023-09-21,Chicago,7.7,0
u-4596,Riley Chen,starter,2022-04-30,Seattle,3.9,0
u-4597,Avery Mehta,free,2022-02-09,Pune,6.6,1
u-4598,Marcus Sharma,free,2023-10-19,San Francisco,8.2,1
u-4599,Morgan Shah,free,2022-09-11,Austin,7.5,0
u-4600,Emily Shah,free,2022-07-20,Berlin,8.7,0
u-4601,Aisha Patel,starter,2021-11-21,London,10.0,0
u-4602,Ananya Khan,free,2023-05-22,London,5.2,1
u-4603,Morgan Ramirez,free,2022-12-05,Ahmedabad,8.9,0
u-4604,Vikram Nguyen,free,2023-02-13,Berlin,6.7,0
u-4605,Ananya Nguyen,starter,2023-03-13,Berlin,6.2,0
u-4606,Ananya Shah,enterprise,2021-09-20,Austin,9.6,0
u-4607,Marcus Garcia,starter,2022-07-11,Chennai,8.7,0
u-4608,Emily Khan,pro,2023-09-18,Mumbai,8.2,0
u-4609,Rahul Patel,enterprise,2022-01-11,Pune,7.7,0
u-4610,Morgan Kim,pro,2023-11-03,Ahmedabad,4.5,0
u-4611,Jordan Miles,pro,2021-12-31,Bengaluru,3.4,0
u-4612,Sam Carter,starter,2023-02-11,Berlin,6.7,0
u-4613,Sofia Iyer,enterprise,2022-06-23,Chicago,6.6,0
u-4614,Emily Patel,free,2022-01-11,Austin,9.6,0
u-4615,Alex Miles,pro,2022-01-04,Pune,5.5,0
u-4616,Sam Kim,starter,2023-09-13,Berlin,7.9,0
u-4617,Sofia Khan,free,2023-02-14,Ahmedabad,8.4,0
u-4618,Riley Garcia,pro,2023-11-24,Mumbai,6.3,0
u-4619,Emily Khan,pro,2022-07-22,Ahmedabad,7.8,0
u-4620,Vikram Khan,pro,2023-02-02,Ahmedabad,3.0,0
u-4621,Ananya Singh,enterprise,2021-09-16,Chennai,7.8,0
u-4622,Alex Khan,pro,2022-07-31,San Francisco,6.4,0
u-4623,Sofia Brown,starter,2023-01-16,Pune,3.9,0
u-4624,Emily Carter,enterprise,2023-09-20,Hyderabad,6.4,0
u-4625,Priya Khan,free,2023-05-27,Hyderabad,6.3,0
u-4626,Riley Lee,free,2022-03-04,Bengaluru,9.0,0
u-4627,Alex Sharma,starter,2023-09-30,Chicago,4.5,0
u-4628,Marcus Sharma,starter,2022-01-27,Bengaluru,2.8,1
u-4629,Priya Garcia,starter,2022-08-27,Hyderabad,7.4,0
u-4630,Ananya Patel,pro,2022-11-04,Chennai,8.6,0
u-4631,Casey Khan,free,2022-12-14,San Francisco,5.4,1
u-4632,Quinn Garcia,pro,2024-01-06,San Francisco,9.6,0
u-4633,Alex Sharma,starter,2023-07-20,London,5.7,1
u-4634,Riley Kim,enterprise,2022-11-09,Mumbai,9.1,0
u-4635,Jordan Khan,free,2022-12-06,Chennai,7.5,0
u-4636,Vikram Carter,starter,2023-07-30,Chennai,10.0,0
u-4637,Casey Nguyen,pro,2022-03-05,Bengaluru,4.9,0
u-4638,Marcus Shah,starter,2023-01-09,San Francisco,6.4,0
u-4639,Priya Garcia,free,2023-03-01,San Francisco,8.2,0
u-4640,Emily Khan,free,2022-04-12,Bengaluru,9.3,0
u-4641,Alex Kim,free,2023-09-25,Bengaluru,6.7,1
u-4642,Priya Ramirez,starter,2023-12-16,Hyderabad,7.5,1
u-4643,Emily Garcia,starter,2023-04-27,Mumbai,9.3,0
u-4644,Sofia Shah,starter,2024-02-01,Mumbai,4.7,0
u-4645,Marcus Carter,pro,2023-03-16,Austin,8.0,0
u-4646,Marcus Khan,free,2023-10-08,Seattle,9.4,0
u-4647,Rahul Khan,free,2022-07-08,Hyderabad,7.3,0
u-4648,Aisha Singh,pro,2023-12-24,London,6.6,0
u-4649,Marcus Sharma,pro,2023-08-06,Chennai,5.9,0
u-4650,Quinn Lee,pro,2023-06-20,Berlin,7.3,0
u-4651,Riley Ramirez,pro,2022-09-01,Chennai,9.1,0
u-4652,Priya Chen,enterprise,2023-02-15,San Francisco,7.9,0
u-4653,Jordan Patel,enterprise,2022-04-04,Mumbai,3.3,1
u-4654,Morgan Kim,starter,2022-03-25,Hyderabad,8.4,0
u-4655,Vikram Ramirez,free,2023-03-03,Austin,3.2,1
u-4656,Sam Khan,free,2024-01-06,Ahmedabad,9.0,0
u-4657,Marcus Mehta,starter,2021-10-19,Seattle,6.4,1
u-4658,Alex Sharma,starter,2023-04-02,Austin,7.0,0
u-4659,Rahul Lee,free,2022-10-22,Mumbai,7.6,0
u-4660,Alex Chen,free,2021-11-15,Mumbai,4.4,1
u-4661,Riley Singh,enterprise,2022-07-14,Chicago,6.8,0
u-4662,Vikram Shah,free,2022-09-18,Berlin,7.3,0
u-4663,Casey Carter,pro,2023-04-12,Berlin,5.5,0
u-4664,Alex Khan,pro,2022-02-12,London,10.0,0
u-4665,Ananya Miles,starter,2023-08-16,Ahmedabad,4.9,1
u-4666,Emily Sharma,free,2022-12-08,Berlin,9.9,1
u-4667,Quinn Patel,pro,2023-04-03,Chicago,6.0,0
u-4668,Alex Chen,starter,2023-11-09,Bengaluru,5.8,1
u-4669,Vikram Kim,free,2023-06-05,Austin,5.7,1
u-4670,Sofia Carter,starter,2023-08-23,Mumbai,8.9,1
u-4671,Emily Khan,free,2023-11-15,Ahmedabad,4.3,1
u-4672,Aisha Brown,pro,2022-04-13,Ahmedabad,7.3,0
u-4673,Marcus Ramirez,pro,2022-05-24,London,5.2,1
u-4674,Priya Singh,starter,2022-01-11,Bengaluru,6.8,0
u-4675,Sam Patel,enterprise,2024-01-06,Chennai,5.7,0
u-4676,Morgan Brown,starter,2022-12-22,Ahmedabad,4.8,0
u-4677,Riley Ramirez,pro,2022-07-07,Seattle,6.9,1
u-4678,Sam Nguyen,pro,2022-11-30,Seattle,8.0,0
u-4679,Quinn Shah,free,2024-01-10,Chennai,8.6,0
u-4680,Jordan Miles,pro,2023-01-06,London,6.8,0
u-4681,Ananya Ramirez,pro,2023-10-16,Mumbai,6.6,1
u-4682,Marcus Ramirez,free,2024-01-17,Mumbai,4.5,1
u-4683,Quinn Iyer,pro,2022-05-07,Pune,5.0,0
u-4684,Avery Lee,free,2023-11-10,Hyderabad,7.1,0
u-4685,Riley Iyer,free,2023-05-17,Pune,5.8,0
u-4686,Riley Singh,free,2021-09-22,Berlin,6.2,1
u-4687,Aisha Garcia,starter,2021-10-30,London,6.6,0
u-4688,Vikram Miles,free,2023-12-27,Chicago,7.4,0
u-4689,Avery Singh,free,2023-02-18,Austin,8.1,0
u-4690,Alex Ramirez,enterprise,2023-04-04,Mumbai,7.7,0
u-4691,Ananya Shah,starter,2022-08-09,Pune,4.1,0
u-4692,Casey Brown,pro,2022-06-11,Berlin,7.0,0
u-4693,Ananya Singh,free,2023-11-28,Pune,8.1,0
u-4694,Avery Chen,free,2023-01-28,Chennai,9.8,1
u-4695,Aisha Nguyen,pro,2023-06-03,Mumbai,4.3,1
u-4696,Marcus Mehta,free,2021-09-30,Chennai,4.9,0
u-4697,Rahul Singh,starter,2023-05-24,Pune,8.6,0
u-4698,Avery Nguyen,enterprise,2024-01-04,Seattle,10.0,0
u-4699,Sam Khan,free,2022-08-08,Ahmedabad,7.8,0
u-4700,Jordan Kim,starter,2022-01-02,London,9.4,0
u-4701,Ananya Sharma,starter,2022-02-17,Seattle,6.2,0
u-4702,Alex Garcia,free,2023-10-07,Chennai,6.2,1
u-4703,Marcus Ramirez,pro,2022-04-27,Ahmedabad,8.8,0
u-4704,Alex Kim,starter,2023-08-07,Chennai,1.7,1
u-4705,Alex Sharma,free,2023-09-29,Mumbai,8.1,0
u-4706,Aisha Brown,starter,2022-10-30,Berlin,2.5,1
u-4707,Marcus Mehta,starter,2022-03-03,Berlin,7.4,0
u-4708,Morgan Ramirez,starter,2022-01-04,Hyderabad,7.7,0
u-4709,Riley Brown,enterprise,2022-08-12,Pune,8.9,0
u-4710,Quinn Iyer,pro,2023-02-06,Ahmedabad,8.8,0
u-4711,Riley Carter,free,2022-09-10,Bengaluru,8.7,1
u-4712,Emily Lee,enterprise,2023-05-22,Ahmedabad,9.6,0
u-4713,Vikram Mehta,pro,2023-10-07,Ahmedabad,9.0,0
u-4714,Marcus Carter,free,2023-02-17,Pune,5.8,0
u-4715,Aisha Patel,free,2023-09-07,San Francisco,5.1,0
u-4716,Riley Brown,free,2023-11-11,Chicago,5.5,0
u-4717,Rahul Lee,free,2022-04-22,Pune,9.4,0
u-4718,Jordan Chen,starter,2022-02-02,Ahmedabad,6.6,0
u-4719,Emily Kim,free,2022-04-21,Bengaluru,5.1,1
u-4720,Alex Mehta,enterprise,2021-11-27,San Francisco,7.7,0
u-4721,Vikram Lee,starter,2022-12-07,Pune,4.3,0
u-4722,Emily Sharma,free,2022-06-24,Bengaluru,4.0,0
u-4723,Sam Miles,enterprise,2023-08-09,Chicago,8.4,0
u-4724,Sofia Garcia,starter,2023-01-11,Pune,8.4,0
u-4725,Quinn Miles,free,2023-11-06,London,9.1,0
u-4726,Vikram Lee,free,2022-08-16,Pune,9.8,0
u-4727,Morgan Ramirez,starter,2023-01-18,Chennai,5.5,0
u-4728,Alex Lee,starter,2022-10-09,Seattle,9.6,0
u-4729,Riley Shah,starter,2022-01-19,Chennai,2.5,0
u-4730,Alex Lee,pro,2023-12-19,Chennai,6.5,0
u-4731,Priya Khan,starter,2023-01-10,Chennai,7.5,0
u-4732,Ananya Nguyen,pro,2023-02-23,San Francisco,4.0,0
u-4733,Aisha Patel,pro,2022-04-29,Berlin,7.8,0
u-4734,Ananya Garcia,starter,2022-07-10,San Francisco,6.0,1
u-4735,Alex Mehta,free,2022-05-16,London,4.1,1
u-4736,Ananya Chen,starter,2022-01-25,Mumbai,7.0,0
u-4737,Sofia Shah,starter,2023-05-18,Chennai,5.8,0
u-4738,Sofia Garcia,starter,2023-03-26,Chicago,5.0,0
u-4739,Jordan Patel,free,2023-04-06,Seattle,6.7,0
u-4740,Rahul Garcia,starter,2022-02-19,London,5.9,0
u-4741,Avery Sharma,free,2022-12-24,Hyderabad,9.4,0
u-4742,Morgan Chen,starter,2022-04-14,Ahmedabad,9.2,0
u-4743,Quinn Iyer,free,2023-07-03,Austin,5.7,0
u-4744,Aisha Kim,pro,2021-11-15,Chicago,9.8,0
u-4745,Avery Ramirez,free,2022-12-08,Ahmedabad,5.6,0
u-4746,Aisha Brown,pro,2021-09-24,Hyderabad,9.7,0
u-4747,Avery Carter,starter,2023-01-09,Hyderabad,7.1,0
u-4748,Marcus Carter,free,2023-12-27,Berlin,4.8,0
u-4749,Ananya Chen,pro,2023-06-18,Chennai,4.0,0
u-4750,Casey Sharma,enterprise,2023-01-17,London,8.9,0
u-4751,Quinn Miles,pro,2023-10-09,Berlin,9.7,1
u-4752,Riley Carter,enterprise,2022-03-31,Berlin,6.6,0
u-4753,Quinn Chen,starter,2023-04-04,Ahmedabad,2.5,0
u-4754,Riley Mehta,pro,2022-02-15,Chennai,7.3,0
u-4755,Marcus Singh,pro,2021-10-16,Berlin,5.6,0
u-4756,Vikram Sharma,pro,2023-11-21,Hyderabad,7.5,0
u-4757,Rahul Garcia,pro,2023-06-04,San Francisco,4.9,1
u-4758,Vikram Ramirez,pro,2022-08-23,Mumbai,6.8,0
u-4759,Alex Brown,starter,2022-01-10,Seattle,5.1,0
u-4760,Sofia Khan,starter,2021-12-12,Hyderabad,6.1,0
u-4761,Morgan Chen,starter,2023-08-16,Berlin,5.2,0
u-4762,Rahul Patel,starter,2023-07-19,Seattle,4.1,0
u-4763,Avery Garcia,free,2023-08-13,Bengaluru,9.8,0
u-4764,Ananya Nguyen,pro,2023-04-05,Mumbai,7.6,0
u-4765,Quinn Miles,starter,2022-08-18,Seattle,7.6,0
u-4766,Quinn Ramirez,free,2023-02-23,Berlin,4.6,0
u-4767,Vikram Chen,free,2022-05-11,Ahmedabad,7.9,0
u-4768,Sofia Patel,free,2023-02-23,Mumbai,8.1,0
u-4769,Ananya Garcia,starter,2022-09-06,Ahmedabad,2.1,1
u-4770,Casey Miles,free,2022-10-01,Seattle,4.6,1
u-4771,Sam Khan,free,2023-06-26,Austin,5.6,0
u-4772,Marcus Ramirez,free,2023-12-11,Chennai,10.0,0
u-4773,Riley Singh,free,2023-07-24,Chennai,6.4,1
u-4774,Priya Iyer,free,2022-03-26,Hyderabad,3.8,0
u-4775,Sam Iyer,free,2022-04-23,Austin,7.8,0
u-4776,Alex Mehta,pro,2023-10-18,Pune,3.9,0
u-4777,Sofia Nguyen,pro,2023-03-04,Seattle,4.9,1
u-4778,Riley Garcia,enterprise,2022-02-24,Chicago,8.4,0
u-4779,Sofia Brown,free,2022-03-01,Ahmedabad,7.4,0
u-4780,Vikram Shah,free,2024-01-18,Hyderabad,6.4,0
u-4781,Quinn Kim,free,2022-03-20,Chennai,5.8,0
u-4782,Marcus Carter,starter,2022-03-19,Austin,7.2,0
u-4783,Sam Shah,free,2023-10-23,Austin,10.0,0
u-4784,Riley Iyer,free,2023-03-29,San Francisco,2.8,1
u-4785,Sam Nguyen,starter,2023-12-17,Hyderabad,6.1,0
u-4786,Rahul Patel,free,2022-07-11,Bengaluru,9.6,0
u-4787,Casey Ramirez,starter,2022-01-13,Austin,6.1,0
u-4788,Aisha Lee,starter,2023-08-30,Hyderabad,8.5,0
u-4789,Marcus Shah,pro,2023-04-01,Hyderabad,7.5,0
u-4790,Sam Garcia,free,2022-10-22,San Francisco,4.1,0
u-4791,Quinn Lee,free,2023-12-01,London,5.6,1
u-4792,Marcus Singh,starter,2023-05-17,Berlin,7.6,0
u-4793,Alex Iyer,free,2023-07-27,San Francisco,10.0,0
u-4794,Casey Garcia,free,2024-01-29,Austin,9.5,0
u-4795,Riley Garcia,starter,2022-06-30,Austin,3.8,1
u-4796,Avery Iyer,free,2022-05-12,Mumbai,8.9,0
u-4797,Sam Nguyen,free,2023-11-23,Chicago,7.7,0
u-4798,Vikram Shah,starter,2023-10-10,San Francisco,7.2,0
u-4799,Emily Kim,pro,2023-12-02,Bengaluru,7.3,0
u-4800,Sam Lee,free,2021-11-06,Chicago,7.6,0
u-4801,Quinn Nguyen,starter,2022-09-24,Hyderabad,6.6,1
u-4802,Quinn Chen,enterprise,2022-10-16,San Francisco,6.8,0
u-4803,Sofia Garcia,free,2023-11-19,London,3.6,1
u-4804,Riley Ramirez,pro,2024-01-31,Chicago,8.3,0
u-4805,Sofia Miles,free,2021-11-16,San Francisco,6.6,0
u-4806,Sofia Sharma,enterprise,2021-11-01,London,5.2,1
u-4807,Quinn Brown,free,2022-10-16,Austin,7.8,0
u-4808,Avery Nguyen,free,2023-10-09,Hyderabad,6.2,0
u-4809,Morgan Iyer,enterprise,2024-01-07,Hyderabad,7.6,0
u-4810,Aisha Mehta,starter,2022-02-06,London,4.6,1
u-4811,Vikram Miles,free,2022-10-29,London,5.4,1
u-4812,Sofia Kim,pro,2023-04-21,Hyderabad,7.0,0
u-4813,Rahul Patel,pro,2024-01-22,Austin,6.3,1
u-4814,Vikram Chen,starter,2022-09-25,Ahmedabad,8.9,0
u-4815,Riley Lee,free,2021-12-30,Mumbai,7.6,1
u-4816,Jordan Khan,free,2022-02-04,Chennai,8.6,0
u-4817,Rahul Garcia,enterprise,2022-05-06,Austin,6.7,0
u-4818,Quinn Ramirez,free,2023-12-20,San Francisco,6.9,1
u-4819,Sofia Iyer,free,2022-04-14,Chicago,5.7,0
u-4820,Priya Singh,free,2022-06-20,Mumbai,5.7,0
u-4821,Rahul Sharma,free,2022-02-01,Ahmedabad,5.8,1
u-4822,Jordan Ramirez,starter,2023-09-25,San Francisco,5.1,1
u-4823,Sam Carter,free,2022-01-12,San Francisco,8.1,0
u-4824,Alex Kim,free,2022-05-19,Austin,3.2,0
u-4825,Aisha Kim,free,2022-04-07,Chicago,7.4,0
u-4826,Aisha Kim,free,2023-09-15,Mumbai,9.4,0
u-4827,Ananya Mehta,free,2022-01-18,Chennai,4.7,0
u-4828,Ananya Kim,free,2024-01-13,Chennai,9.2,0
u-4829,Marcus Kim,pro,2023-07-23,Seattle,7.0,0
u-4830,Emily Brown,free,2023-09-19,Seattle,6.9,0
u-4831,Emily Shah,free,2023-07-15,Hyderabad,8.9,1
u-4832,Marcus Nguyen,starter,2022-08-06,Seattle,6.6,0
u-4833,Quinn Brown,pro,2021-11-18,London,10.0,0
u-4834,Avery Nguyen,starter,2021-09-27,Seattle,10.0,0
u-4835,Morgan Carter,enterprise,2023-10-30,Bengaluru,6.9,0
u-4836,Vikram Lee,free,2021-10-10,Ahmedabad,9.6,0
u-4837,Rahul Shah,free,2023-10-30,Austin,4.4,0
u-4838,Vikram Nguyen,free,2022-04-24,Seattle,8.9,0
u-4839,Quinn Nguyen,free,2023-08-26,Austin,4.7,0
u-4840,Alex Singh,enterprise,2022-02-14,San Francisco,5.2,0
u-4841,Quinn Ramirez,starter,2023-04-04,Hyderabad,8.0,1
u-4842,Casey Mehta,pro,2022-01-02,Berlin,8.1,0
u-4843,Avery Singh,enterprise,2022-10-18,Mumbai,5.4,1
u-4844,Jordan Khan,pro,2022-10-30,Pune,6.5,0
u-4845,Jordan Garcia,starter,2023-01-14,San Francisco,3.7,0
u-4846,Priya Carter,pro,2023-07-18,Austin,10.0,0
u-4847,Quinn Kim,starter,2022-11-10,Seattle,8.2,0
u-4848,Vikram Singh,free,2022-07-06,Berlin,6.8,0
u-4849,Avery Patel,starter,2023-10-03,Austin,6.9,1
u-4850,Avery Garcia,pro,2023-10-01,Chicago,9.1,1
u-4851,Avery Garcia,pro,2023-01-26,Chicago,2.8,1
u-4852,Riley Carter,starter,2022-02-07,Seattle,7.8,0
u-4853,Morgan Carter,pro,2023-03-31,Mumbai,4.8,1
u-4854,Rahul Khan,starter,2023-02-08,Bengaluru,3.0,0
u-4855,Morgan Brown,starter,2021-10-20,Mumbai,7.2,0
u-4856,Casey Lee,free,2023-06-15,San Francisco,10.0,0
u-4857,Quinn Lee,free,2023-03-20,Chennai,6.0,0
u-4858,Marcus Iyer,free,2022-01-29,Ahmedabad,5.0,0
u-4859,Emily Mehta,pro,2022-11-08,Berlin,5.2,0
u-4860,Emily Ramirez,enterprise,2023-10-28,Mumbai,7.9,0
u-4861,Ananya Carter,free,2023-07-30,London,4.2,0
u-4862,Emily Garcia,free,2021-10-06,London,8.4,0
u-4863,Vikram Khan,free,2022-02-26,Hyderabad,6.1,0
u-4864,Jordan Chen,pro,2021-10-28,Hyderabad,7.6,0
u-4865,Marcus Ramirez,starter,2022-12-11,San Francisco,9.3,0
u-4866,Ananya Mehta,starter,2022-08-21,Mumbai,9.2,0
u-4867,Emily Shah,free,2023-10-05,Seattle,7.2,0
u-4868,Emily Chen,free,2022-05-23,Bengaluru,8.3,0
u-4869,Marcus Khan,pro,2022-09-24,Ahmedabad,5.8,0
u-4870,Marcus Carter,starter,2023-12-31,San Francisco,6.4,0
u-4871,Ananya Miles,free,2022-01-26,Austin,7.6,0
u-4872,Sam Miles,free,2023-01-17,London,8.4,0
u-4873,Avery Garcia,free,2021-09-20,Berlin,10.0,0
u-4874,Sofia Shah,free,2021-12-24,Bengaluru,4.0,0
u-4875,Jordan Shah,free,2023-02-01,San Francisco,3.8,0
u-4876,Avery Shah,pro,2024-01-22,Chennai,3.8,0
u-4877,Alex Iyer,free,2023-09-27,Austin,9.5,0
u-4878,Priya Miles,free,2023-05-25,Hyderabad,8.2,0
u-4879,Morgan Patel,starter,2023-05-19,Seattle,7.8,0
u-4880,Sam Kim,free,2023-03-31,Seattle,7.2,0
u-4881,Emily Patel,starter,2021-10-24,Chicago,3.5,0
u-4882,Emily Khan,pro,2022-06-24,Pune,6.4,0
u-4883,Rahul Shah,free,2023-08-19,Chennai,6.1,0
u-4884,Marcus Mehta,pro,2022-05-29,San Francisco,7.8,0
u-4885,Emily Nguyen,free,2023-12-14,Ahmedabad,4.7,0
u-4886,Vikram Ramirez,free,2023-12-07,Berlin,5.0,1
u-4887,Aisha Khan,free,2022-07-21,Mumbai,5.2,0
u-4888,Ananya Nguyen,starter,2023-07-27,Bengaluru,8.1,0
u-4889,Vikram Mehta,starter,2023-01-17,Mumbai,9.6,0
u-4890,Sam Khan,pro,2022-02-13,Austin,4.9,0
u-4891,Sam Mehta,free,2023-02-28,San Francisco,4.2,1
u-4892,Sofia Ramirez,starter,2023-08-19,Austin,9.2,0
u-4893,Sam Nguyen,free,2021-09-15,Pune,6.4,0
u-4894,Avery Brown,free,2023-05-28,San Francisco,8.5,0
u-4895,Aisha Khan,starter,2022-07-08,Hyderabad,8.6,0
u-4896,Morgan Lee,free,2023-09-13,Austin,6.3,0
u-4897,Priya Brown,free,2023-09-14,Pune,9.7,0
u-4898,Priya Miles,starter,2022-04-16,Berlin,5.9,0
u-4899,Morgan Iyer,pro,2021-12-12,London,7.5,0
u-4900,Sam Sharma,pro,2024-01-09,Chicago,6.4,0
u-4901,Jordan Nguyen,free,2021-10-06,Seattle,8.2,0
u-4902,Sofia Garcia,free,2023-05-15,Chennai,8.1,1
u-4903,Aisha Chen,free,2021-09-27,San Francisco,8.5,0
u-4904,Sofia Garcia,free,2022-10-26,Pune,10.0,0
u-4905,Alex Carter,free,2022-04-06,London,8.1,0
u-4906,Priya Mehta,free,2024-01-27,Mumbai,8.2,0
u-4907,Aisha Khan,free,2023-09-17,Mumbai,4.9,0
u-4908,Emily Nguyen,starter,2021-10-25,Ahmedabad,3.9,0
u-4909,Avery Brown,free,2023-09-11,Chicago,4.3,0
u-4910,Avery Lee,free,2022-01-06,San Francisco,6.5,0
u-4911,Priya Lee,free,2023-10-22,London,7.1,0
u-4912,Casey Ramirez,free,2022-07-18,Chicago,7.8,0
u-4913,Jordan Kim,pro,2023-03-15,San Francisco,8.1,0
u-4914,Alex Lee,free,2023-01-15,Chicago,7.3,0
u-4915,Casey Miles,free,2022-05-24,Bengaluru,5.8,0
u-4916,Quinn Patel,pro,2023-09-19,Berlin,5.1,0
u-4917,Avery Singh,free,2023-04-08,London,3.2,0
u-4918,Priya Singh,free,2022-10-08,Seattle,3.9,1
u-4919,Ananya Carter,pro,2023-03-25,Pune,7.3,0
u-4920,Sam Khan,starter,2023-07-08,Ahmedabad,8.1,0
u-4921,Rahul Kim,enterprise,2023-12-25,San Francisco,2.5,0
u-4922,Marcus Garcia,pro,2022-07-26,Hyderabad,4.9,1
u-4923,Emily Nguyen,starter,2023-12-09,Berlin,9.3,0
u-4924,Avery Mehta,free,2023-09-28,San Francisco,8.0,0
u-4925,Rahul Khan,starter,2023-07-10,Austin,8.3,0
u-4926,Ananya Kim,free,2022-05-19,Chennai,4.8,0
u-4927,Marcus Iyer,starter,2023-10-18,Ahmedabad,8.6,0
u-4928,Riley Shah,pro,2023-04-27,Mumbai,4.7,0
u-4929,Emily Chen,free,2023-11-29,Chicago,7.9,0
u-4930,Marcus Khan,pro,2022-11-22,Bengaluru,6.6,0
u-4931,Marcus Brown,starter,2023-08-28,Hyderabad,7.3,0
u-4932,Riley Garcia,free,2023-09-14,Mumbai,6.4,0
u-4933,Jordan Lee,pro,2023-04-29,Bengaluru,7.3,0
u-4934,Avery Shah,starter,2023-06-24,Austin,3.8,1
u-4935,Riley Singh,starter,2023-12-21,San Francisco,7.0,0
u-4936,Vikram Singh,starter,2023-01-06,Mumbai,9.8,0
u-4937,Marcus Patel,free,2022-11-21,Seattle,4.3,0
u-4938,Aisha Iyer,free,2022-12-30,Pune,7.4,0
u-4939,Marcus Sharma,starter,2023-01-13,Seattle,5.3,1
u-4940,Aisha Nguyen,pro,2021-09-15,Mumbai,3.6,0
u-4941,Riley Chen,starter,2023-06-07,Berlin,9.3,0
u-4942,Jordan Mehta,pro,2023-04-16,Seattle,8.3,0
u-4943,Riley Lee,pro,2022-11-14,San Francisco,7.5,0
u-4944,Riley Patel,free,2023-11-20,Pune,5.8,0
u-4945,Emily Ramirez,pro,2021-09-24,Austin,7.7,1
u-4946,Priya Miles,pro,2022-11-02,Chennai,9.3,0
u-4947,Sofia Chen,free,2022-06-06,Mumbai,5.7,0
u-4948,Quinn Lee,starter,2023-04-28,Hyderabad,7.0,0
u-4949,Ananya Iyer,pro,2022-06-10,Seattle,6.9,0
u-4950,Sam Khan,enterprise,2021-12-30,San Francisco,9.3,0
u-4951,Sam Mehta,enterprise,2022-09-16,Mumbai,3.8,0
u-4952,Riley Kim,starter,2023-08-03,London,4.5,0
u-4953,Rahul Sharma,pro,2022-06-16,Austin,9.7,0
u-4954,Sofia Nguyen,starter,2022-01-18,London,10.0,0
u-4955,Priya Carter,pro,2022-06-08,Berlin,5.9,1
u-4956,Marcus Lee,starter,2022-07-04,San Francisco,7.1,0
u-4957,Sam Brown,enterprise,2022-12-25,Austin,5.2,0
u-4958,Jordan Kim,enterprise,2023-08-22,Mumbai,6.2,0
u-4959,Priya Chen,free,2022-05-17,London,8.7,0
u-4960,Morgan Lee,enterprise,2023-02-14,San Francisco,6.7,0
u-4961,Jordan Garcia,starter,2023-07-16,Chennai,5.9,0
u-4962,Casey Lee,free,2022-11-30,Seattle,5.9,0
u-4963,Sofia Chen,free,2024-01-13,San Francisco,4.5,1
u-4964,Sofia Sharma,starter,2022-11-05,Hyderabad,5.0,0
u-4965,Marcus Garcia,free,2022-10-13,Hyderabad,6.0,1
u-4966,Sofia Nguyen,free,2023-02-21,Bengaluru,4.8,0
u-4967,Sofia Singh,starter,2022-05-31,Chicago,6.9,0
u-4968,Priya Lee,free,2022-09-11,London,5.8,1
u-4969,Marcus Khan,starter,2023-03-20,Seattle,3.1,0
u-4970,Vikram Patel,pro,2022-05-19,Pune,8.1,0
u-4971,Sofia Mehta,free,2023-10-23,Seattle,8.4,0
u-4972,Casey Brown,starter,2022-11-18,Seattle,7.9,0
u-4973,Quinn Mehta,free,2023-10-02,Chennai,7.8,0
u-4974,Rahul Ramirez,pro,2022-08-26,Bengaluru,10.0,0
u-4975,Ananya Shah,free,2024-01-17,Ahmedabad,4.3,0
u-4976,Emily Iyer,pro,2022-01-15,Pune,8.5,0
u-4977,Alex Singh,pro,2024-01-05,Seattle,8.7,0
u-4978,Sam Brown,pro,2022-11-25,Austin,9.0,0
u-4979,Aisha Brown,starter,2022-07-02,London,4.8,0
u-4980,Emily Nguyen,starter,2023-02-04,Mumbai,8.0,0
u-4981,Rahul Sharma,free,2023-07-29,London,9.2,0
u-4982,Sofia Garcia,starter,2023-07-01,San Francisco,7.4,0
u-4983,Morgan Shah,starter,2022-01-29,Ahmedabad,6.6,0
u-4984,Riley Lee,starter,2023-10-10,London,6.4,0
u-4985,Emily Sharma,free,2022-05-24,Ahmedabad,6.6,0
u-4986,Avery Shah,starter,2023-05-23,Chicago,9.5,0
u-4987,Morgan Ramirez,starter,2024-01-22,Ahmedabad,8.8,0
u-4988,Vikram Sharma,starter,2023-02-13,Ahmedabad,7.7,0
u-4989,Sofia Lee,starter,2023-11-11,Chicago,8.5,1
u-4990,Rahul Shah,free,2022-04-08,San Francisco,4.9,1
u-4991,Sofia Mehta,starter,2022-04-03,San Francisco,5.7,1
u-4992,Jordan Ramirez,free,2023-07-27,Austin,10.0,1
u-4993,Emily Singh,pro,2022-03-31,San Francisco,7.4,0
u-4994,Sam Iyer,pro,2022-06-01,London,7.1,1
u-4995,Aisha Carter,free,2022-06-23,London,8.1,0
u-4996,Marcus Khan,free,2023-11-25,Mumbai,8.2,0
u-4997,Quinn Kim,starter,2023-10-13,Mumbai,8.4,0
u-4998,Marcus Mehta,pro,2023-09-17,Ahmedabad,7.3,0
u-4999,Sofia Miles,free,2022-02-20,Berlin,7.2,0
u-5000,Aisha Miles,starter,2023-04-24,Pune,7.2,0
