subscription_id,activity_date,ide_sessions,cli_sessions,agent_requests,cheap_model_requests,suggestions_shown,suggestions_accepted,agent_tasks,agent_tasks_kept,total_requests,failed_requests
sub_00000,2026-05-25,0,0,29,4,42,16,4,2,71,2
sub_00000,2026-05-27,1,0,34,4,37,8,2,2,71,2
sub_00000,2026-06-07,2,1,33,5,30,10,0,0,63,2
sub_00000,2026-06-08,2,3,28,1,32,12,4,4,60,2
sub_00000,2026-06-14,0,0,25,3,27,11,2,2,52,0
sub_00000,2026-06-18,0,0,30,5,31,9,3,2,61,3
sub_00000,2026-06-19,1,0,31,6,41,10,1,1,72,3
sub_00000,2026-06-26,1,0,30,4,39,16,1,1,69,2
sub_00000,2026-06-27,0,0,32,3,36,9,7,7,68,1
sub_00000,2026-06-28,0,1,37,5,33,8,4,4,70,2
sub_00000,2026-07-11,0,0,27,2,39,9,1,1,66,2
sub_00000,2026-07-14,0,0,35,2,26,8,4,4,61,1
sub_00000,2026-07-17,1,0,26,5,34,7,1,0,60,0
sub_00000,2026-07-19,0,1,24,1,38,12,3,2,62,1
sub_00000,2026-07-22,1,1,23,3,33,12,0,0,56,4
sub_00000,2026-07-26,0,0,26,3,34,10,2,1,60,0
sub_00001,2026-05-06,1,0,10,5,30,12,2,2,40,3
sub_00001,2026-05-10,1,0,12,3,38,13,3,3,50,0
sub_00001,2026-05-12,0,0,12,3,30,9,2,1,42,1
sub_00001,2026-05-15,0,1,16,4,40,10,2,1,56,1
sub_00001,2026-05-18,1,0,7,1,32,11,1,0,39,2
sub_00001,2026-05-19,2,0,14,2,38,9,3,3,52,0
sub_00001,2026-05-22,0,0,11,1,34,6,3,1,45,2
sub_00001,2026-05-31,0,0,12,2,31,9,2,1,43,1
sub_00001,2026-06-02,0,0,11,0,51,10,3,2,62,1
sub_00001,2026-06-04,1,0,13,5,30,9,3,2,43,0
sub_00001,2026-06-06,1,0,16,2,45,8,1,1,61,1
sub_00001,2026-06-09,1,0,15,2,46,8,2,2,61,1
sub_00001,2026-06-14,0,0,16,3,38,9,1,0,54,0
sub_00001,2026-06-15,0,0,14,2,29,6,3,2,43,1
sub_00001,2026-06-17,2,0,14,1,32,6,1,1,46,1
sub_00001,2026-06-29,2,0,10,5,34,9,2,2,44,4
sub_00002,2026-07-08,1,0,14,0,30,8,3,3,44,3
sub_00002,2026-07-15,3,0,19,1,41,5,1,0,60,0
sub_00002,2026-07-16,0,0,17,1,29,9,1,0,46,2
sub_00002,2026-07-21,0,0,14,0,37,6,1,1,51,0
sub_00002,2026-07-23,2,1,9,0,31,8,3,0,40,2
sub_00002,2026-07-25,1,1,11,0,36,7,3,2,47,2
sub_00002,2026-07-30,0,1,15,1,40,9,3,1,55,5
sub_00002,2026-07-31,1,0,14,1,39,16,5,3,53,3
sub_00002,2026-08-03,0,0,15,0,37,7,1,0,52,5
sub_00002,2026-08-04,0,0,14,0,36,12,0,0,50,3
sub_00002,2026-08-05,0,1,15,1,39,12,2,0,54,2
sub_00002,2026-08-06,1,0,14,0,36,8,4,2,50,2
sub_00002,2026-08-07,0,1,16,0,29,12,2,2,45,1
sub_00002,2026-08-12,0,0,13,1,41,9,0,0,54,4
sub_00002,2026-08-20,0,0,12,2,26,7,2,2,38,4
sub_00002,2026-08-21,0,2,19,2,42,14,3,2,61,2
sub_00002,2026-08-23,2,0,12,1,43,14,0,0,55,3
sub_00002,2026-08-26,1,0,22,3,39,9,2,2,61,2
sub_00002,2026-09-01,0,0,21,0,23,8,5,3,44,2
sub_00002,2026-09-03,2,0,11,0,30,13,2,1,41,4
sub_00002,2026-09-07,0,2,13,0,29,8,2,2,42,1
sub_00003,2026-06-28,0,0,25,7,31,12,2,1,56,2
sub_00003,2026-07-03,0,0,12,4,27,9,1,1,39,3
sub_00003,2026-07-07,0,0,25,10,32,10,2,2,57,3
sub_00003,2026-07-11,1,1,16,4,31,11,1,1,47,1
sub_00003,2026-07-12,2,1,26,6,36,10,0,0,62,3
sub_00003,2026-07-19,1,0,29,6,34,15,2,1,63,5
sub_00003,2026-07-29,2,1,19,5,36,11,4,4,55,8
sub_00004,2026-05-13,0,1,86,18,34,2,7,6,120,8
sub_00004,2026-05-14,1,0,96,19,24,5,3,3,120,6
sub_00004,2026-05-19,2,0,82,12,30,4,2,2,112,7
sub_00004,2026-05-21,0,0,92,17,28,7,1,0,120,6
sub_00004,2026-05-28,0,1,88,12,35,8,3,2,123,5
sub_00004,2026-06-02,1,0,85,16,32,5,0,0,117,3
sub_00004,2026-06-04,1,3,101,16,43,8,1,1,144,5
sub_00004,2026-06-05,2,0,80,20,30,3,5,4,110,5
sub_00004,2026-06-11,2,0,82,19,37,9,1,1,119,11
sub_00004,2026-06-12,0,2,91,20,41,8,3,2,132,6
sub_00004,2026-06-16,1,1,77,10,32,9,3,2,109,9
sub_00004,2026-06-17,0,0,80,15,34,9,6,3,114,4
sub_00004,2026-06-18,0,0,76,11,33,7,1,1,109,2
sub_00004,2026-06-19,1,0,67,7,31,3,4,4,98,9
sub_00004,2026-06-22,0,1,82,15,30,6,4,3,112,4
sub_00004,2026-06-28,1,1,83,14,43,9,3,2,126,6
sub_00004,2026-06-29,0,1,70,18,34,7,2,1,104,2
sub_00004,2026-07-02,0,0,66,17,33,12,1,0,99,7
sub_00004,2026-07-10,0,1,67,18,36,6,3,1,103,0
sub_00004,2026-07-11,0,2,70,7,35,7,2,0,105,8
sub_00005,2026-06-04,1,0,11,3,39,19,1,1,50,1
sub_00005,2026-06-05,0,0,18,2,32,17,4,3,50,1
sub_00005,2026-06-06,0,0,11,4,34,14,3,2,45,3
sub_00005,2026-06-08,0,0,19,6,35,15,2,2,54,2
sub_00005,2026-06-10,0,0,9,2,29,8,0,0,38,1
sub_00005,2026-06-11,0,2,14,2,46,22,0,0,60,3
sub_00005,2026-06-12,0,1,19,3,39,17,1,1,58,1
sub_00005,2026-06-14,2,0,18,4,27,11,1,1,45,1
sub_00005,2026-06-15,1,0,16,3,44,17,0,0,60,0
sub_00005,2026-06-17,0,0,13,2,39,16,3,3,52,2
sub_00005,2026-06-18,0,0,19,8,37,17,2,1,56,1
sub_00005,2026-06-19,0,1,19,2,37,11,2,0,56,4
sub_00005,2026-06-22,1,1,20,4,36,15,2,2,56,3
sub_00005,2026-06-23,2,0,17,8,33,9,0,0,50,1
sub_00005,2026-06-24,0,0,19,8,35,17,5,2,54,2
sub_00005,2026-06-25,0,0,11,3,27,9,2,2,38,2
sub_00005,2026-06-26,1,0,9,4,37,19,1,0,46,2
sub_00005,2026-06-27,1,0,15,3,39,16,0,0,54,2
sub_00005,2026-06-30,2,1,16,5,40,16,2,2,56,3
sub_00005,2026-07-01,2,1,16,7,38,15,1,1,54,1
sub_00005,2026-07-05,0,0,19,5,24,12,4,3,43,2
sub_00005,2026-07-06,3,0,12,2,29,13,1,0,41,0
sub_00005,2026-07-07,0,0,7,2,37,17,0,0,44,4
sub_00005,2026-07-08,0,0,14,5,33,13,2,2,47,1
sub_00005,2026-07-09,1,0,13,6,39,17,2,2,52,2
sub_00005,2026-07-10,4,1,21,6,32,18,4,3,53,2
sub_00005,2026-07-13,1,0,13,3,32,13,6,6,45,0
sub_00005,2026-07-14,2,0,11,4,37,20,3,3,48,0
sub_00005,2026-07-17,2,1,18,4,27,16,1,1,45,1
sub_00005,2026-07-19,0,0,12,2,50,25,4,3,62,3
sub_00005,2026-07-20,0,2,14,3,34,8,2,1,48,5
sub_00005,2026-07-22,1,0,12,3,32,13,0,0,44,2
sub_00005,2026-07-23,0,0,14,4,30,17,3,3,44,2
sub_00005,2026-07-24,0,1,10,4,38,17,1,1,48,1
sub_00005,2026-07-25,0,0,13,2,37,16,1,1,50,2
sub_00005,2026-07-26,2,0,17,5,32,14,5,4,49,1
sub_00005,2026-07-27,1,0,23,8,37,17,5,5,60,4
sub_00005,2026-07-29,3,1,14,4,32,11,2,2,46,2
sub_00005,2026-07-30,1,0,16,6,33,14,6,5,49,2
sub_00005,2026-07-31,0,0,21,9,27,14,4,4,48,3
sub_00005,2026-08-02,0,1,18,4,30,14,1,1,48,3
sub_00005,2026-08-03,0,0,17,8,37,16,3,3,54,2
sub_00005,2026-08-05,0,1,21,9,31,19,3,2,52,0
sub_00006,2026-06-09,1,0,17,3,33,7,3,2,50,0
sub_00006,2026-06-10,1,0,22,6,27,5,1,1,49,1
sub_00006,2026-06-13,3,0,16,3,39,8,4,3,55,2
sub_00006,2026-06-16,2,0,17,5,40,9,5,5,57,2
sub_00006,2026-06-17,1,0,17,4,36,10,1,1,53,1
sub_00006,2026-06-20,0,0,19,7,34,5,4,2,53,0
sub_00006,2026-07-05,3,0,27,4,33,11,0,0,60,2
sub_00006,2026-07-16,5,0,19,5,40,15,2,1,59,2
sub_00006,2026-07-18,0,0,32,2,28,7,0,0,60,2
sub_00006,2026-07-22,1,0,20,6,35,12,1,1,55,2
sub_00006,2026-07-23,2,1,21,3,31,10,4,3,52,0
sub_00006,2026-07-25,1,0,17,3,26,10,3,1,43,2
sub_00006,2026-07-26,4,0,16,5,42,10,2,1,58,1
sub_00006,2026-07-31,3,0,16,3,31,10,4,1,47,1
sub_00006,2026-08-01,1,0,21,5,25,4,0,0,46,1
sub_00006,2026-08-02,0,0,11,2,33,4,3,2,44,2
sub_00006,2026-08-08,2,0,34,7,39,15,0,0,73,1
sub_00007,2026-05-29,0,2,72,49,27,9,3,1,99,1
sub_00007,2026-06-01,0,2,64,42,46,17,1,1,110,1
sub_00007,2026-06-02,1,1,64,47,42,14,2,2,106,4
sub_00007,2026-06-03,0,2,89,62,39,18,4,0,128,4
sub_00007,2026-06-16,1,1,62,46,37,13,4,3,99,1
sub_00007,2026-06-19,0,3,73,47,36,11,1,0,109,1
sub_00007,2026-06-22,1,1,69,48,37,15,4,3,106,0
sub_00007,2026-06-26,0,1,89,66,24,8,3,2,113,3
sub_00007,2026-06-29,1,1,83,61,28,9,5,4,111,3
sub_00007,2026-06-30,0,0,83,64,27,12,2,2,110,3
sub_00007,2026-07-01,0,2,73,47,33,18,3,2,106,3
sub_00007,2026-07-02,0,1,96,73,37,17,4,3,133,5
sub_00007,2026-07-08,0,0,58,45,39,12,3,1,97,2
sub_00007,2026-07-09,0,0,69,51,31,11,5,1,100,4
sub_00007,2026-07-10,0,0,69,48,45,21,1,0,114,2
sub_00007,2026-07-13,1,2,66,46,31,11,4,3,97,3
sub_00007,2026-07-14,1,1,75,57,33,15,2,1,108,3
sub_00007,2026-07-20,0,2,68,52,37,14,0,0,105,5
sub_00007,2026-07-22,0,1,80,61,41,20,7,6,121,2
sub_00007,2026-07-24,0,0,69,49,46,17,1,0,115,3
sub_00008,2026-05-28,0,0,61,18,35,12,4,2,96,6
sub_00008,2026-05-30,0,0,61,17,49,11,1,0,110,14
sub_00008,2026-05-31,1,0,66,14,42,12,2,1,108,3
sub_00008,2026-06-06,0,0,67,13,39,7,3,3,106,6
sub_00008,2026-06-07,1,0,64,13,37,9,1,1,101,4
sub_00008,2026-06-08,2,0,54,14,33,7,2,1,87,7
sub_00008,2026-06-11,0,0,60,14,29,2,1,0,89,6
sub_00008,2026-06-13,3,0,59,7,39,9,2,1,98,6
sub_00008,2026-06-22,1,1,54,7,44,8,0,0,98,5
sub_00008,2026-06-23,1,0,48,10,23,9,5,2,71,5
sub_00008,2026-06-25,2,0,63,13,42,12,5,4,105,6
sub_00008,2026-06-27,0,0,68,20,42,12,3,1,110,4
sub_00008,2026-06-28,2,0,62,10,45,10,2,1,107,8
sub_00008,2026-06-29,1,0,78,20,33,6,3,1,111,6
sub_00008,2026-07-03,2,0,51,14,40,8,3,2,91,3
sub_00008,2026-07-04,0,0,51,10,26,4,3,0,77,5
sub_00008,2026-07-05,3,1,67,11,49,12,4,2,116,2
sub_00008,2026-07-11,0,0,53,9,28,9,5,4,81,5
sub_00008,2026-07-12,0,0,73,17,27,4,1,1,100,5
sub_00008,2026-07-15,1,1,72,10,32,2,2,2,104,6
sub_00008,2026-07-16,1,0,63,17,31,5,1,0,94,3
sub_00008,2026-07-17,1,0,56,14,31,7,1,0,87,6
sub_00008,2026-07-19,1,0,72,18,36,4,1,1,108,7
sub_00008,2026-07-20,0,0,57,14,41,7,2,1,98,12
sub_00008,2026-07-22,1,1,45,6,39,4,1,1,84,8
sub_00009,2026-04-18,0,0,61,19,38,7,4,3,99,3
sub_00009,2026-04-22,1,0,68,20,23,8,2,1,91,3
sub_00009,2026-04-23,1,0,88,18,32,18,1,1,120,2
sub_00009,2026-04-28,2,1,53,13,48,11,0,0,101,0
sub_00009,2026-04-29,0,2,65,17,37,8,5,2,102,2
sub_00009,2026-04-30,2,3,62,18,50,12,5,2,112,5
sub_00009,2026-05-01,0,1,73,17,21,7,2,2,94,2
sub_00009,2026-05-02,0,1,63,18,30,8,2,1,93,4
sub_00009,2026-05-03,1,1,73,27,30,9,1,0,103,3
sub_00009,2026-05-06,0,3,63,16,42,12,3,1,105,2
sub_00009,2026-05-07,2,0,53,11,37,14,4,1,90,0
sub_00009,2026-05-11,1,0,77,21,25,3,1,0,102,3
sub_00009,2026-05-13,1,1,76,21,34,7,1,1,110,3
sub_00009,2026-05-14,1,1,70,25,32,8,1,0,102,1
sub_00009,2026-05-18,0,0,72,20,27,7,4,1,99,4
sub_00009,2026-05-19,2,0,67,16,22,4,0,0,89,6
sub_00009,2026-05-20,2,1,78,19,38,14,2,2,116,1
sub_00009,2026-05-22,2,0,73,14,32,10,2,0,105,2
sub_00009,2026-05-23,1,0,40,13,41,16,1,0,81,3
sub_00009,2026-05-25,1,0,58,14,24,10,1,1,82,5
sub_00009,2026-05-27,2,0,63,20,38,11,3,1,101,6
sub_00009,2026-05-28,2,0,64,18,30,11,3,1,94,5
sub_00009,2026-05-29,1,1,67,21,38,12,3,1,105,3
sub_00009,2026-05-31,0,1,70,16,38,10,5,4,108,7
sub_00009,2026-06-02,0,0,62,14,44,14,3,2,106,2
sub_00009,2026-06-03,0,0,62,16,44,18,2,0,106,1
sub_00009,2026-06-04,1,1,56,14,28,10,1,1,84,3
sub_00009,2026-06-05,0,1,65,18,39,13,1,1,104,3
sub_00009,2026-06-08,0,1,68,21,39,9,3,1,107,5
sub_00009,2026-06-10,0,0,74,26,29,11,3,1,103,3
sub_00009,2026-06-11,1,0,72,21,38,10,1,1,110,5
sub_00009,2026-06-12,2,1,69,16,37,11,3,1,106,2
sub_00009,2026-06-13,1,1,48,12,40,13,4,3,88,2
sub_00009,2026-06-14,0,0,73,25,36,10,5,1,109,4
sub_00009,2026-06-15,0,1,60,14,36,8,1,0,96,3
sub_00009,2026-06-16,1,0,58,12,38,12,1,1,96,1
sub_00009,2026-06-18,0,0,48,18,42,10,4,3,90,2
sub_00009,2026-06-19,0,0,76,14,35,8,3,1,111,5
sub_00010,2026-05-26,1,0,9,3,38,10,4,2,47,6
sub_00010,2026-05-31,0,0,10,1,20,8,3,1,30,3
sub_00010,2026-06-04,0,0,11,3,37,10,2,2,48,4
sub_00010,2026-06-09,1,1,11,1,37,12,8,4,48,5
sub_00010,2026-06-11,1,1,9,4,40,18,1,0,49,2
sub_00010,2026-06-15,1,1,7,0,34,12,7,5,41,3
sub_00010,2026-06-17,1,0,2,0,32,15,0,0,34,3
sub_00010,2026-06-19,1,0,8,3,34,12,3,0,42,6
sub_00010,2026-06-20,2,0,12,3,39,11,4,1,51,0
sub_00010,2026-06-22,0,1,11,2,30,12,1,1,41,6
sub_00010,2026-06-23,1,0,10,2,42,13,3,3,52,5
sub_00010,2026-06-26,1,0,13,3,32,16,4,1,45,0
sub_00010,2026-06-29,0,0,5,4,38,11,3,2,43,3
sub_00010,2026-07-01,1,1,13,4,29,12,5,4,42,1
sub_00010,2026-07-02,0,0,12,3,40,13,2,1,52,4
sub_00010,2026-07-08,2,0,8,1,39,16,1,0,47,3
sub_00010,2026-07-09,1,0,10,2,33,9,7,6,43,4
sub_00010,2026-07-10,2,1,6,3,28,10,2,2,34,3
sub_00010,2026-07-11,0,2,14,2,43,11,2,0,57,6
sub_00010,2026-07-12,0,0,10,2,50,20,4,1,60,4
sub_00010,2026-07-15,1,1,7,0,32,9,4,3,39,5
sub_00010,2026-07-21,1,0,5,1,42,11,2,2,47,8
sub_00010,2026-07-23,0,0,6,2,28,10,3,2,34,3
sub_00010,2026-07-24,1,0,8,2,31,10,0,0,39,2
sub_00011,2026-05-15,1,2,527,102,41,12,2,1,568,32
sub_00011,2026-05-17,1,0,537,80,42,11,7,5,579,25
sub_00011,2026-05-20,0,0,533,90,41,7,1,1,574,25
sub_00011,2026-05-22,2,2,528,85,34,10,1,1,562,11
sub_00011,2026-05-25,1,0,529,74,35,8,3,1,564,24
sub_00011,2026-05-26,1,1,517,84,34,9,1,0,551,16
sub_00011,2026-06-04,2,1,493,86,32,6,4,2,525,19
sub_00011,2026-06-07,0,0,536,85,30,7,2,2,566,23
sub_00011,2026-06-08,1,0,532,89,20,6,2,1,552,19
sub_00011,2026-06-09,0,0,530,84,39,13,1,1,569,17
sub_00011,2026-06-11,1,1,525,120,38,13,2,1,563,20
sub_00011,2026-06-15,2,2,496,76,53,14,2,1,549,17
sub_00011,2026-06-18,0,1,517,100,33,5,2,1,550,21
sub_00011,2026-06-19,1,1,527,90,40,9,4,2,567,15
sub_00011,2026-06-29,1,1,465,66,35,6,5,4,500,17
sub_00011,2026-07-01,0,2,538,88,29,8,2,1,567,21
sub_00011,2026-07-05,1,0,538,108,42,7,2,2,580,32
sub_00011,2026-07-07,0,2,531,81,27,11,1,0,558,20
sub_00011,2026-07-09,1,0,516,97,32,6,6,4,548,19
sub_00011,2026-07-13,0,0,500,88,38,5,1,0,538,30
sub_00011,2026-07-15,0,0,488,55,35,11,2,0,523,25
sub_00011,2026-07-16,0,0,523,83,38,7,1,1,561,22
sub_00012,2026-06-28,0,0,362,27,44,2,3,1,406,19
sub_00012,2026-06-29,0,0,377,30,32,4,5,2,409,16
sub_00012,2026-07-01,1,0,383,21,38,9,2,1,421,20
sub_00012,2026-07-02,0,1,407,26,33,3,5,3,440,24
sub_00012,2026-07-03,2,1,383,25,33,4,5,3,416,28
sub_00012,2026-07-07,3,2,373,19,42,4,2,2,415,15
sub_00012,2026-07-08,2,1,391,29,30,4,5,4,421,16
sub_00012,2026-07-10,1,0,355,22,20,2,3,1,375,22
sub_00012,2026-07-12,2,0,350,28,33,5,6,4,383,22
sub_00012,2026-07-13,0,0,368,24,42,5,3,2,410,21
sub_00012,2026-07-14,2,0,360,27,40,9,3,1,400,13
sub_00012,2026-07-17,1,1,359,15,36,6,0,0,395,20
sub_00012,2026-07-18,1,1,382,23,31,5,2,1,413,18
sub_00012,2026-07-20,0,0,397,24,36,5,1,1,433,18
sub_00012,2026-07-21,0,0,368,19,24,2,3,1,392,15
sub_00012,2026-07-24,1,2,367,24,37,4,2,2,404,16
sub_00012,2026-07-27,1,1,354,25,35,4,1,0,389,18
sub_00012,2026-07-29,1,0,386,24,42,3,3,3,428,15
sub_00012,2026-08-03,0,1,376,28,39,2,1,1,415,19
sub_00012,2026-08-06,1,0,393,22,27,2,3,0,420,12
sub_00012,2026-08-11,1,0,331,18,32,2,4,3,363,15
sub_00012,2026-08-12,2,1,380,19,33,2,2,2,413,26
sub_00012,2026-08-18,1,0,380,28,33,4,2,2,413,21
sub_00012,2026-08-25,0,0,365,18,35,6,5,3,400,12
sub_00012,2026-08-28,1,0,393,20,19,1,4,1,412,21
sub_00013,2026-07-07,0,3,44,1,36,16,4,4,80,2
sub_00013,2026-07-08,1,1,46,5,38,8,1,1,84,3
sub_00013,2026-07-09,0,2,41,5,36,21,1,0,77,2
sub_00013,2026-07-10,0,0,42,5,38,14,5,5,80,6
sub_00013,2026-07-11,1,2,34,5,31,11,7,7,65,0
sub_00013,2026-07-13,1,1,44,5,27,11,3,3,71,5
sub_00013,2026-07-14,1,0,40,0,27,10,2,1,67,3
sub_00013,2026-07-15,0,1,47,6,26,9,1,1,73,2
sub_00013,2026-07-17,0,2,43,3,38,13,2,2,81,5
sub_00013,2026-07-20,0,0,54,2,32,17,1,1,86,3
sub_00013,2026-07-22,0,0,56,9,38,17,1,1,94,5
sub_00013,2026-07-23,0,1,51,5,35,13,0,0,86,5
sub_00013,2026-07-24,1,0,49,7,33,15,0,0,82,2
sub_00013,2026-07-28,0,1,49,7,36,10,1,1,85,1
sub_00013,2026-07-30,1,2,38,7,31,11,4,2,69,5
sub_00013,2026-07-31,2,0,42,4,37,13,3,2,79,2
sub_00013,2026-08-03,1,0,49,7,30,10,4,3,79,6
sub_00013,2026-08-07,1,0,51,6,45,21,5,5,96,3
sub_00013,2026-08-15,3,0,36,6,40,17,2,2,76,3
sub_00013,2026-08-17,2,0,54,5,33,16,2,2,87,3
sub_00013,2026-08-20,0,0,42,6,40,16,3,3,82,3
sub_00013,2026-08-21,1,1,45,6,31,10,3,3,76,6
sub_00013,2026-08-22,0,0,39,2,27,12,3,3,66,2
sub_00013,2026-08-24,2,0,37,1,38,10,2,2,75,3
sub_00013,2026-08-28,3,0,36,7,30,14,3,2,66,2
sub_00013,2026-08-30,2,1,45,6,42,10,5,5,87,2
sub_00013,2026-09-01,0,0,53,7,41,18,3,2,94,3
sub_00013,2026-09-02,0,1,52,8,26,11,4,4,78,3
sub_00014,2026-06-23,0,3,42,8,39,7,3,2,81,3
sub_00014,2026-06-27,0,2,42,13,29,6,1,1,71,1
sub_00014,2026-06-28,0,1,37,14,23,6,1,1,60,6
sub_00014,2026-06-29,0,1,42,17,35,8,3,2,77,2
sub_00014,2026-06-30,0,0,32,12,32,12,2,2,64,3
sub_00014,2026-07-02,1,0,41,14,40,9,2,2,81,0
sub_00014,2026-07-03,1,1,37,14,40,11,3,2,77,3
sub_00014,2026-07-04,1,1,42,16,31,7,0,0,73,2
sub_00014,2026-07-06,0,0,49,16,24,4,3,1,73,2
sub_00014,2026-07-08,1,1,28,10,40,9,5,3,68,4
sub_00014,2026-07-11,1,1,26,6,40,14,2,1,66,3
sub_00014,2026-07-12,0,0,32,9,32,10,5,3,64,1
sub_00014,2026-07-13,0,0,37,15,23,10,2,1,60,3
sub_00014,2026-07-14,1,0,36,12,38,10,3,2,74,2
sub_00014,2026-07-15,0,1,30,13,37,8,1,1,67,0
sub_00014,2026-07-18,1,0,28,11,41,6,3,2,69,3
sub_00014,2026-07-20,0,0,49,16,41,13,3,1,90,6
sub_00014,2026-07-22,0,1,47,19,33,6,3,2,80,1
sub_00014,2026-07-25,2,0,44,12,24,2,1,1,68,3
sub_00014,2026-07-26,2,0,25,6,47,15,3,2,72,4
sub_00014,2026-07-27,0,0,43,14,35,8,4,2,78,3
sub_00014,2026-08-03,1,0,37,14,39,13,2,1,76,2
sub_00014,2026-08-05,3,0,30,9,29,9,5,4,59,1
sub_00014,2026-08-07,0,2,32,10,45,16,1,1,77,1
sub_00014,2026-08-08,2,0,42,18,35,10,5,0,77,2
sub_00014,2026-08-10,0,0,51,22,46,16,0,0,97,4
sub_00014,2026-08-11,0,1,46,21,43,12,1,1,89,2
sub_00014,2026-08-12,0,1,35,7,35,7,1,1,70,2
sub_00014,2026-08-15,0,0,38,16,31,8,4,3,69,2
sub_00014,2026-08-16,0,1,33,14,40,6,2,1,73,1
sub_00014,2026-08-17,2,0,34,10,44,13,5,4,78,3
sub_00014,2026-08-19,0,1,40,12,26,10,0,0,66,3
sub_00015,2026-04-27,2,0,37,9,25,9,5,2,62,1
sub_00015,2026-05-02,1,1,26,12,33,8,5,4,59,1
sub_00015,2026-05-05,0,2,23,9,26,5,1,1,49,0
sub_00015,2026-05-07,0,0,33,7,35,8,1,1,68,1
sub_00015,2026-05-12,3,0,26,8,36,16,2,2,62,2
sub_00015,2026-05-13,0,1,29,14,33,8,7,3,62,2
sub_00015,2026-05-14,0,0,32,13,44,12,3,3,76,2
sub_00015,2026-05-26,0,3,19,10,30,5,3,3,49,0
sub_00015,2026-05-27,2,0,38,11,42,14,2,0,80,3
sub_00015,2026-06-05,1,0,21,12,32,9,2,1,53,0
sub_00015,2026-06-14,0,2,30,9,23,4,2,1,53,0
sub_00015,2026-06-15,0,0,29,10,31,9,1,1,60,0
sub_00016,2026-07-10,1,1,2,2,44,11,3,1,46,2
sub_00017,2026-05-24,0,0,12,1,31,9,2,1,43,1
sub_00017,2026-05-26,0,2,13,2,27,13,5,5,40,2
sub_00017,2026-05-28,1,2,18,1,38,15,4,3,56,1
sub_00017,2026-06-01,1,1,13,2,30,9,2,2,43,2
sub_00017,2026-06-06,1,1,15,1,38,16,4,3,53,1
sub_00017,2026-06-08,0,2,16,2,43,16,0,0,59,2
sub_00017,2026-06-10,0,1,12,0,36,10,2,2,48,0
sub_00017,2026-06-12,2,0,22,5,37,13,3,2,59,2
sub_00017,2026-06-13,0,0,14,3,35,11,0,0,49,1
sub_00017,2026-06-16,0,1,8,2,49,14,2,1,57,1
sub_00017,2026-06-17,0,1,11,2,33,9,0,0,44,0
sub_00017,2026-06-20,0,0,17,2,36,13,5,5,53,1
sub_00017,2026-06-25,1,0,15,0,28,11,2,1,43,0
sub_00017,2026-06-26,0,1,8,0,27,7,1,1,35,1
sub_00017,2026-06-27,0,3,14,2,30,9,4,2,44,1
sub_00017,2026-06-28,1,1,9,1,19,6,3,3,28,2
sub_00017,2026-07-18,1,1,11,1,36,14,1,1,47,1
sub_00018,2026-05-25,1,2,31,3,38,7,1,0,69,2
sub_00018,2026-05-27,2,0,25,10,34,5,1,0,59,2
sub_00018,2026-05-29,1,0,34,5,30,4,0,0,64,2
sub_00018,2026-06-02,0,0,31,6,37,4,2,0,68,1
sub_00018,2026-06-03,1,0,34,9,40,5,2,1,74,1
sub_00018,2026-06-04,2,0,35,9,41,7,3,1,76,0
sub_00018,2026-06-09,0,0,24,3,37,5,3,0,61,2
sub_00018,2026-06-11,2,0,31,8,31,9,5,1,62,1
sub_00018,2026-06-15,2,0,26,5,37,7,3,2,63,1
sub_00018,2026-06-18,2,0,29,4,33,5,1,1,62,3
sub_00018,2026-06-23,2,1,36,9,42,9,2,1,78,2
sub_00018,2026-06-25,0,1,30,10,33,5,4,3,63,1
sub_00018,2026-06-26,0,0,36,10,43,9,3,1,79,2
sub_00018,2026-07-01,0,0,39,6,34,8,3,3,73,2
sub_00018,2026-07-02,2,0,35,6,29,5,2,1,64,3
sub_00018,2026-07-03,1,0,40,9,28,5,7,6,68,2
sub_00018,2026-07-08,0,0,26,2,42,7,1,0,68,1
sub_00018,2026-07-09,2,0,33,3,41,7,1,0,74,3
sub_00018,2026-07-12,1,0,37,7,24,5,4,3,61,0
sub_00018,2026-07-13,2,0,37,5,28,4,0,0,65,1
sub_00018,2026-07-14,0,0,35,8,45,8,1,1,80,0
sub_00018,2026-07-15,0,0,26,2,40,7,3,2,66,1
sub_00018,2026-07-17,5,0,21,3,39,3,6,2,60,1
sub_00018,2026-07-21,1,1,38,5,24,3,3,2,62,0
sub_00018,2026-07-22,5,0,33,7,39,7,4,2,72,0
sub_00019,2026-07-09,0,0,28,9,49,7,0,0,77,0
sub_00019,2026-07-13,1,2,22,5,41,14,2,2,63,3
sub_00019,2026-07-14,0,1,24,8,49,19,1,0,73,2
sub_00019,2026-07-22,0,2,40,6,35,10,0,0,75,7
sub_00019,2026-07-29,0,1,23,11,33,9,1,1,56,2
sub_00019,2026-08-03,2,1,24,8,25,7,2,0,49,2
sub_00019,2026-08-04,0,1,13,6,36,12,3,2,49,0
sub_00019,2026-08-10,0,0,23,10,29,10,3,1,52,3
sub_00019,2026-08-12,0,2,27,10,30,15,0,0,57,1
sub_00019,2026-08-13,0,3,19,8,44,14,2,1,63,1
sub_00019,2026-08-15,0,1,28,10,30,8,3,3,58,3
sub_00019,2026-08-17,0,2,20,7,53,16,4,3,73,1
sub_00019,2026-08-21,0,0,23,7,40,17,2,2,63,1
sub_00019,2026-08-24,0,1,20,4,28,8,5,4,48,5
sub_00019,2026-08-25,1,0,16,5,42,14,5,5,58,4
sub_00019,2026-09-09,0,0,15,5,29,9,2,0,44,3
sub_00020,2026-07-02,1,1,29,8,37,12,1,0,66,5
sub_00020,2026-07-03,1,0,35,16,43,9,0,0,78,5
sub_00020,2026-07-10,0,3,30,5,46,14,7,3,76,5
sub_00020,2026-07-14,0,1,33,10,34,10,4,2,67,1
sub_00020,2026-07-15,2,1,42,17,35,9,3,3,77,4
sub_00020,2026-07-17,1,2,47,20,42,13,4,2,89,4
sub_00020,2026-07-18,1,0,40,14,36,7,8,5,76,3
sub_00020,2026-07-20,0,0,34,13,33,7,1,1,67,2
sub_00020,2026-07-21,0,0,30,9,34,6,0,0,64,6
sub_00020,2026-07-22,0,1,45,22,35,7,2,1,80,5
sub_00020,2026-07-23,0,0,26,10,35,9,1,1,61,4
sub_00020,2026-07-29,0,0,41,11,22,6,4,1,63,2
sub_00020,2026-07-31,0,0,37,15,43,7,1,0,80,3
sub_00020,2026-08-01,0,1,41,11,26,6,1,1,67,1
sub_00020,2026-08-04,0,0,32,11,37,9,0,0,69,2
sub_00020,2026-08-06,0,0,37,13,26,5,4,3,63,2
sub_00020,2026-08-07,0,0,39,16,35,6,2,2,74,4
sub_00020,2026-08-09,0,0,48,26,28,7,2,0,76,3
sub_00020,2026-08-10,0,0,47,16,38,8,1,0,85,1
sub_00020,2026-08-11,0,0,42,17,41,7,3,1,83,3
sub_00020,2026-08-12,0,0,32,13,37,7,1,1,69,2
sub_00020,2026-08-13,0,1,38,11,35,7,4,3,73,3
sub_00020,2026-08-17,0,2,41,16,35,7,5,3,76,2
sub_00020,2026-08-20,0,1,36,16,32,4,2,1,68,0
sub_00020,2026-08-21,0,1,29,11,31,4,2,1,60,1
sub_00020,2026-08-24,1,1,47,17,25,6,3,0,72,7
sub_00020,2026-08-25,0,0,42,16,27,7,4,0,69,6
sub_00020,2026-08-26,1,4,37,16,28,3,4,2,65,2
sub_00020,2026-08-28,0,0,31,9,39,10,1,1,70,3
sub_00020,2026-08-31,0,0,28,8,28,5,6,2,56,2
sub_00020,2026-09-01,1,1,30,12,21,2,4,1,51,0
sub_00020,2026-09-02,0,0,30,6,34,7,1,0,64,0
sub_00021,2026-04-17,0,0,7,1,34,3,4,0,41,1
sub_00021,2026-04-19,0,1,6,0,45,6,1,0,51,3
sub_00021,2026-04-20,0,0,12,0,40,12,0,0,52,1
sub_00021,2026-04-23,1,1,12,2,37,8,3,1,49,4
sub_00021,2026-04-28,2,1,8,0,35,6,3,2,43,2
sub_00021,2026-04-29,0,0,7,0,34,7,2,1,41,2
sub_00021,2026-05-03,0,0,9,1,37,8,1,1,46,5
sub_00021,2026-05-05,1,0,12,2,31,7,2,1,43,1
sub_00021,2026-05-09,0,0,12,0,32,6,5,3,44,2
sub_00021,2026-05-15,0,1,6,1,35,6,1,1,41,1
sub_00021,2026-05-18,0,0,10,5,43,8,4,3,53,0
sub_00021,2026-05-19,0,0,10,1,32,7,3,0,42,3
sub_00021,2026-05-21,0,1,9,0,37,10,3,2,46,0
sub_00021,2026-05-22,3,0,14,1,36,6,4,3,50,3
sub_00021,2026-05-24,0,2,9,1,32,8,0,0,41,2
sub_00021,2026-05-27,0,0,10,0,32,12,1,1,42,2
sub_00021,2026-06-01,0,1,10,1,31,5,2,1,41,2
sub_00022,2026-05-16,2,1,31,16,29,1,3,1,60,4
sub_00022,2026-05-18,1,0,34,19,28,4,3,1,62,0
sub_00022,2026-05-19,1,1,40,21,37,8,4,0,77,4
sub_00022,2026-05-20,2,0,32,17,40,2,2,1,72,2
sub_00022,2026-05-21,1,2,31,13,41,4,3,2,72,0
sub_00022,2026-05-26,1,1,27,13,35,6,3,2,62,2
sub_00022,2026-05-27,2,1,26,15,29,6,0,0,55,2
sub_00022,2026-05-28,0,0,34,19,47,3,2,1,81,2
sub_00022,2026-05-31,1,0,35,15,35,4,4,0,70,4
sub_00022,2026-06-01,0,1,30,11,40,4,0,0,70,3
sub_00022,2026-06-02,1,1,33,17,26,7,1,1,59,5
sub_00022,2026-06-03,0,2,33,16,32,5,4,0,65,4
sub_00022,2026-06-05,0,1,35,17,34,4,1,0,69,5
sub_00022,2026-06-08,0,1,45,16,45,9,8,3,90,7
sub_00022,2026-06-10,0,0,41,19,32,4,1,0,73,5
sub_00022,2026-06-11,1,1,32,13,39,8,5,2,71,1
sub_00022,2026-06-18,0,0,33,11,35,3,1,0,68,1
sub_00022,2026-06-19,2,0,35,17,45,2,3,0,80,3
sub_00022,2026-06-21,1,3,32,18,37,4,1,0,69,2
sub_00022,2026-06-22,1,2,34,20,37,3,2,1,71,5
sub_00022,2026-06-24,0,2,28,12,35,6,0,0,63,3
sub_00022,2026-06-25,1,1,27,12,24,3,4,2,51,4
sub_00022,2026-06-26,0,0,27,10,50,5,4,0,77,3
sub_00022,2026-06-30,1,2,29,18,37,6,2,0,66,5
sub_00022,2026-07-01,0,1,32,12,46,6,3,0,78,1
sub_00022,2026-07-02,0,1,30,19,31,4,8,3,61,2
sub_00022,2026-07-03,1,0,31,16,38,3,1,0,69,5
sub_00022,2026-07-06,0,1,34,19,33,10,2,0,67,3
sub_00022,2026-07-07,0,1,38,16,46,7,2,0,84,5
sub_00022,2026-07-09,0,2,33,17,36,7,1,1,69,2
sub_00022,2026-07-14,0,0,21,8,38,6,2,1,59,4
sub_00022,2026-07-15,0,3,31,16,38,5,4,1,69,4
sub_00022,2026-07-16,0,1,31,16,47,1,0,0,78,5
sub_00023,2026-06-22,2,0,12,5,43,9,3,0,55,1
sub_00023,2026-06-26,0,0,5,2,34,3,1,0,39,1
sub_00023,2026-06-27,1,2,5,4,40,12,2,2,45,1
sub_00023,2026-06-28,1,1,6,2,33,4,1,0,39,1
sub_00023,2026-06-29,0,0,6,2,31,5,1,1,37,1
sub_00023,2026-07-01,0,1,7,0,30,5,3,1,37,0
sub_00023,2026-07-04,1,1,11,2,36,6,0,0,47,2
sub_00023,2026-07-12,0,0,5,1,33,7,3,1,38,0
sub_00023,2026-07-15,0,1,5,0,41,9,3,0,46,0
sub_00023,2026-07-18,2,2,3,0,41,9,2,0,44,1
sub_00023,2026-07-19,0,1,11,2,31,7,5,1,42,1
sub_00023,2026-07-20,0,1,4,1,38,4,3,1,42,4
sub_00023,2026-07-25,0,0,8,3,40,6,2,1,48,5
sub_00023,2026-07-26,0,2,5,1,29,7,2,1,34,1
sub_00023,2026-08-01,0,2,4,3,28,3,3,1,32,3
sub_00023,2026-08-08,1,2,7,2,38,4,2,0,45,1
sub_00023,2026-08-09,1,0,6,0,37,1,3,0,43,1
sub_00023,2026-08-19,2,3,3,2,44,8,3,1,47,1
sub_00024,2026-06-03,1,0,10,3,30,9,2,1,40,1
sub_00024,2026-06-08,2,0,7,1,42,9,3,2,49,6
sub_00024,2026-06-09,1,0,8,0,25,4,3,2,33,1
sub_00024,2026-06-10,1,0,9,3,25,3,3,2,34,0
sub_00024,2026-06-11,0,0,12,5,36,9,2,2,48,3
sub_00024,2026-06-15,0,0,7,5,32,6,3,3,39,0
sub_00024,2026-06-16,1,1,15,2,38,12,5,5,53,1
sub_00024,2026-06-17,0,1,9,0,37,14,3,3,46,0
sub_00024,2026-06-18,1,1,14,2,31,10,2,2,45,4
sub_00024,2026-06-20,1,0,6,1,38,13,2,1,44,0
sub_00024,2026-06-22,2,0,10,0,25,12,0,0,35,2
sub_00024,2026-06-25,2,0,6,1,39,12,1,0,45,2
sub_00024,2026-06-26,0,0,10,4,35,10,6,6,45,4
sub_00024,2026-06-30,0,1,8,0,46,15,4,4,54,5
sub_00024,2026-07-01,2,1,7,0,20,6,2,1,27,3
sub_00024,2026-07-07,1,0,5,1,29,7,2,1,34,1
sub_00024,2026-07-08,3,0,15,6,38,5,7,5,53,2
sub_00024,2026-07-09,1,0,8,3,35,10,1,1,43,4
sub_00024,2026-07-10,3,1,7,1,39,14,1,1,46,1
sub_00024,2026-07-13,0,0,4,1,35,11,5,4,39,0
sub_00024,2026-07-20,0,0,12,5,40,8,4,4,52,8
sub_00024,2026-07-21,1,0,8,2,33,8,4,3,41,1
sub_00024,2026-07-22,2,1,8,1,33,9,2,2,41,3
sub_00024,2026-07-28,1,0,8,2,28,9,2,2,36,1
sub_00024,2026-07-30,0,0,6,1,25,7,3,2,31,0
sub_00024,2026-08-03,2,0,3,0,41,10,5,5,44,5
sub_00025,2026-05-06,0,0,28,5,34,9,3,2,62,0
sub_00025,2026-05-14,1,0,20,2,30,12,3,3,50,1
sub_00025,2026-05-15,0,0,30,7,33,7,2,1,63,1
sub_00025,2026-05-20,2,1,30,5,38,14,4,2,68,1
sub_00025,2026-05-22,2,0,32,4,28,6,2,2,60,2
sub_00025,2026-05-23,2,0,33,6,33,15,4,4,66,2
sub_00025,2026-05-25,1,0,31,7,38,11,1,0,69,2
sub_00025,2026-05-27,0,0,29,6,38,13,1,0,67,2
sub_00025,2026-06-02,1,0,23,6,20,7,2,1,43,0
sub_00025,2026-06-03,1,0,36,9,27,10,4,3,63,1
sub_00025,2026-06-04,0,1,30,6,32,12,3,3,62,3
sub_00025,2026-06-08,0,0,39,8,27,4,4,1,66,3
sub_00025,2026-06-11,2,0,21,4,27,7,2,2,48,0
sub_00025,2026-06-15,1,0,31,5,29,7,2,2,60,3
sub_00025,2026-06-17,1,0,38,7,32,11,2,1,70,3
sub_00025,2026-06-18,0,0,40,8,35,12,2,1,75,3
sub_00025,2026-06-23,2,0,32,8,36,10,5,5,68,3
sub_00026,2026-06-04,0,1,3,1,39,12,2,2,42,3
sub_00026,2026-06-05,2,1,6,0,34,7,1,1,40,0
sub_00026,2026-06-09,0,1,9,4,41,9,3,1,50,1
sub_00026,2026-06-12,0,0,5,2,38,8,2,0,43,3
sub_00026,2026-06-15,0,3,9,1,35,10,6,3,44,1
sub_00026,2026-07-01,1,0,7,4,33,2,4,2,40,1
sub_00026,2026-07-03,1,1,6,1,37,11,1,0,43,0
sub_00026,2026-07-04,0,0,7,0,35,9,0,0,42,0
sub_00026,2026-07-10,1,1,5,1,35,8,4,2,40,3
sub_00026,2026-07-17,2,0,9,0,37,6,2,1,46,0
sub_00026,2026-07-18,3,0,8,2,36,10,1,0,44,1
sub_00027,2026-07-02,0,0,29,4,26,7,3,3,55,1
sub_00027,2026-07-09,1,0,25,2,30,5,5,2,55,4
sub_00027,2026-07-10,0,2,31,2,30,4,0,0,61,1
sub_00027,2026-07-12,3,1,40,3,34,5,3,2,74,4
sub_00027,2026-07-13,0,0,35,3,33,5,1,0,68,1
sub_00027,2026-07-15,0,0,31,3,42,6,5,1,73,5
sub_00027,2026-07-20,1,0,24,3,29,5,1,0,53,3
sub_00027,2026-07-23,1,0,37,6,37,5,3,3,74,4
sub_00027,2026-07-24,0,0,38,4,36,8,3,0,74,2
sub_00027,2026-07-27,0,2,34,3,37,6,1,0,71,0
sub_00027,2026-07-29,0,1,30,2,34,7,4,1,64,1
sub_00027,2026-07-31,4,0,37,4,34,9,1,1,71,3
sub_00027,2026-08-03,0,0,19,1,34,5,2,1,53,2
sub_00027,2026-08-05,1,0,17,1,36,3,0,0,53,1
sub_00027,2026-08-07,2,0,29,3,41,6,2,0,70,1
sub_00027,2026-08-11,0,0,29,3,48,7,2,1,77,4
sub_00027,2026-08-12,0,0,24,0,43,8,3,2,67,2
sub_00027,2026-08-13,0,0,25,2,35,8,2,2,60,2
sub_00027,2026-08-14,0,0,25,4,26,5,3,3,51,1
sub_00027,2026-08-15,1,1,27,4,49,12,1,0,76,2
sub_00027,2026-08-19,2,1,33,3,31,3,3,0,64,1
sub_00027,2026-08-20,0,2,27,5,25,2,1,0,52,0
sub_00027,2026-08-24,0,1,28,4,32,3,1,1,60,8
sub_00027,2026-08-27,1,0,34,5,35,6,1,1,69,1
sub_00027,2026-08-29,1,0,21,3,35,4,4,2,56,1
sub_00027,2026-09-01,0,0,28,4,39,3,2,1,67,1
sub_00028,2026-05-04,0,0,30,9,37,8,1,0,67,1
sub_00028,2026-05-06,2,0,32,4,31,2,1,0,63,2
sub_00028,2026-05-08,1,1,40,9,48,3,3,1,88,3
sub_00028,2026-05-11,2,0,36,11,35,3,2,1,71,3
sub_00028,2026-05-13,0,0,39,6,26,1,4,1,65,0
sub_00028,2026-05-14,2,0,38,6,35,1,1,0,73,3
sub_00028,2026-05-22,0,0,28,6,43,4,1,0,71,4
sub_00028,2026-05-23,1,0,31,7,33,3,3,3,64,5
sub_00028,2026-05-27,1,0,32,9,40,6,2,2,72,0
sub_00028,2026-05-28,0,3,40,9,35,3,2,1,75,2
sub_00028,2026-06-04,1,1,23,4,30,3,3,2,53,3
sub_00028,2026-06-08,0,0,34,10,28,3,6,1,62,2
sub_00028,2026-06-11,0,1,39,7,33,4,4,0,72,0
sub_00028,2026-06-12,1,0,35,11,41,6,3,0,76,3
sub_00028,2026-06-15,1,0,28,6,32,3,6,0,60,3
sub_00028,2026-06-17,1,0,32,3,40,1,6,3,72,3
sub_00028,2026-06-22,0,0,28,6,39,1,6,0,67,1
sub_00028,2026-06-26,0,0,32,8,36,2,1,1,68,2
sub_00028,2026-06-27,4,0,31,10,43,5,2,1,74,2
sub_00028,2026-07-02,1,0,34,8,43,4,2,0,77,1
sub_00029,2026-06-23,2,0,240,176,34,6,5,2,274,13
sub_00029,2026-06-25,1,0,230,171,32,5,3,1,262,8
sub_00029,2026-06-27,1,0,234,177,27,9,3,2,261,7
sub_00029,2026-06-29,0,0,227,167,35,9,1,1,262,13
sub_00029,2026-06-30,1,2,226,166,40,7,5,3,266,9
sub_00029,2026-07-01,1,0,219,163,41,13,2,1,260,5
sub_00029,2026-07-02,1,2,214,166,24,7,3,1,238,12
sub_00029,2026-07-03,0,1,228,174,38,9,3,2,266,13
sub_00029,2026-07-08,0,0,216,157,37,9,1,0,253,12
sub_00029,2026-07-09,1,0,228,175,29,8,2,2,257,8
sub_00029,2026-07-14,2,1,209,150,36,8,2,0,245,10
sub_00029,2026-07-15,1,0,202,153,43,22,4,4,245,3
sub_00029,2026-07-17,3,2,229,173,40,12,1,0,269,3
sub_00029,2026-07-19,0,1,224,164,34,9,2,2,258,8
sub_00029,2026-07-20,1,1,224,161,28,7,3,1,252,22
sub_00029,2026-07-21,0,1,210,159,35,14,0,0,245,23
sub_00029,2026-07-22,1,0,239,172,41,3,4,1,280,19
sub_00029,2026-07-23,0,1,236,170,23,2,0,0,259,13
sub_00029,2026-07-24,0,0,229,152,42,13,2,2,271,16
sub_00029,2026-07-27,1,0,244,185,39,8,2,2,283,7
sub_00029,2026-07-28,3,0,235,175,46,13,5,0,281,14
sub_00029,2026-07-30,1,1,203,147,35,9,1,0,238,10
sub_00029,2026-08-01,1,0,247,178,33,7,2,1,280,10
sub_00029,2026-08-04,0,1,225,163,29,6,2,1,254,9
sub_00029,2026-08-05,1,1,218,154,44,13,6,5,262,12
sub_00029,2026-08-07,0,1,233,183,42,8,0,0,275,8
sub_00029,2026-08-11,1,0,233,181,24,4,5,3,257,10
sub_00029,2026-08-12,0,1,262,191,32,8,3,1,294,9
sub_00029,2026-08-14,1,0,270,188,40,7,4,3,310,7
sub_00029,2026-08-16,2,0,247,184,33,9,2,2,280,11
sub_00029,2026-08-17,1,1,236,164,31,14,2,0,267,8
sub_00029,2026-08-18,0,1,212,155,38,11,2,1,250,11
sub_00029,2026-08-19,0,0,218,154,36,10,4,2,254,11
sub_00029,2026-08-20,1,1,250,193,36,8,4,1,286,8
sub_00029,2026-08-21,1,1,244,166,36,15,4,2,280,14
sub_00030,2026-06-20,2,0,23,5,49,22,2,2,72,4
sub_00030,2026-06-21,0,1,26,5,44,19,3,1,70,6
sub_00030,2026-06-23,2,0,28,7,26,7,3,0,54,3
sub_00030,2026-06-29,1,0,18,5,29,7,3,3,47,2
sub_00030,2026-06-30,0,0,30,11,39,11,1,1,69,7
sub_00030,2026-07-01,0,0,27,6,35,11,2,2,62,7
sub_00030,2026-07-02,2,1,28,7,25,6,2,2,53,3
sub_00030,2026-07-04,1,0,25,10,32,15,1,1,57,3
sub_00030,2026-07-05,0,1,19,5,36,10,4,4,55,5
sub_00030,2026-07-08,1,0,22,6,34,10,2,1,56,2
sub_00030,2026-07-09,3,0,19,7,30,14,1,1,49,5
sub_00030,2026-07-10,1,1,28,6,35,18,2,1,63,0
sub_00030,2026-07-19,1,0,22,8,40,14,8,6,62,2
sub_00030,2026-07-22,2,0,18,2,34,13,4,3,52,2
sub_00030,2026-07-23,0,0,17,4,41,20,2,1,58,3
sub_00030,2026-07-24,2,0,15,5,32,19,1,1,47,5
sub_00030,2026-07-29,2,0,30,11,40,18,2,1,70,6
sub_00030,2026-07-30,1,0,35,10,34,14,5,2,69,2
sub_00030,2026-08-02,1,0,26,12,45,20,1,0,71,2
sub_00030,2026-08-03,1,0,25,12,41,20,6,4,66,3
sub_00030,2026-08-10,2,0,33,11,25,8,0,0,58,5
sub_00030,2026-08-13,0,0,19,5,37,15,1,0,56,4
sub_00030,2026-08-16,0,1,26,6,42,21,0,0,68,2
sub_00030,2026-08-17,1,0,18,9,35,16,2,2,53,5
sub_00031,2026-07-07,0,0,65,44,31,7,3,1,96,3
sub_00031,2026-07-14,0,0,58,38,29,11,3,2,87,7
sub_00031,2026-07-16,1,2,72,46,34,12,4,1,106,3
sub_00031,2026-07-17,0,1,51,34,28,8,2,1,79,2
sub_00031,2026-07-18,1,1,66,52,30,9,4,3,96,1
sub_00031,2026-07-21,0,0,64,43,40,9,1,0,104,12
sub_00031,2026-07-23,1,1,49,28,34,18,5,3,83,0
sub_00031,2026-07-30,0,1,52,35,36,9,0,0,88,2
sub_00031,2026-07-31,0,0,64,37,40,16,2,1,104,3
sub_00031,2026-08-01,0,0,61,39,36,10,4,2,97,3
sub_00031,2026-08-05,1,0,65,46,34,13,2,0,99,3
sub_00031,2026-08-06,2,0,56,31,45,19,2,2,101,4
sub_00031,2026-08-10,0,0,36,21,32,14,3,0,68,1
sub_00031,2026-08-11,1,0,50,30,30,11,5,2,80,3
sub_00031,2026-08-13,1,1,49,34,30,8,4,3,79,4
sub_00031,2026-08-14,1,0,61,37,37,9,1,1,98,0
sub_00031,2026-08-17,1,0,53,30,26,6,3,1,79,0
sub_00031,2026-08-18,1,0,49,21,40,12,1,0,89,7
sub_00031,2026-08-20,0,0,57,34,46,12,2,2,103,2
sub_00031,2026-08-21,0,0,47,30,30,8,4,2,77,2
sub_00031,2026-08-25,1,0,54,30,39,5,2,1,93,6
sub_00031,2026-08-26,2,0,77,54,38,10,1,1,115,10
sub_00031,2026-08-27,0,0,72,45,30,6,2,2,102,4
sub_00031,2026-09-04,0,1,50,29,37,9,2,1,87,4
sub_00032,2026-05-15,2,1,16,2,30,10,1,1,46,2
sub_00032,2026-05-17,0,0,12,0,40,13,0,0,52,2
sub_00032,2026-05-20,0,1,22,1,24,10,3,2,46,3
sub_00032,2026-05-21,1,1,17,1,41,14,0,0,58,3
sub_00032,2026-05-25,0,0,19,4,35,13,3,2,54,4
sub_00032,2026-06-06,1,0,24,4,27,7,1,0,51,4
sub_00032,2026-06-15,0,0,18,4,32,7,1,0,50,6
sub_00032,2026-06-17,1,0,15,4,34,12,2,1,49,0
sub_00032,2026-06-23,0,0,18,2,33,8,2,0,51,1
sub_00032,2026-06-25,0,0,25,5,24,10,1,0,49,5
sub_00032,2026-06-29,0,0,25,3,29,13,0,0,54,4
sub_00032,2026-07-01,4,1,17,4,36,10,1,1,53,1
sub_00032,2026-07-02,0,1,17,3,30,11,2,2,47,6
sub_00033,2026-05-05,2,0,11,7,30,8,2,1,41,1
sub_00033,2026-05-07,3,0,9,4,42,10,1,0,51,1
sub_00033,2026-05-12,2,1,6,0,36,9,0,0,42,2
sub_00033,2026-05-13,1,0,7,3,29,9,2,0,36,1
sub_00033,2026-05-14,2,1,6,0,35,16,3,3,41,1
sub_00033,2026-05-18,1,0,8,3,26,6,1,1,34,0
sub_00033,2026-05-19,1,1,12,2,35,11,5,2,47,1
sub_00033,2026-05-22,3,2,9,3,41,10,6,2,50,1
sub_00033,2026-05-25,0,2,4,2,47,11,4,3,51,2
sub_00033,2026-05-29,2,1,12,3,32,9,4,3,44,1
sub_00033,2026-06-10,1,0,5,0,42,13,3,1,47,0
sub_00033,2026-06-12,0,0,5,1,33,10,3,2,38,1
sub_00033,2026-06-15,2,0,7,1,25,10,0,0,32,0
sub_00033,2026-06-22,0,0,7,1,35,6,1,0,42,2
sub_00033,2026-06-25,0,1,5,2,36,10,1,0,41,2
sub_00033,2026-07-01,0,1,13,5,50,12,6,5,63,2
sub_00033,2026-07-03,0,1,4,1,40,13,6,5,44,1
sub_00033,2026-07-04,0,2,8,2,39,6,2,0,47,0
sub_00034,2026-06-03,4,0,38,17,31,5,0,0,69,2
sub_00034,2026-06-04,2,0,48,26,43,11,2,1,91,0
sub_00034,2026-06-06,0,1,43,18,37,7,5,0,80,2
sub_00034,2026-06-09,0,0,46,19,33,8,2,1,79,0
sub_00034,2026-06-10,3,0,37,16,39,17,2,1,76,2
sub_00034,2026-06-11,2,0,37,13,24,5,1,0,61,0
sub_00034,2026-06-12,3,1,46,17,37,8,4,3,83,0
sub_00034,2026-06-13,0,0,46,21,42,15,2,0,88,2
sub_00034,2026-06-15,2,0,29,10,50,13,4,1,79,2
sub_00034,2026-06-17,0,1,49,22,44,7,2,0,93,1
sub_00034,2026-06-18,0,0,36,15,43,12,2,1,79,1
sub_00034,2026-06-19,1,2,33,13,42,9,4,3,75,2
sub_00034,2026-06-22,0,0,38,17,32,9,4,2,70,1
sub_00034,2026-06-23,1,1,42,16,40,9,5,4,82,2
sub_00034,2026-06-24,2,0,38,15,38,6,5,1,76,1
sub_00034,2026-06-25,1,1,40,17,34,9,1,0,74,0
sub_00034,2026-06-29,0,0,32,15,37,2,5,2,69,0
sub_00034,2026-06-30,1,0,33,17,35,11,1,1,68,4
sub_00034,2026-07-02,3,0,34,17,39,11,2,1,73,0
sub_00034,2026-07-04,0,0,34,15,35,13,1,1,69,0
sub_00034,2026-07-07,2,0,36,11,41,5,1,0,77,1
sub_00034,2026-07-09,1,0,39,14,42,9,4,3,81,3
sub_00034,2026-07-10,1,0,39,7,43,7,4,3,82,1
sub_00034,2026-07-12,1,0,38,14,42,8,2,2,80,3
sub_00034,2026-07-13,1,0,37,10,33,6,3,1,70,1
sub_00034,2026-07-14,1,0,42,20,25,6,4,0,67,2
sub_00034,2026-07-15,0,0,38,17,37,8,6,3,75,3
sub_00034,2026-07-17,0,0,34,10,19,8,4,2,53,1
sub_00034,2026-07-18,2,0,30,14,44,8,0,0,74,5
sub_00034,2026-07-21,1,0,29,15,26,5,4,3,55,3
sub_00034,2026-07-22,0,0,45,13,28,7,1,0,73,0
sub_00034,2026-07-23,2,0,26,8,39,7,2,1,65,1
sub_00034,2026-07-24,3,0,41,17,37,10,1,0,78,2
sub_00034,2026-07-26,0,0,39,12,32,8,5,3,71,3
sub_00034,2026-07-28,1,1,40,11,36,9,2,0,76,2
sub_00034,2026-07-29,2,0,44,20,41,10,1,1,85,2
sub_00034,2026-07-30,1,0,38,17,33,9,2,0,71,1
sub_00034,2026-07-31,0,0,38,19,34,14,3,2,72,3
sub_00034,2026-08-02,0,0,34,11,39,5,1,0,73,0
sub_00034,2026-08-03,0,0,27,15,30,7,3,1,57,1
sub_00035,2026-06-14,0,0,2,0,33,10,4,2,35,1
sub_00035,2026-06-17,2,0,2,0,41,1,2,0,43,4
sub_00035,2026-06-28,0,0,2,0,42,10,2,1,44,4
sub_00035,2026-06-29,1,1,5,0,31,8,5,1,36,1
sub_00035,2026-07-04,0,0,1,1,28,5,4,3,29,3
sub_00035,2026-07-05,2,0,3,0,33,7,2,2,36,4
sub_00035,2026-07-07,1,2,5,0,25,8,2,1,30,0
sub_00035,2026-07-10,1,3,3,1,43,6,1,0,46,3
sub_00035,2026-07-11,2,0,3,0,36,6,2,1,39,1
sub_00035,2026-07-15,1,0,2,0,35,11,2,0,37,1
sub_00035,2026-07-18,1,2,3,1,33,10,2,1,36,4
sub_00035,2026-07-19,0,0,5,0,40,10,1,1,45,2
sub_00036,2026-05-28,1,0,22,0,44,12,0,0,66,3
sub_00036,2026-06-05,0,0,11,1,38,8,3,3,49,0
sub_00036,2026-06-10,2,1,18,3,33,12,4,3,51,0
sub_00036,2026-06-14,1,0,22,4,30,7,2,1,52,2
sub_00036,2026-06-23,2,0,13,2,32,11,5,3,45,1
sub_00036,2026-06-28,1,0,11,1,25,8,3,3,36,2
sub_00036,2026-07-02,1,0,11,1,50,8,4,1,61,0
sub_00036,2026-07-07,1,0,18,3,39,11,1,1,57,2
sub_00036,2026-07-08,0,0,10,1,26,10,2,1,36,2
sub_00036,2026-07-12,2,0,24,1,33,11,4,3,57,2
sub_00036,2026-07-21,0,0,16,2,35,9,5,1,51,2
sub_00037,2026-06-24,1,0,34,10,30,8,2,1,64,2
sub_00037,2026-06-27,1,1,34,11,39,15,2,2,73,6
sub_00037,2026-06-28,0,1,22,6,28,11,5,1,50,3
sub_00037,2026-06-29,1,1,22,6,40,14,1,1,62,5
sub_00037,2026-06-30,0,0,22,8,27,8,1,0,49,1
sub_00037,2026-07-03,1,1,30,5,37,16,1,0,67,2
sub_00037,2026-07-04,1,0,19,5,46,16,6,5,65,3
sub_00037,2026-07-05,0,0,29,10,38,11,4,3,67,3
sub_00037,2026-07-06,0,2,24,6,25,7,6,6,49,1
sub_00037,2026-07-08,1,0,29,10,32,9,2,1,61,1
sub_00037,2026-07-09,1,0,19,2,27,9,5,3,46,1
sub_00037,2026-07-11,2,0,32,6,43,12,4,3,75,1
sub_00037,2026-07-12,0,0,28,5,33,11,1,0,61,1
sub_00037,2026-07-17,1,0,31,4,45,13,2,0,76,6
sub_00037,2026-07-18,1,2,22,6,37,11,2,1,59,6
sub_00037,2026-07-19,0,0,22,5,40,10,3,2,62,3
sub_00037,2026-07-21,1,1,28,5,38,9,4,3,66,5
sub_00037,2026-07-24,1,0,30,8,30,10,3,0,60,3
sub_00037,2026-07-25,0,0,26,7,37,12,1,0,63,5
sub_00037,2026-07-26,0,1,28,3,39,15,1,0,67,7
sub_00037,2026-07-27,1,0,19,4,29,10,3,1,48,2
sub_00037,2026-07-29,0,1,25,7,28,11,1,1,53,0
sub_00037,2026-07-30,0,1,31,4,28,5,3,3,59,2
sub_00037,2026-07-31,1,0,28,8,37,12,1,1,65,3
sub_00037,2026-08-01,1,0,15,4,39,10,1,1,54,0
sub_00037,2026-08-02,0,1,21,6,31,11,2,1,52,4
sub_00037,2026-08-05,0,0,28,5,38,14,6,4,66,2
sub_00037,2026-08-08,0,0,23,7,33,14,1,0,56,1
sub_00037,2026-08-09,2,3,25,4,32,12,5,3,57,4
sub_00037,2026-08-10,2,0,19,6,50,16,1,1,69,5
sub_00037,2026-08-13,0,0,29,5,43,13,2,1,72,2
sub_00037,2026-08-15,3,0,26,5,36,18,2,2,62,5
sub_00037,2026-08-16,0,2,27,7,40,11,2,2,67,3
sub_00037,2026-08-22,3,1,23,4,31,6,2,2,54,2
sub_00038,2026-06-28,0,0,15,5,40,10,1,1,55,0
sub_00038,2026-06-29,1,0,12,2,34,19,2,2,46,0
sub_00038,2026-07-02,1,0,12,6,40,17,3,3,52,0
sub_00038,2026-07-03,2,0,10,4,37,11,2,2,47,1
sub_00038,2026-07-05,0,0,18,6,34,5,3,3,52,2
sub_00038,2026-07-06,1,2,10,3,32,13,1,1,42,0
sub_00038,2026-07-11,1,1,19,8,23,6,2,1,42,0
sub_00038,2026-07-13,1,0,18,7,39,7,2,2,57,1
sub_00038,2026-07-14,0,0,15,1,29,9,1,1,44,1
sub_00038,2026-07-18,2,0,12,2,48,15,2,2,60,3
sub_00038,2026-07-25,0,0,14,6,33,12,3,3,47,0
sub_00038,2026-07-29,1,1,15,5,26,11,2,2,41,1
sub_00038,2026-07-30,2,0,10,7,53,23,2,1,63,1
sub_00038,2026-08-03,1,0,14,4,28,12,0,0,42,2
sub_00038,2026-08-07,1,0,13,3,28,6,0,0,41,0
sub_00038,2026-08-08,2,1,22,5,38,9,3,2,60,0
sub_00038,2026-08-09,4,0,22,10,30,15,2,1,52,0
sub_00038,2026-08-11,3,1,11,3,26,8,2,0,37,1
sub_00038,2026-08-12,0,1,13,4,39,15,1,0,52,1
sub_00038,2026-08-13,1,2,8,1,37,11,2,2,45,1
sub_00039,2026-05-05,0,0,8,1,36,5,3,3,44,0
sub_00039,2026-05-09,3,0,15,3,40,8,2,1,55,0
sub_00039,2026-05-22,0,0,9,2,40,6,2,1,49,2
sub_00039,2026-06-07,0,0,11,4,35,8,4,2,46,0
sub_00039,2026-06-10,1,0,11,2,37,7,1,1,48,4
sub_00039,2026-06-16,1,0,15,4,34,9,1,0,49,3
sub_00039,2026-06-22,0,1,10,7,25,6,0,0,35,0
sub_00040,2026-06-26,2,0,18,9,35,10,1,1,53,1
sub_00040,2026-06-27,1,0,18,15,43,17,1,0,61,0
sub_00040,2026-06-28,1,0,18,5,33,15,1,0,51,3
sub_00040,2026-06-29,0,0,21,9,35,8,1,1,56,1
sub_00040,2026-07-04,0,0,24,9,38,14,3,3,62,1
sub_00040,2026-07-05,4,0,20,12,36,13,3,2,56,2
sub_00040,2026-07-09,3,1,15,9,33,12,3,2,48,0
sub_00040,2026-07-10,1,0,19,9,43,8,4,1,62,1
sub_00040,2026-07-11,1,1,15,6,34,6,1,0,49,0
sub_00040,2026-07-12,0,0,17,8,34,10,6,5,51,1
sub_00040,2026-07-16,2,0,13,8,21,4,2,2,34,0
sub_00040,2026-07-18,2,0,17,8,36,11,2,1,53,3
sub_00040,2026-07-19,1,1,23,12,34,14,2,1,57,1
sub_00040,2026-07-22,2,0,27,13,38,9,2,1,65,7
sub_00040,2026-07-25,1,0,19,6,40,14,0,0,59,0
sub_00040,2026-07-26,2,0,25,13,45,15,2,2,70,3
sub_00040,2026-07-28,4,0,19,7,34,12,1,1,53,1
sub_00040,2026-07-29,1,0,22,13,35,16,1,1,57,2
sub_00040,2026-07-30,2,0,22,9,27,13,3,3,49,2
sub_00040,2026-07-31,2,0,23,11,40,15,0,0,63,1
sub_00040,2026-08-01,2,0,26,10,31,11,4,3,57,1
sub_00040,2026-08-02,2,0,20,4,27,8,3,3,47,2
sub_00040,2026-08-03,1,0,21,11,43,23,3,2,64,0
sub_00040,2026-08-05,3,0,21,11,40,14,3,1,61,0
sub_00040,2026-08-06,1,0,13,8,36,13,1,1,49,4
sub_00040,2026-08-07,1,0,19,9,25,9,4,1,44,2
sub_00040,2026-08-08,2,0,19,7,42,12,2,2,61,1
sub_00040,2026-08-11,1,0,21,7,35,12,5,3,56,2
sub_00040,2026-08-12,0,0,18,7,40,20,3,3,58,3
sub_00040,2026-08-15,2,0,22,9,28,7,3,1,50,1
sub_00040,2026-08-20,1,0,19,8,27,9,4,4,46,0
sub_00040,2026-08-22,1,0,19,7,37,12,5,4,56,1
sub_00040,2026-08-25,1,0,21,15,37,9,2,0,58,3
sub_00041,2026-05-04,1,0,113,34,29,13,0,0,142,1
sub_00041,2026-05-05,0,1,130,47,36,12,2,0,166,11
sub_00041,2026-05-12,0,2,120,39,29,12,5,3,149,7
sub_00041,2026-05-14,0,3,124,44,32,12,4,3,156,8
sub_00041,2026-05-16,0,0,108,47,30,10,2,1,138,6
sub_00041,2026-05-17,0,2,121,42,32,10,2,0,153,4
sub_00041,2026-05-23,0,1,131,43,41,12,2,2,172,7
sub_00041,2026-05-24,0,2,121,41,25,9,1,1,146,7
sub_00041,2026-05-28,0,1,121,45,31,11,2,0,152,6
sub_00041,2026-06-01,0,1,114,44,35,9,3,2,149,3
sub_00041,2026-06-06,0,1,120,50,40,9,1,1,160,8
sub_00041,2026-06-14,0,1,126,44,47,13,5,3,173,5
sub_00041,2026-06-16,0,3,119,41,28,4,4,3,147,5
sub_00041,2026-06-18,0,5,111,36,35,9,2,0,146,6
sub_00041,2026-06-20,0,1,146,48,30,7,1,0,176,12
sub_00041,2026-07-02,0,1,124,41,36,9,3,3,160,5
sub_00042,2026-05-27,1,0,27,12,28,9,0,0,55,0
sub_00042,2026-06-11,0,0,30,11,35,12,0,0,65,5
sub_00042,2026-06-28,1,0,32,14,29,11,6,3,61,4
sub_00042,2026-06-29,2,1,30,11,38,11,1,1,68,1
sub_00042,2026-07-07,0,1,27,9,29,8,2,1,56,3
sub_00043,2026-04-15,0,1,4,2,40,10,1,1,44,5
sub_00043,2026-04-20,0,1,13,3,36,11,3,3,49,0
sub_00043,2026-04-21,0,1,8,3,40,14,4,4,48,4
sub_00043,2026-04-29,3,1,10,3,30,14,3,3,40,1
sub_00043,2026-05-05,2,0,10,4,34,16,1,1,44,4
sub_00043,2026-05-12,2,2,11,3,44,15,3,3,55,0
sub_00043,2026-05-13,1,1,10,3,30,16,2,1,40,3
sub_00043,2026-05-14,0,0,9,0,38,15,0,0,47,4
sub_00043,2026-05-20,0,0,6,3,36,18,1,0,42,0
sub_00043,2026-05-27,0,0,14,3,43,18,4,3,57,4
sub_00043,2026-05-29,1,0,12,3,43,20,1,1,55,1
sub_00043,2026-05-30,0,1,12,2,18,7,1,0,30,0
sub_00043,2026-06-05,0,0,13,4,34,10,7,7,47,5
sub_00043,2026-06-08,0,0,8,2,35,13,4,3,43,4
sub_00043,2026-06-10,0,0,10,3,35,16,3,3,45,3
sub_00043,2026-06-11,0,1,7,3,37,20,2,1,44,4
sub_00044,2026-05-14,3,0,15,6,48,10,3,2,63,0
sub_00044,2026-05-15,1,1,10,1,44,10,3,0,54,2
sub_00044,2026-05-20,0,0,14,7,44,3,2,0,58,4
sub_00044,2026-05-25,4,1,13,5,34,8,3,0,47,4
sub_00044,2026-05-31,2,0,5,1,32,8,4,1,37,1
sub_00044,2026-06-03,2,2,15,4,30,5,4,1,45,1
sub_00044,2026-06-05,0,1,8,4,40,7,2,0,48,2
sub_00044,2026-06-10,2,0,7,4,32,3,3,2,39,0
sub_00044,2026-06-12,0,2,11,5,33,4,2,0,44,3
sub_00044,2026-06-13,0,2,8,4,34,3,1,1,42,1
sub_00044,2026-06-17,1,2,7,2,39,8,6,3,46,2
sub_00044,2026-06-18,1,1,17,6,35,8,2,1,52,1
sub_00044,2026-06-19,0,0,12,6,35,3,1,0,47,3
sub_00044,2026-06-20,0,2,16,5,29,8,3,2,45,4
sub_00044,2026-06-22,2,2,10,4,36,9,2,1,46,2
sub_00044,2026-06-23,0,0,9,4,34,6,0,0,43,4
sub_00044,2026-06-26,0,2,15,3,42,13,2,1,57,2
sub_00044,2026-06-30,1,0,8,2,28,7,2,1,36,1
sub_00044,2026-07-01,1,0,8,2,36,5,6,4,44,3
sub_00044,2026-07-03,1,0,10,2,40,11,3,1,50,0
sub_00044,2026-07-05,0,0,3,1,30,5,3,1,33,1
sub_00044,2026-07-10,0,1,6,1,27,3,2,0,33,2
sub_00045,2026-07-11,0,1,11,1,36,4,3,3,47,1
sub_00045,2026-07-12,1,1,9,2,41,7,4,1,50,4
sub_00045,2026-07-13,0,1,19,6,40,12,1,0,59,2
sub_00045,2026-07-15,0,0,11,5,35,5,3,2,46,1
sub_00045,2026-07-16,0,0,16,5,29,5,2,1,45,1
sub_00045,2026-07-26,1,0,13,4,28,3,4,2,41,1
sub_00045,2026-08-01,0,2,6,2,28,6,1,1,34,2
sub_00045,2026-08-07,1,3,13,4,23,1,3,0,36,0
sub_00045,2026-08-11,0,1,16,9,39,5,3,2,55,4
sub_00045,2026-08-18,0,0,12,4,38,5,2,0,50,1
sub_00045,2026-08-19,1,0,14,4,34,0,1,1,48,1
sub_00045,2026-08-21,0,0,8,4,36,8,5,2,44,2
sub_00045,2026-08-22,3,1,11,4,36,9,4,3,47,1
sub_00045,2026-08-24,0,1,8,2,39,4,2,0,47,4
sub_00045,2026-09-04,0,0,14,5,30,5,1,0,44,2
sub_00045,2026-09-06,0,0,8,1,44,8,2,0,52,1
sub_00046,2026-05-26,0,0,37,9,28,7,2,1,65,2
sub_00046,2026-05-27,1,1,45,11,30,7,3,1,75,5
sub_00046,2026-05-28,0,1,46,10,45,17,5,2,91,0
sub_00046,2026-05-29,0,1,57,9,33,12,0,0,90,3
sub_00046,2026-05-31,1,0,58,12,38,14,3,2,96,2
sub_00046,2026-06-01,0,1,45,12,32,11,2,2,77,4
sub_00046,2026-06-02,1,0,49,9,38,15,0,0,87,1
sub_00046,2026-06-03,0,0,51,15,42,11,1,0,93,0
sub_00046,2026-06-04,0,1,47,5,31,9,3,2,78,2
sub_00046,2026-06-05,0,1,45,10,32,9,2,1,77,3
sub_00046,2026-06-08,2,2,41,7,38,12,0,0,79,0
sub_00046,2026-06-10,2,1,48,11,39,15,3,3,87,4
sub_00046,2026-06-11,2,0,36,12,39,16,3,1,75,1
sub_00046,2026-06-12,0,0,53,11,39,13,3,2,92,5
sub_00046,2026-06-16,0,0,49,10,32,12,4,3,81,4
sub_00046,2026-06-17,2,0,52,14,43,13,3,3,95,4
sub_00046,2026-06-18,2,2,45,9,34,11,2,1,79,3
sub_00046,2026-06-19,0,0,51,11,35,16,5,4,86,3
sub_00046,2026-06-21,0,1,41,7,30,9,1,0,71,3
sub_00046,2026-06-22,0,1,50,11,46,19,2,1,96,1
sub_00046,2026-06-25,0,2,28,7,27,6,1,0,55,3
sub_00046,2026-06-26,0,2,39,8,30,10,3,2,69,2
sub_00046,2026-06-28,0,1,56,9,28,11,3,2,84,4
sub_00046,2026-06-29,1,1,46,4,37,16,2,2,83,2
sub_00046,2026-06-30,0,0,44,7,37,14,5,2,81,3
sub_00046,2026-07-03,0,1,46,12,34,15,1,1,80,2
sub_00046,2026-07-04,0,0,46,14,27,12,7,5,73,2
sub_00046,2026-07-06,1,1,57,12,35,13,1,1,92,2
sub_00046,2026-07-08,0,0,53,14,30,10,1,1,83,3
sub_00046,2026-07-09,0,2,54,6,36,12,3,1,90,1
sub_00046,2026-07-13,0,2,67,17,32,12,3,3,99,5
sub_00046,2026-07-15,2,3,47,8,35,14,0,0,82,4
sub_00046,2026-07-16,0,1,49,7,33,11,4,2,82,4
sub_00046,2026-07-17,2,1,59,10,40,14,5,4,99,5
sub_00046,2026-07-18,2,2,45,9,29,8,2,2,74,2
sub_00046,2026-07-20,2,0,38,8,19,1,2,0,57,3
sub_00046,2026-07-21,3,0,47,4,37,13,3,1,84,2
sub_00046,2026-07-23,1,0,50,9,33,15,3,1,83,1
sub_00046,2026-07-24,0,3,48,11,29,12,3,2,77,0
sub_00047,2026-06-18,0,0,54,35,33,12,2,1,87,1
sub_00047,2026-06-22,0,0,44,33,29,6,2,1,73,1
sub_00047,2026-06-24,1,0,58,43,47,6,2,1,105,3
sub_00047,2026-06-25,1,0,53,35,26,5,3,3,79,7
sub_00047,2026-07-03,2,2,54,37,36,8,3,3,90,2
sub_00047,2026-07-06,1,0,66,46,28,5,4,3,94,7
sub_00047,2026-07-07,0,0,49,34,30,5,1,0,79,5
sub_00047,2026-07-09,0,0,46,32,36,7,4,2,82,5
sub_00047,2026-07-10,3,0,60,43,37,2,2,1,97,5
sub_00047,2026-07-12,1,0,50,32,34,4,2,2,84,7
sub_00047,2026-07-14,0,1,66,41,34,4,1,0,100,2
sub_00047,2026-07-17,0,0,58,39,32,5,4,4,90,3
sub_00047,2026-07-19,0,0,60,44,41,10,4,1,101,3
sub_00047,2026-07-22,4,0,62,36,28,2,3,1,90,7
sub_00047,2026-07-24,2,2,58,45,35,3,2,1,93,3
sub_00047,2026-07-27,0,0,61,36,25,5,2,2,86,3
sub_00047,2026-07-28,1,1,57,39,35,8,1,1,92,8
sub_00047,2026-07-29,3,0,71,47,23,4,1,1,94,3
sub_00047,2026-07-30,0,0,54,38,38,5,0,0,92,6
sub_00047,2026-08-01,2,0,45,32,32,5,4,2,77,1
sub_00047,2026-08-03,2,1,60,44,35,6,0,0,95,5
sub_00047,2026-08-05,1,1,60,46,35,8,1,1,95,3
sub_00047,2026-08-06,4,0,65,47,32,3,1,1,97,8
sub_00047,2026-08-07,2,0,62,45,38,9,3,3,100,5
sub_00047,2026-08-10,0,0,60,41,34,6,2,0,94,1
sub_00047,2026-08-11,2,1,60,38,34,7,3,2,94,7
sub_00047,2026-08-13,0,0,59,46,37,3,1,1,96,3
sub_00047,2026-08-14,1,1,47,31,30,8,6,3,77,6
sub_00047,2026-08-16,0,0,52,38,24,4,1,0,76,0
sub_00048,2026-04-25,2,0,9,3,41,12,1,1,50,1
sub_00048,2026-05-14,1,0,9,3,37,11,0,0,46,1
sub_00048,2026-05-22,0,0,4,2,33,11,0,0,37,2
sub_00048,2026-06-06,2,2,4,0,40,12,7,4,44,3
sub_00048,2026-06-07,0,1,9,0,40,10,5,2,49,3
sub_00048,2026-06-10,0,1,10,2,43,14,1,1,53,0
sub_00048,2026-06-22,0,2,9,6,33,13,2,2,42,2
sub_00049,2026-06-13,0,0,10,2,37,13,1,1,47,1
sub_00049,2026-06-15,2,0,9,2,34,12,0,0,43,1
sub_00049,2026-06-16,0,0,4,0,33,11,2,0,37,1
sub_00049,2026-06-20,1,2,12,3,31,7,0,0,43,1
sub_00049,2026-06-21,2,1,2,0,42,13,2,2,44,2
sub_00049,2026-06-23,0,1,6,0,32,11,1,1,38,2
sub_00049,2026-06-27,1,1,10,2,41,15,0,0,51,1
sub_00049,2026-06-30,0,0,7,1,34,9,2,0,41,3
sub_00049,2026-07-01,0,1,4,0,45,19,4,1,49,3
sub_00049,2026-07-02,0,2,11,2,48,18,2,1,59,3
sub_00049,2026-07-04,1,0,8,3,39,15,3,3,47,3
sub_00049,2026-07-05,1,1,8,1,32,11,2,1,40,1
sub_00049,2026-07-08,1,2,4,0,33,10,1,0,37,3
sub_00049,2026-07-11,0,0,9,1,39,17,2,2,48,1
sub_00049,2026-07-12,1,0,6,2,43,18,1,1,49,1
sub_00049,2026-07-20,0,1,11,2,28,9,2,2,39,5
sub_00049,2026-07-21,1,1,9,3,33,12,2,2,42,6
sub_00049,2026-07-26,1,0,6,1,38,16,5,3,44,1
sub_00049,2026-07-27,1,1,4,0,39,14,0,0,43,3
sub_00049,2026-07-29,1,1,5,1,42,11,1,0,47,2
sub_00049,2026-08-01,1,0,7,1,39,13,2,1,46,1
sub_00049,2026-08-05,1,2,11,2,42,14,1,0,53,4
sub_00049,2026-08-08,0,0,10,2,34,13,4,4,44,1
sub_00049,2026-08-09,0,0,3,3,32,10,4,3,35,2
sub_00049,2026-08-11,0,1,7,2,29,9,2,1,36,2
sub_00050,2026-05-19,0,1,118,37,41,18,5,4,159,5
sub_00050,2026-05-20,0,2,131,49,40,9,1,1,171,13
sub_00050,2026-05-22,0,1,124,50,46,8,1,1,170,6
sub_00050,2026-05-23,1,1,104,38,42,12,2,1,146,10
sub_00050,2026-05-24,1,2,118,39,46,10,1,1,164,11
sub_00050,2026-05-26,0,0,141,62,35,7,0,0,176,12
sub_00050,2026-05-27,1,2,125,45,35,9,2,2,160,13
sub_00050,2026-05-28,0,0,103,42,20,8,1,1,123,7
sub_00050,2026-05-29,1,2,122,47,38,8,2,1,160,8
sub_00050,2026-06-01,0,0,125,51,34,8,4,3,159,9
sub_00050,2026-06-04,0,0,112,42,41,10,1,1,153,10
sub_00050,2026-06-05,0,2,120,45,36,10,5,5,156,8
sub_00050,2026-06-06,0,2,126,37,42,10,0,0,168,7
sub_00050,2026-06-08,2,1,138,55,34,8,2,1,172,9
sub_00050,2026-06-09,0,0,112,40,25,7,3,2,137,11
sub_00050,2026-06-11,0,1,106,43,37,15,6,4,143,9
sub_00050,2026-06-13,1,2,112,41,45,10,4,3,157,12
sub_00050,2026-06-15,1,0,136,43,34,10,4,4,170,9
sub_00050,2026-06-16,0,1,109,41,29,10,2,2,138,12
sub_00050,2026-06-17,0,1,113,42,40,9,1,1,153,11
sub_00050,2026-06-19,1,2,119,42,36,12,1,1,155,7
sub_00050,2026-06-22,0,5,106,28,46,12,2,2,152,8
sub_00050,2026-06-23,0,1,97,36,45,9,4,4,142,17
sub_00050,2026-06-25,0,3,106,38,41,6,1,0,147,13
sub_00050,2026-06-26,0,1,109,37,36,5,3,2,145,7
sub_00050,2026-06-29,1,0,115,38,31,11,1,0,146,11
sub_00050,2026-06-30,1,1,129,45,32,10,1,1,161,13
sub_00050,2026-07-01,2,2,126,38,27,9,0,0,153,6
sub_00050,2026-07-02,2,3,135,36,28,9,1,0,163,9
sub_00050,2026-07-03,0,0,118,56,27,7,2,2,145,10
sub_00050,2026-07-06,1,1,119,43,31,12,5,5,150,4
sub_00050,2026-07-07,0,2,101,40,37,13,4,3,138,10
sub_00050,2026-07-09,2,1,130,53,48,12,3,2,178,7
sub_00050,2026-07-10,0,0,117,51,44,14,1,1,161,9
sub_00050,2026-07-11,1,1,126,46,18,7,6,4,144,7
sub_00050,2026-07-14,0,1,132,45,41,11,1,1,173,11
sub_00050,2026-07-15,0,0,114,47,29,5,1,1,143,6
sub_00050,2026-07-16,0,0,116,47,49,12,3,1,165,9
sub_00050,2026-07-17,0,0,128,46,39,17,4,3,167,7
sub_00050,2026-07-18,1,0,94,36,45,14,2,2,139,4
sub_00051,2026-06-23,1,0,25,13,31,8,1,1,56,3
sub_00051,2026-06-24,1,0,30,15,30,9,2,0,60,1
sub_00051,2026-06-25,3,1,29,14,38,6,10,4,67,1
sub_00051,2026-06-26,1,0,30,13,37,13,3,3,67,0
sub_00051,2026-07-01,0,0,38,9,28,6,5,4,66,2
sub_00051,2026-07-06,1,0,36,13,27,7,5,3,63,1
sub_00051,2026-07-09,2,0,20,9,33,6,1,1,53,1
sub_00051,2026-07-13,2,0,29,16,30,5,1,1,59,2
sub_00051,2026-07-14,1,0,27,10,29,5,2,2,56,0
sub_00051,2026-07-15,2,0,28,12,27,5,1,1,55,0
sub_00051,2026-07-17,2,1,35,20,40,5,1,1,75,1
sub_00051,2026-07-20,0,0,28,11,30,4,5,3,58,7
sub_00051,2026-07-21,1,1,27,12,31,5,3,2,58,2
sub_00051,2026-07-22,1,0,36,19,21,5,2,2,57,6
sub_00051,2026-07-24,2,0,37,15,31,2,3,2,68,4
sub_00051,2026-08-03,1,0,30,8,29,2,1,0,59,0
sub_00051,2026-08-05,1,0,29,16,40,8,2,1,69,1
sub_00051,2026-08-12,1,0,18,8,42,9,2,1,60,2
sub_00051,2026-08-14,1,0,26,8,36,8,0,0,62,4
sub_00051,2026-08-15,1,0,15,10,38,12,3,2,53,0
sub_00051,2026-08-19,0,0,24,6,35,5,2,1,59,2
sub_00051,2026-08-21,1,1,24,13,34,6,5,3,58,2
sub_00052,2026-07-09,1,0,53,24,28,10,2,2,81,2
sub_00052,2026-07-10,0,0,55,19,41,10,2,2,96,4
sub_00052,2026-07-12,0,0,59,26,26,6,3,2,85,3
sub_00052,2026-07-13,3,3,53,15,46,15,2,1,99,6
sub_00052,2026-07-14,1,3,45,23,36,7,0,0,81,3
sub_00052,2026-07-15,0,1,45,18,38,6,0,0,83,3
sub_00052,2026-07-16,3,0,47,18,38,6,6,6,85,3
sub_00052,2026-07-17,0,2,42,24,37,11,3,2,79,1
sub_00052,2026-07-19,0,0,49,12,20,7,4,3,69,2
sub_00052,2026-07-21,0,0,52,20,40,6,3,2,92,4
sub_00052,2026-07-22,1,1,52,22,39,7,2,1,91,8
sub_00052,2026-07-23,0,0,60,18,35,9,1,1,95,3
sub_00052,2026-07-27,1,0,49,11,28,4,2,1,77,4
sub_00052,2026-07-29,1,1,63,25,31,10,3,2,94,5
sub_00052,2026-07-30,0,0,40,14,30,6,1,0,70,2
sub_00052,2026-08-04,0,1,39,15,32,10,4,3,71,3
sub_00052,2026-08-05,0,1,57,23,35,10,4,3,92,2
sub_00052,2026-08-06,0,0,52,19,32,6,0,0,84,2
sub_00052,2026-08-07,0,0,59,19,40,11,3,2,99,1
sub_00052,2026-08-11,1,0,43,14,26,7,1,0,69,1
sub_00052,2026-08-14,0,0,49,16,29,5,3,2,78,4
sub_00052,2026-08-18,1,2,36,15,31,6,1,1,67,5
sub_00052,2026-08-19,1,1,59,18,30,9,4,4,89,3
sub_00052,2026-08-23,0,0,39,21,42,11,3,2,81,1
sub_00052,2026-08-25,1,1,47,10,27,6,5,3,74,3
sub_00052,2026-08-26,3,0,54,19,40,6,6,5,94,4
sub_00052,2026-08-28,1,0,49,22,47,12,2,1,96,5
sub_00052,2026-08-29,1,1,45,13,37,10,1,0,82,2
sub_00052,2026-08-30,0,0,53,21,34,7,1,1,87,5
sub_00052,2026-09-01,0,0,57,20,42,8,1,1,99,3
sub_00052,2026-09-07,1,0,58,29,31,7,1,0,89,3
sub_00053,2026-06-03,1,0,28,10,41,16,4,2,69,3
sub_00053,2026-06-04,1,0,27,8,40,11,2,2,67,0
sub_00053,2026-06-06,1,1,21,10,38,16,2,2,59,3
sub_00053,2026-06-08,1,1,28,11,38,11,2,2,66,4
sub_00053,2026-06-11,0,2,28,16,36,15,5,5,64,0
sub_00053,2026-06-12,2,0,25,14,36,10,3,3,61,0
sub_00053,2026-06-15,1,2,35,18,32,13,2,2,67,3
sub_00053,2026-06-16,2,1,37,13,30,11,2,1,67,6
sub_00053,2026-06-17,0,0,29,14,27,10,2,2,56,5
sub_00053,2026-06-19,0,1,33,11,30,16,5,3,63,1
sub_00053,2026-06-22,1,0,30,8,43,10,2,1,73,4
sub_00053,2026-06-23,1,0,31,11,28,7,3,3,59,3
sub_00053,2026-06-26,1,2,34,15,32,7,1,1,66,4
sub_00053,2026-06-28,1,0,34,15,43,15,4,3,77,0
sub_00053,2026-06-29,0,1,33,17,38,16,0,0,71,6
sub_00053,2026-07-02,1,0,28,12,38,9,3,2,66,4
sub_00053,2026-07-03,0,3,32,12,35,15,2,2,67,3
sub_00053,2026-07-05,1,0,23,8,30,10,4,4,53,0
sub_00053,2026-07-08,0,2,36,16,38,19,4,3,74,2
sub_00053,2026-07-09,0,0,24,12,34,12,3,3,58,2
sub_00053,2026-07-10,0,1,29,11,37,20,5,3,66,4
sub_00053,2026-07-11,0,2,33,15,27,10,2,2,60,3
sub_00053,2026-07-13,1,0,33,18,34,19,2,2,67,5
sub_00053,2026-07-14,0,0,27,10,31,12,3,3,58,2
sub_00053,2026-07-15,1,1,20,11,33,11,2,2,53,4
sub_00053,2026-07-17,0,0,26,16,34,15,7,5,60,4
sub_00053,2026-07-20,2,0,36,20,33,9,5,4,69,2
sub_00053,2026-07-21,0,1,38,13,34,9,2,2,72,5
sub_00053,2026-07-22,0,0,35,11,49,14,0,0,84,10
sub_00053,2026-07-23,1,0,35,17,35,16,3,3,70,3
sub_00053,2026-07-24,0,0,28,12,31,13,5,5,59,1
sub_00054,2026-04-25,0,1,31,5,36,6,3,2,67,3
sub_00054,2026-04-26,1,0,18,4,39,12,4,3,57,1
sub_00054,2026-04-28,2,0,24,6,39,9,2,1,63,2
sub_00054,2026-04-29,0,0,20,3,36,5,2,1,56,4
sub_00054,2026-05-03,1,1,21,2,34,5,0,0,55,1
sub_00054,2026-05-06,1,1,20,6,38,5,1,0,58,0
sub_00054,2026-05-08,0,0,23,5,33,9,3,2,56,2
sub_00054,2026-05-09,1,0,22,4,40,8,4,1,62,2
sub_00054,2026-05-11,2,0,17,7,31,4,3,0,48,1
sub_00054,2026-05-14,1,0,28,8,34,7,3,1,62,2
sub_00054,2026-05-15,1,2,22,4,30,10,5,2,52,1
sub_00054,2026-05-16,3,1,22,4,43,11,1,1,65,3
sub_00054,2026-05-17,1,3,27,7,20,5,2,2,47,2
sub_00054,2026-05-22,2,0,28,8,37,11,1,0,65,1
sub_00054,2026-05-23,2,1,20,7,29,4,3,0,49,1
sub_00054,2026-05-27,1,0,26,2,37,12,4,2,63,1
sub_00054,2026-05-30,1,1,30,7,33,6,4,3,63,0
sub_00054,2026-05-31,0,0,18,3,44,5,3,3,62,0
sub_00054,2026-06-01,0,0,29,11,34,7,5,3,63,3
sub_00054,2026-06-05,2,0,30,3,32,4,1,0,62,3
sub_00054,2026-06-06,1,0,22,5,21,3,5,4,43,0
sub_00055,2026-05-27,1,2,55,8,38,13,3,2,93,4
sub_00055,2026-06-03,0,0,45,7,34,9,2,2,79,2
sub_00055,2026-06-04,0,0,59,8,31,3,1,0,90,3
sub_00055,2026-06-10,2,0,45,5,27,9,1,1,72,3
sub_00055,2026-06-12,2,0,57,11,30,10,3,1,87,1
sub_00055,2026-06-16,0,0,64,9,26,11,2,0,90,3
sub_00055,2026-06-23,0,1,67,9,37,8,3,1,104,2
sub_00055,2026-06-24,0,0,58,10,35,13,0,0,93,4
sub_00055,2026-06-25,1,2,57,7,28,10,2,0,85,1
sub_00055,2026-06-26,0,1,65,9,41,13,4,2,106,3
sub_00055,2026-06-30,0,3,40,4,27,6,4,1,67,1
sub_00055,2026-07-01,0,1,49,4,25,7,8,5,74,1
sub_00055,2026-07-06,1,1,58,7,33,8,2,1,91,2
sub_00055,2026-07-09,0,0,58,6,39,13,6,5,97,3
sub_00055,2026-07-15,0,1,60,3,37,12,5,3,97,1
sub_00055,2026-07-17,0,0,54,7,33,8,2,1,87,1
sub_00055,2026-07-19,0,0,53,8,44,11,5,2,97,0
sub_00055,2026-07-28,0,1,53,3,37,15,3,1,90,1
sub_00056,2026-04-24,0,1,11,4,37,11,2,1,48,0
sub_00056,2026-05-04,0,1,8,2,27,8,2,1,35,1
sub_00056,2026-05-06,1,1,8,0,39,17,2,1,47,1
sub_00056,2026-05-07,0,2,8,1,38,9,0,0,46,3
sub_00056,2026-05-08,1,0,8,3,40,13,2,2,48,1
sub_00056,2026-05-10,0,0,8,3,34,12,3,3,42,0
sub_00056,2026-05-15,1,1,10,6,37,10,2,2,47,2
sub_00056,2026-05-22,0,0,8,3,36,10,1,1,44,0
sub_00056,2026-05-24,0,1,8,5,25,11,0,0,33,2
sub_00056,2026-05-27,2,0,6,1,33,7,1,0,39,0
sub_00056,2026-05-28,0,2,9,3,35,8,3,2,44,0
sub_00056,2026-06-04,0,1,8,3,39,11,4,2,47,3
sub_00056,2026-06-09,1,1,9,3,34,13,1,1,43,1
sub_00056,2026-06-10,2,0,10,5,33,10,4,1,43,2
sub_00056,2026-06-11,0,1,9,3,35,9,0,0,44,1
sub_00056,2026-06-12,0,2,11,2,37,11,2,2,48,1
sub_00056,2026-06-14,0,1,10,4,31,9,4,3,41,0
sub_00057,2026-05-24,1,0,52,24,37,13,2,1,89,3
sub_00057,2026-05-30,1,0,36,14,40,16,3,1,76,4
sub_00057,2026-05-31,0,0,48,25,39,11,1,1,87,0
sub_00057,2026-06-02,1,0,37,15,23,8,5,5,60,2
sub_00057,2026-06-06,1,0,40,22,40,14,0,0,80,2
sub_00057,2026-06-07,1,1,43,21,40,15,3,2,83,3
sub_00057,2026-06-08,1,0,36,21,41,14,4,2,77,2
sub_00057,2026-06-09,1,1,41,20,38,6,3,2,79,2
sub_00057,2026-06-10,1,1,40,19,30,10,3,2,70,3
sub_00057,2026-06-12,0,2,31,15,37,12,3,2,68,3
sub_00057,2026-06-14,1,0,46,25,31,11,2,1,77,6
sub_00057,2026-06-20,0,0,37,15,31,8,0,0,68,1
sub_00057,2026-06-21,0,0,50,23,43,9,3,1,93,3
sub_00057,2026-06-22,1,0,58,27,40,10,2,1,98,3
sub_00057,2026-06-23,0,0,38,18,35,9,3,3,73,3
sub_00057,2026-06-27,0,0,57,33,40,10,0,0,97,3
sub_00057,2026-06-28,3,1,50,26,34,9,3,3,84,1
sub_00057,2026-07-04,1,2,48,24,37,7,2,2,85,4
sub_00057,2026-07-06,1,0,48,20,34,9,2,2,82,0
sub_00057,2026-07-10,1,0,54,28,49,25,1,1,103,1
sub_00057,2026-07-11,4,2,34,19,35,11,4,4,69,5
sub_00057,2026-07-12,1,1,35,16,27,7,4,1,62,4
sub_00057,2026-07-14,1,0,50,29,40,14,2,0,90,3
sub_00057,2026-07-15,1,0,38,18,34,10,2,1,72,0
sub_00057,2026-07-17,2,1,42,18,41,7,4,3,83,2
sub_00057,2026-07-18,3,1,46,26,32,10,2,1,78,2
sub_00057,2026-07-19,1,0,46,23,25,7,2,1,71,3
sub_00057,2026-07-21,2,2,41,21,33,9,1,0,74,9
sub_00057,2026-07-25,0,1,42,26,36,9,2,2,78,2
sub_00058,2026-04-21,0,0,27,11,40,8,1,1,67,1
sub_00058,2026-04-23,0,0,23,13,33,5,1,0,56,0
sub_00058,2026-04-28,0,1,27,10,30,5,2,0,57,2
sub_00058,2026-04-30,1,0,21,7,35,8,4,1,56,1
sub_00058,2026-05-03,1,1,33,10,37,6,3,1,70,2
sub_00058,2026-05-04,1,0,20,5,34,6,3,3,54,2
sub_00058,2026-05-05,2,0,25,6,40,4,2,1,65,0
sub_00058,2026-05-06,0,1,30,12,34,8,2,2,64,3
sub_00058,2026-05-07,1,0,20,2,36,7,3,3,56,2
sub_00058,2026-05-13,0,0,26,11,27,7,3,1,53,1
sub_00058,2026-05-19,1,0,31,8,30,4,3,2,61,0
sub_00058,2026-05-21,2,0,25,6,33,10,5,3,58,0
sub_00058,2026-05-23,1,0,23,2,34,3,1,0,57,0
sub_00058,2026-05-24,2,0,23,6,35,6,3,1,58,1
sub_00058,2026-05-25,2,1,18,3,31,4,1,0,49,0
sub_00058,2026-05-26,0,0,31,7,36,4,1,1,67,3
sub_00058,2026-05-28,1,0,16,6,32,6,2,1,48,1
sub_00058,2026-06-01,0,1,26,7,33,8,3,1,59,1
sub_00058,2026-06-02,0,0,30,4,42,7,1,1,72,4
sub_00058,2026-06-03,1,1,26,7,34,4,2,1,60,2
sub_00058,2026-06-08,0,2,29,3,40,5,2,0,69,1
sub_00058,2026-06-09,1,0,21,9,30,3,2,1,51,4
sub_00058,2026-06-10,1,0,30,12,41,6,3,2,71,2
sub_00058,2026-06-12,3,0,34,9,38,5,1,0,72,2
sub_00058,2026-06-15,0,0,28,7,41,4,1,0,69,1
sub_00058,2026-06-16,0,0,35,7,23,0,2,1,58,2
sub_00058,2026-06-17,0,1,22,8,35,8,1,0,57,2
sub_00058,2026-06-18,2,0,20,4,39,3,1,0,59,2
sub_00058,2026-06-19,1,0,31,11,41,5,2,1,72,1
sub_00059,2026-06-12,1,0,6,1,35,9,0,0,41,2
sub_00059,2026-06-17,1,0,8,3,33,11,5,4,41,1
sub_00059,2026-06-18,0,0,13,4,32,8,3,2,45,2
sub_00059,2026-06-19,1,0,11,2,28,11,1,0,39,0
sub_00059,2026-06-25,0,0,16,4,31,8,1,0,47,1
sub_00059,2026-06-30,1,1,15,6,32,8,2,1,47,3
sub_00059,2026-07-03,1,0,20,7,36,9,4,3,56,2
sub_00059,2026-07-06,1,0,9,3,38,11,3,3,47,0
sub_00059,2026-07-07,0,0,9,2,35,12,4,4,44,1
sub_00059,2026-07-08,1,1,10,4,35,9,4,1,45,0
sub_00059,2026-07-09,1,0,18,2,34,11,3,3,52,1
sub_00059,2026-07-17,1,0,9,3,28,8,2,2,37,0
sub_00059,2026-07-22,1,0,11,5,39,7,4,1,50,2
sub_00059,2026-07-24,3,0,10,2,38,9,2,0,48,0
sub_00059,2026-07-29,0,1,13,6,39,12,3,1,52,1
sub_00059,2026-08-03,0,1,12,6,35,9,3,3,47,2
sub_00059,2026-08-10,2,0,11,6,32,9,4,3,43,0
sub_00060,2026-05-11,2,0,59,10,29,8,4,0,88,3
sub_00060,2026-05-12,1,1,56,20,36,3,0,0,92,3
sub_00060,2026-05-13,0,0,62,12,24,4,1,0,86,8
sub_00060,2026-05-14,0,0,43,11,25,4,1,0,68,4
sub_00060,2026-05-15,1,0,46,13,38,6,4,2,84,6
sub_00060,2026-05-16,3,0,65,15,38,7,0,0,103,6
sub_00060,2026-05-18,0,0,45,11,31,6,5,2,76,3
sub_00060,2026-05-19,1,0,53,19,33,7,0,0,86,1
sub_00060,2026-05-20,1,0,60,13,28,6,2,0,88,5
sub_00060,2026-05-21,2,0,49,14,50,6,2,1,99,5
sub_00060,2026-05-22,1,0,61,20,30,6,3,2,91,2
sub_00060,2026-05-26,0,0,46,11,29,7,3,3,75,2
sub_00060,2026-05-29,1,0,59,22,31,6,1,0,90,3
sub_00060,2026-05-31,0,0,55,22,35,8,2,2,90,2
sub_00060,2026-06-01,1,1,46,11,45,10,4,3,91,7
sub_00060,2026-06-02,0,2,53,14,45,9,1,0,98,2
sub_00060,2026-06-03,1,0,55,8,34,4,6,2,89,1
sub_00060,2026-06-08,1,1,56,22,33,8,4,2,89,1
sub_00060,2026-06-09,1,0,59,13,42,9,2,0,101,4
sub_00060,2026-06-11,0,1,40,11,32,2,3,2,72,4
sub_00060,2026-06-12,1,0,43,13,30,5,5,3,73,3
sub_00060,2026-06-14,1,1,52,16,32,3,3,1,84,2
sub_00060,2026-06-15,1,1,50,15,35,8,5,2,85,6
sub_00060,2026-06-16,3,0,45,6,41,3,0,0,86,2
sub_00060,2026-06-18,2,1,39,13,32,9,3,1,71,1
sub_00060,2026-06-19,2,0,38,12,34,11,2,1,72,1
sub_00060,2026-06-21,2,1,51,14,31,11,2,0,82,3
sub_00060,2026-06-22,1,2,39,13,30,5,6,2,69,3
sub_00060,2026-06-25,2,0,46,4,35,7,2,0,81,3
sub_00060,2026-07-01,0,0,54,12,38,11,0,0,92,1
sub_00060,2026-07-02,0,0,60,12,28,7,2,0,88,5
sub_00060,2026-07-10,0,1,45,11,29,5,2,1,74,2
sub_00060,2026-07-11,1,1,54,12,53,14,3,1,107,3
sub_00061,2026-05-15,3,0,0,0,32,12,3,2,32,1
sub_00061,2026-06-11,3,0,0,0,33,14,1,1,33,1
sub_00062,2026-04-16,2,0,2,0,39,7,0,0,41,7
sub_00062,2026-05-15,0,0,1,0,35,7,2,0,36,2
sub_00062,2026-05-19,3,0,3,1,26,2,4,1,29,1
sub_00062,2026-05-23,1,1,0,0,30,1,3,2,30,5
sub_00062,2026-05-25,1,1,0,0,30,2,1,1,30,2
sub_00062,2026-06-01,2,1,2,1,30,2,3,0,32,2
sub_00063,2026-07-04,0,0,6,4,32,9,0,0,38,0
sub_00063,2026-07-06,2,0,8,3,29,7,1,1,37,0
sub_00063,2026-07-10,1,0,7,3,46,13,2,2,53,4
sub_00063,2026-07-14,1,1,8,1,31,9,2,1,39,3
sub_00063,2026-07-23,0,0,11,6,43,16,4,4,54,4
sub_00063,2026-07-25,1,0,10,5,37,13,4,2,47,2
sub_00063,2026-07-26,0,0,7,2,45,11,3,1,52,1
sub_00063,2026-08-01,1,1,5,1,29,9,4,2,34,1
sub_00063,2026-08-06,0,0,5,1,39,12,2,2,44,0
sub_00063,2026-08-07,0,0,1,0,32,9,0,0,33,1
sub_00063,2026-08-08,1,1,4,0,34,6,2,1,38,1
sub_00063,2026-08-16,1,0,6,4,32,11,3,1,38,1
sub_00063,2026-08-24,2,0,6,2,36,10,7,4,42,2
sub_00063,2026-08-29,2,0,6,4,34,10,2,2,40,0
sub_00063,2026-08-30,0,0,6,2,40,15,2,1,46,2
sub_00063,2026-09-04,1,0,8,3,22,11,1,1,30,3
sub_00064,2026-06-29,1,0,37,13,50,15,2,1,87,4
sub_00064,2026-06-30,0,0,32,6,44,15,1,0,76,1
sub_00064,2026-07-04,3,0,31,10,30,7,3,1,61,5
sub_00064,2026-07-06,4,0,40,7,38,13,1,1,78,4
sub_00064,2026-07-13,1,0,34,9,38,13,5,4,72,4
sub_00064,2026-07-14,1,1,35,12,40,11,3,2,75,7
sub_00064,2026-07-15,0,0,36,7,42,7,1,0,78,4
sub_00064,2026-07-19,1,0,41,6,32,5,1,0,73,4
sub_00064,2026-07-24,3,1,28,5,34,8,4,1,62,4
sub_00064,2026-07-25,1,0,37,8,33,10,1,1,70,3
sub_00064,2026-08-01,3,0,43,10,40,9,1,1,83,3
sub_00064,2026-08-02,2,0,27,8,47,14,2,2,74,2
sub_00064,2026-08-05,1,0,29,4,42,12,1,0,71,4
sub_00064,2026-08-06,1,0,40,11,33,6,2,0,73,2
sub_00064,2026-08-07,1,0,36,11,39,6,0,0,75,6
sub_00064,2026-08-08,1,0,27,9,38,10,4,2,65,3
sub_00064,2026-08-09,1,0,39,15,48,10,4,1,87,5
sub_00064,2026-08-10,2,0,38,12,44,15,4,1,82,1
sub_00064,2026-08-15,1,0,36,6,32,10,2,1,68,3
sub_00064,2026-08-23,1,0,26,5,27,6,4,1,53,2
sub_00064,2026-08-30,1,1,46,13,34,9,1,0,80,5
sub_00065,2026-06-30,0,0,9,1,32,10,2,2,41,0
sub_00065,2026-07-03,0,1,11,2,25,8,2,1,36,1
sub_00065,2026-07-09,0,0,11,4,29,7,3,1,40,3
sub_00065,2026-07-17,2,0,16,4,41,15,0,0,57,3
sub_00065,2026-07-18,3,0,10,2,36,9,2,2,46,3
sub_00065,2026-07-20,1,0,7,1,35,4,3,2,42,2
sub_00065,2026-07-22,0,1,8,1,34,8,2,1,42,2
sub_00065,2026-07-27,0,1,6,0,32,8,5,1,38,1
sub_00065,2026-07-28,0,0,6,4,27,10,4,2,33,1
sub_00065,2026-08-11,0,0,6,1,27,3,6,4,33,0
sub_00065,2026-08-18,0,0,10,2,28,5,0,0,38,0
sub_00066,2026-04-18,2,0,40,3,34,10,4,1,74,2
sub_00066,2026-04-19,1,0,32,3,36,13,0,0,68,3
sub_00066,2026-04-26,2,0,36,3,31,10,4,2,67,2
sub_00066,2026-04-28,3,1,25,1,36,8,3,3,61,1
sub_00066,2026-04-29,3,1,33,6,39,14,2,2,72,3
sub_00066,2026-04-30,0,0,49,3,44,13,2,0,93,2
sub_00066,2026-05-01,0,0,36,6,26,10,1,0,62,0
sub_00066,2026-05-05,2,0,30,6,46,16,3,2,76,0
sub_00066,2026-05-09,0,1,35,5,40,8,1,0,75,3
sub_00066,2026-05-11,2,0,28,3,35,14,1,1,63,1
sub_00066,2026-05-14,0,1,33,4,26,7,4,2,59,1
sub_00066,2026-05-16,4,0,33,3,33,15,5,3,66,2
sub_00066,2026-05-23,3,0,38,5,38,8,5,4,76,2
sub_00066,2026-05-24,0,0,23,3,35,12,5,3,58,1
sub_00066,2026-05-30,1,0,28,4,32,7,1,1,60,1
sub_00066,2026-05-31,2,0,33,4,38,6,2,0,71,0
sub_00066,2026-06-01,2,0,35,4,29,14,2,0,64,1
sub_00066,2026-06-04,2,0,34,6,38,9,0,0,72,1
sub_00066,2026-06-05,2,0,33,2,33,6,4,3,66,0
sub_00066,2026-06-06,0,0,28,4,37,13,2,2,65,2
sub_00066,2026-06-10,0,0,42,11,36,9,3,2,78,0
sub_00066,2026-06-11,0,0,27,6,39,11,1,1,66,1
sub_00066,2026-06-12,1,1,30,4,32,14,2,1,62,1
sub_00066,2026-06-13,2,0,39,7,35,9,1,1,74,2
sub_00066,2026-06-14,1,0,22,8,33,5,4,4,55,0
sub_00066,2026-06-19,0,1,39,8,32,10,3,0,71,3
sub_00067,2026-05-15,0,0,43,11,35,11,0,0,78,2
sub_00067,2026-05-17,1,1,38,9,38,8,1,0,76,1
sub_00067,2026-05-21,0,2,67,20,45,13,1,1,112,1
sub_00067,2026-05-23,1,1,71,14,30,8,3,1,101,5
sub_00067,2026-05-24,1,0,58,14,26,4,2,1,84,2
sub_00067,2026-05-25,0,1,61,13,45,11,2,1,106,2
sub_00067,2026-05-28,2,0,53,12,40,15,4,2,93,1
sub_00067,2026-05-29,1,2,62,9,44,11,1,1,106,3
sub_00067,2026-06-01,1,0,43,13,23,5,4,2,66,1
sub_00067,2026-06-06,0,1,57,11,33,13,1,0,90,1
sub_00067,2026-06-07,1,0,58,14,35,9,2,1,93,4
sub_00067,2026-06-09,0,1,62,20,41,16,6,3,103,5
sub_00067,2026-06-11,1,1,47,9,41,15,3,1,88,2
sub_00067,2026-06-17,0,1,54,11,34,9,2,0,88,2
sub_00067,2026-06-19,1,1,50,11,43,11,6,2,93,2
sub_00067,2026-06-22,0,3,46,11,31,6,2,2,77,4
sub_00067,2026-06-23,1,1,53,10,41,9,1,1,94,3
sub_00067,2026-06-25,1,0,57,16,30,6,2,1,87,1
sub_00067,2026-06-27,0,2,48,12,41,11,6,0,89,3
sub_00067,2026-07-01,2,0,65,11,28,7,2,1,93,2
sub_00068,2026-07-17,1,0,19,2,28,5,3,0,47,0
sub_00068,2026-07-18,6,0,17,2,38,3,4,2,55,6
sub_00068,2026-07-26,1,0,18,2,40,4,2,2,58,1
sub_00068,2026-08-01,4,1,11,4,39,2,3,0,50,2
sub_00068,2026-08-02,0,0,16,2,34,3,0,0,50,3
sub_00068,2026-08-04,0,0,26,1,29,5,0,0,55,3
sub_00068,2026-08-07,1,0,17,2,37,5,3,1,54,0
sub_00068,2026-08-13,0,0,11,2,27,3,5,3,38,2
sub_00068,2026-08-14,0,1,18,2,36,4,6,3,54,4
sub_00068,2026-08-19,0,0,19,1,24,2,3,2,43,4
sub_00068,2026-08-25,1,0,12,0,30,5,3,2,42,3
sub_00068,2026-08-30,0,0,13,3,30,3,2,1,43,0
sub_00068,2026-09-01,1,0,19,0,29,4,5,3,48,5
sub_00068,2026-09-02,2,0,12,1,41,3,4,2,53,3
sub_00068,2026-09-06,2,1,12,4,33,3,1,1,45,2
sub_00068,2026-09-12,0,0,22,4,34,4,3,3,56,4
sub_00069,2026-06-05,0,1,72,61,27,5,0,0,99,1
sub_00069,2026-06-06,0,1,57,49,33,10,2,2,90,5
sub_00069,2026-06-07,0,0,70,58,42,12,2,1,112,3
sub_00069,2026-06-11,1,0,76,61,29,6,4,3,105,4
sub_00069,2026-06-13,2,0,61,53,35,18,3,2,96,2
sub_00069,2026-06-14,3,0,71,56,32,6,1,1,103,4
sub_00069,2026-06-16,1,0,73,65,35,13,1,1,108,2
sub_00069,2026-06-21,0,0,67,57,36,10,1,0,103,1
sub_00069,2026-06-22,0,0,71,57,32,7,1,0,103,2
sub_00069,2026-06-24,1,0,79,62,24,4,2,1,103,4
sub_00069,2026-06-27,2,0,101,81,46,14,6,6,147,4
sub_00069,2026-06-28,1,0,60,51,40,13,5,3,100,2
sub_00069,2026-06-29,0,2,54,45,39,12,2,1,93,1
sub_00069,2026-06-30,1,0,58,52,23,6,2,1,81,2
sub_00069,2026-07-01,0,0,70,66,42,9,1,1,112,3
sub_00069,2026-07-02,1,0,67,55,37,12,1,0,104,2
sub_00069,2026-07-03,1,0,92,75,28,11,1,0,120,4
sub_00069,2026-07-04,1,2,70,54,40,11,3,1,110,1
sub_00069,2026-07-05,0,0,70,51,28,11,3,1,98,2
sub_00069,2026-07-06,0,0,64,51,25,8,2,2,89,1
sub_00069,2026-07-08,1,0,67,52,32,10,2,1,99,1
sub_00069,2026-07-10,1,1,65,56,39,13,2,2,104,2
sub_00069,2026-07-11,1,0,54,41,43,9,2,1,97,3
sub_00069,2026-07-12,1,0,61,52,32,7,1,0,93,1
sub_00069,2026-07-14,2,0,73,60,50,17,1,0,123,2
sub_00069,2026-07-16,2,0,67,61,26,12,2,0,93,2
sub_00069,2026-07-18,0,0,61,50,39,12,3,0,100,2
sub_00069,2026-07-19,2,0,60,48,32,6,1,1,92,3
sub_00069,2026-07-20,0,0,73,62,31,6,1,0,104,4
sub_00069,2026-07-22,3,1,68,53,41,12,3,1,109,3
sub_00069,2026-07-23,0,0,77,58,38,13,1,0,115,2
sub_00069,2026-07-25,2,0,63,51,35,8,4,3,98,0
sub_00069,2026-08-01,0,1,78,66,39,7,4,3,117,2
sub_00070,2026-04-25,1,2,19,5,28,9,0,0,47,2
sub_00070,2026-04-28,1,1,21,4,39,8,5,3,60,0
sub_00070,2026-04-29,1,1,18,2,34,9,1,1,52,3
sub_00070,2026-05-04,0,1,23,4,41,13,2,2,64,6
sub_00070,2026-05-14,2,0,19,4,33,6,1,1,52,2
sub_00070,2026-05-22,0,0,26,4,38,10,0,0,64,2
sub_00070,2026-05-23,0,0,25,5,33,6,3,2,58,3
sub_00070,2026-05-26,1,0,25,5,30,8,2,1,55,1
sub_00070,2026-05-28,0,1,20,6,31,12,5,5,51,4
sub_00070,2026-05-29,0,0,17,6,33,11,2,1,50,1
sub_00070,2026-05-31,1,0,20,6,31,4,4,4,51,2
sub_00070,2026-06-02,3,2,32,5,32,6,3,2,64,0
sub_00070,2026-06-05,0,0,27,8,32,8,3,2,59,2
sub_00070,2026-06-06,1,2,7,2,40,15,1,1,47,1
sub_00070,2026-06-07,1,1,21,3,37,12,4,3,58,0
sub_00070,2026-06-11,2,0,19,4,32,10,5,3,51,1
sub_00070,2026-06-16,1,1,21,4,39,8,1,1,60,0
sub_00070,2026-06-18,0,1,19,4,27,11,1,1,46,0
sub_00070,2026-06-19,0,1,12,4,33,12,3,2,45,3
sub_00070,2026-06-24,1,0,24,5,31,7,4,4,55,0
sub_00071,2026-04-27,0,0,21,4,32,6,0,0,53,3
sub_00071,2026-05-01,0,0,18,7,32,6,2,0,50,0
sub_00071,2026-05-04,3,1,36,14,41,9,2,1,77,5
sub_00071,2026-05-05,1,0,18,6,34,7,3,3,52,6
sub_00071,2026-05-07,2,0,13,4,28,4,1,0,41,2
sub_00071,2026-05-12,1,2,20,8,42,10,7,4,62,7
sub_00071,2026-05-14,0,0,19,2,35,9,4,3,54,3
sub_00071,2026-05-15,0,0,17,6,33,7,2,0,50,3
sub_00071,2026-05-18,0,4,21,11,35,7,3,2,56,1
sub_00071,2026-05-20,0,0,29,12,34,4,2,2,63,7
sub_00071,2026-05-27,0,1,20,5,31,6,3,1,51,5
sub_00071,2026-05-28,1,0,25,11,28,8,3,1,53,1
sub_00071,2026-06-01,1,2,31,8,20,5,2,2,51,0
sub_00071,2026-06-03,2,0,16,5,30,10,2,2,46,2
sub_00071,2026-06-06,3,0,18,6,45,11,1,1,63,2
sub_00071,2026-06-09,0,0,20,3,28,8,1,0,48,2
sub_00071,2026-06-10,0,2,27,6,48,10,1,1,75,8
sub_00071,2026-06-15,1,1,16,5,40,6,2,0,56,5
sub_00071,2026-06-16,0,1,17,4,41,12,3,3,58,3
sub_00071,2026-06-18,0,1,30,9,44,10,1,0,74,3
sub_00071,2026-06-19,0,1,19,7,47,14,1,0,66,4
sub_00071,2026-06-22,1,3,17,6,39,9,3,3,56,6
sub_00072,2026-05-14,0,0,11,3,31,10,0,0,42,2
sub_00072,2026-05-15,1,0,10,3,32,8,1,1,42,2
sub_00072,2026-05-19,1,0,10,3,32,10,3,3,42,2
sub_00072,2026-05-20,1,1,15,2,26,9,2,1,41,1
sub_00072,2026-05-23,0,0,20,1,33,15,4,2,53,0
sub_00072,2026-05-24,0,1,25,5,43,18,0,0,68,3
sub_00072,2026-05-26,2,0,12,4,41,14,2,1,53,2
sub_00072,2026-05-28,1,2,10,2,34,11,3,2,44,2
sub_00072,2026-06-03,1,1,8,2,29,5,0,0,37,1
sub_00072,2026-06-06,0,0,19,4,35,12,4,3,54,0
sub_00072,2026-06-09,1,1,8,1,34,19,3,3,42,0
sub_00072,2026-06-15,1,2,18,3,41,18,1,1,59,3
sub_00072,2026-06-19,2,0,18,2,35,14,4,2,53,1
sub_00072,2026-07-03,0,0,18,4,42,20,4,1,60,0
sub_00073,2026-07-12,0,3,57,7,42,7,2,1,99,3
sub_00073,2026-07-23,1,1,67,8,36,16,1,1,103,2
sub_00073,2026-07-27,2,0,68,8,37,12,2,0,105,3
sub_00073,2026-08-17,0,0,86,12,28,3,0,0,114,3
sub_00073,2026-08-22,0,0,80,11,21,7,4,4,101,3
sub_00073,2026-09-06,0,0,71,13,30,5,5,1,101,7
sub_00074,2026-04-28,1,0,60,24,32,8,2,2,92,1
sub_00074,2026-05-03,2,0,66,19,41,8,1,1,107,6
sub_00074,2026-05-06,2,1,70,20,25,4,2,1,95,3
sub_00074,2026-05-08,2,0,65,18,33,8,2,1,98,4
sub_00074,2026-05-10,0,1,60,17,33,7,1,0,93,3
sub_00074,2026-05-12,1,0,65,23,30,4,1,0,95,0
sub_00074,2026-05-13,1,1,69,23,28,9,2,2,97,2
sub_00074,2026-05-14,1,0,63,15,36,7,2,2,99,0
sub_00074,2026-05-15,0,0,66,21,27,7,0,0,93,3
sub_00074,2026-05-16,2,0,65,24,29,7,0,0,94,0
sub_00074,2026-05-18,2,0,73,17,42,6,2,1,115,0
sub_00074,2026-05-20,1,2,77,29,32,15,1,1,109,5
sub_00074,2026-05-21,0,0,78,22,27,6,4,3,105,5
sub_00074,2026-05-27,1,0,75,22,35,7,1,1,110,3
sub_00074,2026-06-01,1,2,63,19,33,8,3,3,96,2
sub_00074,2026-06-02,0,1,52,13,38,10,2,1,90,3
sub_00074,2026-06-05,4,1,65,16,31,2,1,1,96,5
sub_00074,2026-06-07,1,0,83,23,41,9,1,1,124,0
sub_00074,2026-06-08,0,1,61,10,39,10,6,6,100,0
sub_00074,2026-06-10,0,1,50,16,39,11,2,1,89,4
sub_00074,2026-06-11,0,0,73,18,24,5,5,3,97,0
sub_00074,2026-06-12,0,1,70,17,38,9,3,3,108,3
sub_00074,2026-06-16,0,2,50,16,29,5,3,1,79,2
sub_00074,2026-06-17,2,0,55,18,41,9,2,1,96,2
sub_00074,2026-06-18,0,1,73,24,37,11,3,2,110,1
sub_00074,2026-06-19,0,0,59,18,35,8,0,0,94,3
sub_00074,2026-06-21,1,0,56,22,39,8,3,3,95,2
sub_00074,2026-06-23,1,0,69,17,51,11,6,4,120,5
sub_00074,2026-06-24,2,1,54,20,44,12,2,0,98,2
sub_00074,2026-06-25,2,3,80,24,26,7,5,4,106,4
sub_00074,2026-06-27,1,0,73,28,34,8,2,1,107,1
sub_00075,2026-07-07,1,0,62,26,36,11,2,2,98,5
sub_00075,2026-07-08,3,1,67,38,43,14,2,1,110,12
sub_00075,2026-07-10,0,0,63,25,32,4,2,1,95,3
sub_00075,2026-07-13,3,1,63,28,38,10,2,2,101,5
sub_00075,2026-07-15,3,0,58,24,31,7,2,2,89,3
sub_00075,2026-07-17,1,1,67,31,47,17,3,2,114,9
sub_00075,2026-07-19,1,1,61,28,38,9,3,2,99,9
sub_00075,2026-07-20,3,0,84,44,34,7,3,3,118,18
sub_00075,2026-07-22,1,1,61,26,34,8,3,2,95,8
sub_00075,2026-07-23,1,0,68,32,40,12,5,1,108,6
sub_00075,2026-07-24,0,1,61,28,31,11,2,0,92,5
sub_00075,2026-07-27,0,2,69,29,34,9,2,2,103,12
sub_00075,2026-07-28,2,0,62,31,33,8,5,1,95,7
sub_00075,2026-07-29,2,0,82,41,32,10,2,0,114,6
sub_00075,2026-07-30,2,0,85,38,32,11,2,1,117,6
sub_00075,2026-08-03,0,0,65,31,39,19,1,0,104,6
sub_00075,2026-08-04,1,0,59,34,37,12,0,0,96,8
sub_00075,2026-08-06,1,0,67,40,42,12,1,1,109,8
sub_00075,2026-08-07,0,1,66,25,39,8,0,0,105,8
sub_00075,2026-08-08,2,0,63,32,40,18,6,5,103,7
sub_00075,2026-08-11,1,0,66,40,30,10,3,2,96,2
sub_00075,2026-08-12,1,0,51,26,26,5,5,4,77,6
sub_00075,2026-08-13,0,0,70,33,38,11,3,2,108,9
sub_00075,2026-08-14,0,1,59,25,48,15,3,1,107,5
sub_00075,2026-08-15,2,1,75,36,27,6,5,5,102,8
sub_00075,2026-08-18,2,0,51,25,34,12,2,2,85,8
sub_00075,2026-08-19,1,1,67,30,40,13,1,1,107,8
sub_00075,2026-08-20,0,0,60,22,45,11,2,0,105,8
sub_00075,2026-08-21,4,0,63,26,38,18,1,0,101,8
sub_00075,2026-08-22,4,1,75,38,25,11,0,0,100,5
sub_00075,2026-08-23,0,0,61,30,35,9,3,3,96,4
sub_00075,2026-08-25,2,1,59,23,32,7,2,2,91,10
sub_00075,2026-08-27,1,1,77,30,27,11,2,0,104,5
sub_00075,2026-08-28,0,1,59,25,31,9,2,0,90,7
sub_00075,2026-08-31,1,0,62,33,37,16,1,0,99,8
sub_00075,2026-09-01,2,0,63,21,39,9,0,0,102,2
sub_00075,2026-09-02,0,1,58,30,30,10,2,1,88,10
sub_00075,2026-09-03,0,0,66,28,34,11,3,2,100,10
sub_00075,2026-09-04,2,0,67,35,31,8,4,1,98,4
sub_00075,2026-09-05,0,1,71,33,33,11,6,2,104,7
sub_00076,2026-06-15,0,0,14,3,34,5,2,2,48,0
sub_00076,2026-06-19,3,0,14,8,40,9,1,1,54,3
sub_00076,2026-06-23,0,0,10,0,30,7,2,1,40,1
sub_00076,2026-06-26,0,0,15,3,27,5,1,1,42,1
sub_00076,2026-06-29,0,1,15,6,26,3,3,2,41,3
sub_00076,2026-06-30,1,0,16,6,31,8,3,3,47,1
sub_00076,2026-07-02,4,0,23,7,26,6,3,2,49,2
sub_00076,2026-07-08,2,0,14,4,34,7,4,3,48,0
sub_00076,2026-07-13,0,1,17,4,29,5,5,5,46,0
sub_00076,2026-07-14,0,1,17,9,36,11,4,3,53,1
sub_00076,2026-07-15,0,1,14,6,44,7,4,3,58,3
sub_00076,2026-07-16,1,0,17,4,26,8,0,0,43,0
sub_00076,2026-07-20,0,1,14,4,30,4,1,1,44,1
sub_00076,2026-07-21,2,0,15,6,34,4,2,2,49,2
sub_00076,2026-07-22,2,0,16,7,33,8,2,1,49,0
sub_00076,2026-07-26,1,1,20,4,47,10,2,2,67,2
sub_00076,2026-07-28,2,1,25,12,39,10,1,1,64,0
sub_00076,2026-07-29,1,0,18,7,35,10,5,3,53,0
sub_00076,2026-07-30,1,1,19,6,43,9,2,1,62,1
sub_00076,2026-07-31,0,1,19,6,34,6,1,1,53,2
sub_00076,2026-08-05,2,1,16,5,27,9,6,4,43,0
sub_00076,2026-08-06,1,1,11,5,32,5,5,4,43,0
sub_00076,2026-08-07,1,0,11,4,34,10,1,1,45,1
sub_00076,2026-08-10,0,1,13,5,37,9,3,2,50,1
sub_00076,2026-08-11,1,1,23,10,30,6,3,1,53,1
sub_00076,2026-08-12,1,0,19,7,43,9,3,2,62,1
sub_00076,2026-08-16,1,0,23,4,37,8,5,3,60,3
sub_00077,2026-07-07,1,0,41,9,38,15,1,0,79,9
sub_00077,2026-07-12,3,0,54,10,34,19,2,2,88,3
sub_00077,2026-07-16,3,0,51,6,43,15,3,2,94,9
sub_00077,2026-07-17,3,1,46,11,14,8,4,3,60,5
sub_00077,2026-07-20,0,0,34,7,43,10,2,2,77,9
sub_00077,2026-07-21,1,1,39,5,50,11,1,1,89,11
sub_00077,2026-07-22,1,1,48,11,40,12,1,1,88,15
sub_00077,2026-07-24,2,2,43,7,42,22,1,1,85,9
sub_00077,2026-07-30,1,0,48,15,27,10,6,6,75,6
sub_00077,2026-08-04,0,0,40,10,37,16,3,3,77,4
sub_00077,2026-08-05,1,0,53,4,28,10,1,1,81,7
sub_00077,2026-08-06,0,0,30,9,38,17,1,1,68,5
sub_00077,2026-08-07,1,1,49,7,23,11,2,2,72,5
sub_00077,2026-08-11,5,0,39,3,31,13,3,1,70,9
sub_00077,2026-08-12,2,1,49,10,33,13,4,4,82,13
sub_00077,2026-08-13,2,0,58,10,43,16,2,0,101,13
sub_00077,2026-08-14,1,0,49,13,24,13,2,2,73,7
sub_00077,2026-08-17,3,0,43,14,40,15,3,3,83,7
sub_00077,2026-08-21,0,0,41,11,34,12,1,1,75,5
sub_00077,2026-08-22,0,0,50,10,31,15,0,0,81,11
sub_00077,2026-08-25,2,0,58,11,32,11,1,1,90,11
sub_00077,2026-08-27,3,3,41,8,29,11,2,2,70,4
sub_00077,2026-08-31,0,1,47,7,30,12,4,4,77,3
sub_00077,2026-09-01,0,0,38,12,37,13,3,2,75,8
sub_00077,2026-09-03,0,0,38,7,41,15,2,2,79,5
sub_00077,2026-09-07,0,0,36,6,35,11,3,3,71,7
sub_00078,2026-07-01,2,0,30,5,42,15,2,1,72,2
sub_00078,2026-07-06,1,0,31,5,47,14,6,3,78,1
sub_00078,2026-07-13,0,0,21,6,36,12,2,0,57,3
sub_00078,2026-07-15,0,0,19,6,37,9,2,1,56,3
sub_00078,2026-07-17,0,0,20,2,33,16,3,2,53,0
sub_00078,2026-07-21,1,0,30,7,38,7,0,0,68,3
sub_00078,2026-07-23,0,0,28,7,46,11,3,0,74,2
sub_00078,2026-07-27,0,0,27,5,43,15,8,1,70,1
sub_00078,2026-08-06,0,0,29,7,42,11,1,0,71,1
sub_00078,2026-08-19,0,0,16,2,31,11,1,0,47,3
sub_00078,2026-08-20,3,0,26,1,37,10,5,3,63,1
sub_00078,2026-08-28,0,0,18,4,29,5,3,2,47,1
sub_00079,2026-05-13,0,3,22,3,31,9,1,1,53,2
sub_00079,2026-05-15,1,0,11,4,33,13,2,1,44,2
sub_00079,2026-05-16,2,1,22,5,32,10,3,1,54,2
sub_00079,2026-05-19,3,0,16,3,33,12,2,1,49,1
sub_00079,2026-05-20,0,2,16,5,31,7,2,1,47,3
sub_00079,2026-05-21,1,1,16,3,31,9,4,2,47,4
sub_00079,2026-05-23,0,0,16,1,36,14,1,1,52,3
sub_00079,2026-05-26,1,0,17,5,51,21,4,2,68,6
sub_00079,2026-05-29,0,1,9,1,35,9,2,1,44,1
sub_00079,2026-05-30,0,0,16,5,29,7,1,1,45,2
sub_00079,2026-06-01,0,0,14,5,42,7,2,2,56,4
sub_00079,2026-06-05,1,0,18,3,38,8,1,1,56,3
sub_00079,2026-06-07,0,1,16,4,39,15,1,1,55,7
sub_00079,2026-06-09,1,2,19,1,34,10,1,1,53,3
sub_00079,2026-06-12,0,1,14,4,38,10,2,1,52,6
sub_00079,2026-06-17,0,0,9,2,38,13,2,1,47,1
sub_00079,2026-06-19,0,2,21,3,37,13,2,1,58,0
sub_00079,2026-06-24,0,1,16,5,30,8,1,1,46,2
sub_00079,2026-06-25,1,1,19,3,35,14,3,1,54,4
sub_00079,2026-06-27,0,0,12,4,38,11,4,3,50,0
sub_00079,2026-06-30,1,0,14,2,29,7,2,1,43,1
sub_00079,2026-07-05,0,0,12,5,46,18,4,3,58,7
sub_00079,2026-07-06,1,1,18,4,36,8,0,0,54,3
sub_00079,2026-07-10,0,0,13,3,38,19,4,1,51,2
sub_00079,2026-07-14,0,1,10,1,50,16,5,3,60,1
sub_00080,2026-06-29,2,0,3,2,46,12,3,3,49,3
sub_00080,2026-06-30,1,0,5,2,33,4,2,1,38,4
sub_00080,2026-07-06,0,0,9,4,36,6,2,2,45,3
sub_00080,2026-07-09,2,0,4,2,39,10,3,1,43,0
sub_00080,2026-07-12,3,2,1,1,36,9,3,0,37,2
sub_00080,2026-07-18,4,0,1,0,38,9,1,1,39,1
sub_00080,2026-07-19,1,1,6,3,32,4,3,0,38,4
sub_00080,2026-07-22,3,0,6,3,36,6,1,1,42,5
sub_00080,2026-07-24,2,3,6,3,27,4,3,1,33,2
sub_00080,2026-07-25,1,0,5,3,29,4,2,1,34,1
sub_00080,2026-08-01,0,1,5,1,42,7,0,0,47,0
sub_00080,2026-08-03,0,1,6,2,40,8,2,1,46,3
sub_00080,2026-08-09,1,1,8,1,31,5,2,1,39,2
sub_00080,2026-08-10,0,0,7,3,31,4,4,2,38,0
sub_00080,2026-08-15,0,2,5,1,31,7,5,3,36,2
sub_00080,2026-08-22,1,1,4,2,50,14,2,1,54,1
sub_00080,2026-08-23,1,0,4,0,37,5,3,2,41,3
sub_00080,2026-08-28,1,0,5,2,31,7,5,2,36,2
sub_00080,2026-08-29,3,1,3,0,32,8,1,1,35,0
sub_00081,2026-05-01,1,2,17,3,41,8,4,1,58,3
sub_00081,2026-05-02,0,2,18,4,33,9,2,0,51,1
sub_00081,2026-05-04,0,2,22,6,48,15,2,1,70,3
sub_00081,2026-05-07,1,0,19,5,24,7,2,1,43,4
sub_00081,2026-05-08,1,0,24,7,42,5,1,1,66,5
sub_00081,2026-05-10,0,0,20,3,35,9,4,3,55,2
sub_00081,2026-05-16,1,0,20,5,35,10,3,2,55,3
sub_00081,2026-05-17,0,1,29,6,32,8,5,2,61,2
sub_00081,2026-05-18,1,1,24,4,32,3,3,2,56,3
sub_00081,2026-05-19,1,2,21,7,45,7,3,1,66,2
sub_00081,2026-05-22,1,1,21,9,38,11,2,0,59,2
sub_00081,2026-05-23,2,3,29,5,36,8,1,1,65,1
sub_00081,2026-05-24,0,0,20,3,31,11,3,2,51,4
sub_00081,2026-05-25,0,0,20,6,36,8,3,0,56,4
sub_00081,2026-05-28,1,0,22,10,36,10,5,3,58,1
sub_00081,2026-05-29,1,0,20,4,30,3,6,4,50,2
sub_00081,2026-05-31,1,0,20,6,33,9,7,2,53,1
sub_00081,2026-06-01,2,1,23,3,33,10,2,0,56,1
sub_00081,2026-06-07,2,0,22,4,29,5,4,3,51,0
sub_00081,2026-06-13,1,1,14,2,32,6,2,0,46,3
sub_00081,2026-06-14,2,0,26,7,24,8,2,0,50,1
sub_00081,2026-06-15,1,1,19,5,28,8,7,3,47,2
sub_00081,2026-06-19,0,0,25,7,29,7,0,0,54,4
sub_00081,2026-06-20,0,1,14,2,39,8,2,1,53,0
sub_00081,2026-06-21,1,0,20,2,37,11,2,1,57,2
sub_00081,2026-06-24,1,1,16,4,28,7,1,1,44,4
sub_00081,2026-06-26,0,0,20,5,41,8,1,1,61,4
sub_00081,2026-06-27,0,0,21,5,36,8,3,2,57,1
sub_00082,2026-05-13,1,0,20,7,32,6,3,1,52,1
sub_00082,2026-05-22,0,1,18,5,36,12,1,1,54,2
sub_00082,2026-05-25,2,2,19,8,28,10,1,1,47,0
sub_00082,2026-05-26,1,1,18,7,39,10,2,1,57,2
sub_00082,2026-05-28,1,1,22,6,37,9,2,2,59,1
sub_00082,2026-06-02,0,1,26,11,32,7,1,1,58,3
sub_00082,2026-06-12,1,0,17,5,41,8,6,4,58,1
sub_00082,2026-06-19,1,0,27,8,27,11,2,2,54,1
sub_00082,2026-06-26,0,0,21,8,35,11,2,1,56,3
sub_00082,2026-07-01,1,1,26,12,39,10,2,2,65,0
sub_00082,2026-07-03,0,0,19,3,36,6,2,2,55,2
sub_00082,2026-07-06,0,0,21,5,37,7,2,1,58,4
sub_00083,2026-05-02,0,1,29,9,32,5,2,2,61,3
sub_00083,2026-05-03,1,1,26,6,45,4,3,2,71,1
sub_00083,2026-05-09,1,0,24,8,37,4,4,1,61,4
sub_00083,2026-05-10,0,0,33,7,33,8,2,1,66,1
sub_00083,2026-05-13,1,2,24,11,28,4,5,3,52,1
sub_00083,2026-05-15,0,0,28,5,30,6,2,0,58,1
sub_00083,2026-05-16,0,0,20,8,36,2,3,0,56,3
sub_00083,2026-05-17,0,1,18,6,34,4,2,1,52,1
sub_00083,2026-05-18,2,1,24,10,37,8,0,0,61,1
sub_00083,2026-05-19,1,0,26,4,40,7,3,1,66,2
sub_00083,2026-05-20,0,0,28,6,35,6,3,1,63,1
sub_00083,2026-05-23,2,0,24,4,26,4,1,0,50,3
sub_00083,2026-05-24,0,1,30,10,31,3,4,2,61,2
sub_00083,2026-05-28,0,1,33,7,34,5,1,1,67,3
sub_00083,2026-05-30,2,0,25,6,32,1,2,1,57,1
sub_00083,2026-05-31,0,0,27,5,34,2,1,1,61,4
sub_00083,2026-06-01,0,0,29,9,42,5,2,0,71,2
sub_00083,2026-06-03,1,1,16,5,39,0,0,0,55,1
sub_00083,2026-06-05,0,0,28,4,31,2,3,2,59,1
sub_00083,2026-06-06,0,0,22,7,35,2,1,0,57,5
sub_00083,2026-06-07,0,0,22,4,34,3,3,2,56,2
sub_00083,2026-06-09,2,0,33,13,32,6,1,1,65,0
sub_00083,2026-06-10,2,2,31,11,27,6,4,2,58,1
sub_00083,2026-06-13,0,0,23,4,41,3,3,2,64,2
sub_00083,2026-06-14,1,0,21,4,37,3,5,3,58,1
sub_00083,2026-06-15,0,1,30,8,39,7,1,1,69,3
sub_00083,2026-06-18,1,1,25,8,35,2,3,0,60,1
sub_00083,2026-06-25,0,1,32,12,34,5,2,1,66,2
sub_00084,2026-04-25,0,1,34,22,37,7,1,0,71,3
sub_00084,2026-04-27,2,0,50,31,31,9,4,2,81,2
sub_00084,2026-04-28,0,0,45,31,23,5,4,3,68,0
sub_00084,2026-04-29,1,0,38,25,30,10,4,0,68,1
sub_00084,2026-04-30,1,0,46,20,45,12,3,0,91,5
sub_00084,2026-05-01,1,0,39,19,33,7,2,1,72,3
sub_00084,2026-05-03,0,0,33,21,39,10,5,2,72,3
sub_00084,2026-05-06,0,0,32,22,31,9,1,1,63,3
sub_00084,2026-05-07,0,0,44,27,31,15,3,2,75,0
sub_00084,2026-05-10,1,0,45,28,35,9,4,0,80,1
sub_00084,2026-05-11,2,0,36,20,33,6,1,1,69,0
sub_00084,2026-05-13,1,0,31,18,42,12,1,1,73,0
sub_00084,2026-05-15,2,0,41,24,42,9,4,1,83,4
sub_00084,2026-05-17,2,0,42,27,37,13,0,0,79,0
sub_00084,2026-05-18,1,0,42,25,33,12,1,1,75,2
sub_00084,2026-05-19,1,2,30,17,38,7,0,0,68,1
sub_00084,2026-05-20,0,0,42,25,40,12,1,0,82,4
sub_00084,2026-05-21,0,0,38,22,36,11,7,4,74,3
sub_00084,2026-05-22,1,0,34,17,36,8,3,3,70,3
sub_00084,2026-05-24,1,0,48,32,29,9,4,0,77,2
sub_00084,2026-05-25,0,0,33,23,18,5,2,2,51,3
sub_00084,2026-05-27,1,1,40,30,33,9,3,1,73,4
sub_00084,2026-05-28,1,0,34,20,36,10,3,3,70,2
sub_00084,2026-05-29,1,0,44,29,33,9,2,1,77,2
sub_00084,2026-06-01,0,0,50,31,37,12,5,3,87,2
sub_00084,2026-06-02,0,0,45,32,29,8,0,0,74,3
sub_00084,2026-06-03,1,0,39,20,38,12,0,0,77,4
sub_00084,2026-06-04,1,0,41,25,37,10,0,0,78,1
sub_00084,2026-06-07,1,1,33,24,35,11,1,0,68,1
sub_00084,2026-06-08,5,1,35,22,37,8,3,0,72,1
sub_00084,2026-06-09,2,0,28,19,46,13,2,2,74,5
sub_00084,2026-06-10,0,1,40,21,37,10,3,2,77,2
sub_00084,2026-06-11,2,1,40,21,42,10,3,1,82,5
sub_00084,2026-06-12,0,0,45,25,43,7,6,0,88,3
sub_00084,2026-06-15,0,0,37,24,28,8,1,1,65,1
sub_00084,2026-06-18,0,0,44,22,30,3,3,0,74,2
sub_00084,2026-06-19,2,1,46,30,34,9,1,0,80,1
sub_00084,2026-06-22,2,2,42,25,40,10,5,2,82,2
sub_00084,2026-06-24,4,1,32,20,41,12,4,2,73,2
sub_00084,2026-06-25,0,1,56,35,37,16,3,1,93,3
sub_00085,2026-04-21,2,1,5,1,39,13,1,0,44,1
sub_00085,2026-04-22,2,0,6,2,41,16,2,1,47,2
sub_00085,2026-04-28,0,0,4,3,46,17,3,2,50,4
sub_00085,2026-05-06,4,2,4,2,32,5,3,2,36,0
sub_00085,2026-05-10,0,0,9,6,31,7,3,1,40,4
sub_00085,2026-05-11,0,1,5,3,40,9,0,0,45,2
sub_00085,2026-05-14,0,0,5,1,29,4,1,1,34,2
sub_00085,2026-05-20,1,1,8,2,31,11,3,2,39,0
sub_00085,2026-05-25,1,0,8,4,31,11,2,2,39,0
sub_00085,2026-05-26,1,0,3,1,53,15,1,1,56,3
sub_00085,2026-05-29,0,0,4,1,41,15,3,3,45,4
sub_00085,2026-06-01,0,3,10,4,30,9,3,2,40,2
sub_00085,2026-06-02,2,0,8,5,47,12,2,1,55,1
sub_00085,2026-06-03,0,0,10,5,35,7,3,1,45,3
sub_00085,2026-06-04,1,1,8,2,32,13,2,2,40,3
sub_00085,2026-06-06,1,2,7,5,32,10,3,2,39,2
sub_00085,2026-06-15,0,0,6,5,34,8,0,0,40,0
sub_00085,2026-06-17,0,1,7,4,35,6,4,2,42,1
sub_00086,2026-04-30,1,0,53,10,40,12,0,0,93,4
sub_00086,2026-05-01,0,1,45,13,35,11,4,3,80,0
sub_00086,2026-05-04,1,0,52,13,42,11,0,0,94,1
sub_00086,2026-05-06,0,1,39,5,32,19,4,0,71,2
sub_00086,2026-05-15,0,0,53,14,38,9,1,0,91,2
sub_00086,2026-05-18,0,1,47,18,55,19,5,1,102,1
sub_00086,2026-05-19,1,0,45,10,32,9,1,0,77,2
sub_00086,2026-05-20,0,2,51,8,34,10,1,0,85,4
sub_00086,2026-05-21,2,1,43,8,24,9,2,1,67,3
sub_00086,2026-05-22,1,1,49,12,34,11,3,2,83,0
sub_00086,2026-05-23,1,1,35,11,31,6,2,1,66,3
sub_00086,2026-05-25,0,0,49,9,39,13,2,2,88,2
sub_00086,2026-05-26,0,0,48,9,36,9,2,1,84,1
sub_00086,2026-05-28,0,1,41,14,37,5,7,4,78,0
sub_00086,2026-05-29,0,0,42,14,29,8,1,0,71,4
sub_00086,2026-06-02,0,0,46,15,24,6,0,0,70,0
sub_00086,2026-06-03,0,0,53,10,38,9,4,2,91,1
sub_00086,2026-06-08,1,0,49,17,35,8,0,0,84,2
sub_00086,2026-06-09,1,2,52,11,37,5,1,0,89,3
sub_00086,2026-06-12,2,1,45,11,36,6,2,2,81,1
sub_00086,2026-06-14,0,0,41,10,32,9,0,0,73,2
sub_00086,2026-06-16,0,1,34,14,32,6,4,0,66,2
sub_00086,2026-06-18,0,0,47,10,29,8,2,1,76,3
sub_00086,2026-06-25,0,0,39,14,30,7,4,3,69,2
sub_00086,2026-06-29,1,0,46,16,38,7,0,0,84,0
sub_00086,2026-07-01,0,1,42,14,43,9,1,1,85,3
sub_00087,2026-04-27,2,0,26,7,32,5,6,3,58,1
sub_00087,2026-04-28,1,0,22,6,36,9,1,0,58,1
sub_00087,2026-05-01,2,0,26,6,40,11,1,1,66,0
sub_00087,2026-05-25,1,0,25,8,29,4,3,0,54,1
sub_00087,2026-05-27,0,0,23,6,38,3,3,1,61,0
sub_00087,2026-05-30,2,0,15,5,32,6,3,2,47,1
sub_00087,2026-06-02,0,0,17,7,41,6,0,0,58,0
sub_00087,2026-06-04,1,0,12,6,25,4,2,1,37,1
sub_00087,2026-06-05,1,0,23,7,25,4,3,3,48,0
sub_00087,2026-06-15,1,1,16,5,33,6,2,0,49,1
sub_00087,2026-06-16,1,0,22,7,29,4,0,0,51,1
sub_00087,2026-06-19,4,0,18,8,41,10,2,1,59,1
sub_00087,2026-06-23,3,1,28,5,29,4,2,2,57,3
sub_00087,2026-06-24,0,1,20,5,30,4,2,1,50,1
sub_00088,2026-05-20,0,0,42,26,43,18,1,1,85,3
sub_00088,2026-05-22,1,0,34,16,43,12,3,1,77,1
sub_00088,2026-05-28,0,1,33,19,41,9,2,2,74,3
sub_00088,2026-05-30,2,0,29,11,25,5,4,2,54,3
sub_00088,2026-06-03,0,0,44,17,42,15,3,1,86,1
sub_00088,2026-06-08,1,0,27,12,33,10,4,4,60,4
sub_00088,2026-06-10,0,0,35,19,32,10,1,0,67,0
sub_00088,2026-06-11,0,0,40,17,30,6,2,1,70,3
sub_00088,2026-06-14,1,1,42,24,32,7,2,0,74,2
sub_00088,2026-06-18,0,2,38,22,31,8,2,1,69,0
sub_00088,2026-06-19,1,1,35,19,39,11,2,1,74,2
sub_00088,2026-06-20,1,0,40,20,37,10,3,3,77,0
sub_00088,2026-06-22,0,0,29,20,31,9,3,2,60,3
sub_00088,2026-06-23,1,0,42,23,23,8,2,1,65,2
sub_00088,2026-06-24,0,1,43,17,37,12,2,0,80,2
sub_00088,2026-06-25,4,0,37,25,29,9,1,1,66,1
sub_00088,2026-06-30,2,3,30,20,33,10,4,4,63,4
sub_00088,2026-07-01,2,0,51,22,36,8,1,0,87,3
sub_00088,2026-07-03,4,0,35,16,30,9,3,2,65,2
sub_00088,2026-07-08,0,0,59,44,28,6,4,4,87,1
sub_00088,2026-07-09,1,1,47,26,31,10,2,2,78,2
sub_00088,2026-07-10,0,1,39,23,24,7,3,1,63,1
sub_00088,2026-07-15,1,0,35,22,48,15,2,0,83,3
sub_00088,2026-07-17,0,0,40,27,46,17,2,2,86,1
sub_00089,2026-04-19,2,0,29,8,40,15,3,1,69,1
sub_00089,2026-04-22,1,1,26,9,32,9,4,2,58,0
sub_00089,2026-04-23,3,2,26,7,33,17,3,2,59,1
sub_00089,2026-04-25,2,0,30,8,43,16,3,1,73,2
sub_00089,2026-04-26,0,1,33,9,45,17,0,0,78,3
sub_00089,2026-04-30,1,0,30,6,35,12,1,1,65,3
sub_00089,2026-05-01,1,0,34,12,34,13,5,3,68,0
sub_00089,2026-05-02,1,2,28,11,30,12,1,1,58,0
sub_00089,2026-05-04,0,1,26,13,36,17,1,1,62,1
sub_00089,2026-05-05,0,0,36,9,31,14,5,3,67,3
sub_00089,2026-05-06,2,0,19,4,36,14,0,0,55,3
sub_00089,2026-05-09,1,0,28,10,33,15,4,1,61,0
sub_00089,2026-05-10,0,1,25,7,38,18,1,1,63,1
sub_00089,2026-05-13,1,0,39,13,31,8,5,2,70,3
sub_00089,2026-05-14,0,1,32,12,25,11,2,2,57,1
sub_00089,2026-05-16,2,0,31,9,35,9,1,0,66,1
sub_00089,2026-05-19,0,0,25,7,32,13,4,2,57,0
sub_00089,2026-05-22,2,0,33,10,36,19,1,0,69,0
sub_00089,2026-05-23,2,0,23,7,38,20,3,2,61,0
sub_00089,2026-05-24,0,1,26,2,42,23,2,1,68,2
sub_00089,2026-05-25,1,0,30,7,31,14,2,2,61,2
sub_00089,2026-05-28,0,0,31,11,34,12,3,3,65,1
sub_00089,2026-05-29,2,2,32,5,35,13,5,3,67,2
sub_00089,2026-05-30,1,1,42,12,36,14,1,0,78,0
sub_00089,2026-05-31,3,0,25,8,36,16,2,2,61,0
sub_00089,2026-06-04,2,0,35,11,35,16,5,2,70,0
sub_00089,2026-06-06,0,0,38,8,35,17,3,1,73,0
sub_00089,2026-06-08,0,0,32,13,32,12,2,1,64,5
sub_00089,2026-06-09,1,1,29,6,29,11,2,1,58,0
sub_00090,2026-04-18,0,1,99,33,39,5,2,1,138,1
sub_00090,2026-04-19,0,1,89,23,37,9,0,0,126,5
sub_00090,2026-04-21,0,2,109,26,33,5,3,0,142,3
sub_00090,2026-04-22,2,0,98,36,34,5,2,1,132,2
sub_00090,2026-05-01,1,1,106,43,52,10,0,0,158,2
sub_00090,2026-05-02,3,1,109,39,28,4,2,0,137,2
sub_00090,2026-05-03,0,1,80,24,35,6,5,3,115,1
sub_00090,2026-05-04,2,0,99,33,49,12,2,0,148,4
sub_00090,2026-05-06,0,0,93,27,29,5,2,0,122,3
sub_00090,2026-05-09,1,0,93,29,40,6,2,2,133,2
sub_00090,2026-05-10,2,0,94,25,29,4,1,1,123,4
sub_00090,2026-05-13,1,0,101,33,32,3,5,1,133,0
sub_00090,2026-05-16,1,1,103,30,44,12,2,1,147,3
sub_00090,2026-05-17,0,0,91,28,36,8,3,2,127,1
sub_00090,2026-05-20,1,1,85,27,30,5,1,0,115,0
sub_00090,2026-05-23,0,0,84,30,36,7,0,0,120,3
sub_00090,2026-05-24,0,1,109,30,37,5,3,1,146,2
sub_00090,2026-05-28,2,0,96,33,29,5,0,0,125,1
sub_00090,2026-05-29,2,0,78,20,38,6,1,1,116,3
sub_00090,2026-05-30,1,0,69,27,32,8,3,2,101,4
sub_00090,2026-06-04,0,1,93,36,25,6,3,2,118,3
sub_00090,2026-06-06,1,0,86,25,44,7,6,4,130,1
sub_00090,2026-06-07,0,2,91,31,33,8,1,1,124,2
sub_00090,2026-06-08,0,1,94,36,41,4,4,1,135,3
sub_00090,2026-06-09,0,0,82,31,39,5,4,1,121,2
sub_00090,2026-06-10,1,0,81,20,30,3,2,0,111,2
sub_00090,2026-06-13,0,0,85,22,38,5,3,0,123,3
sub_00090,2026-06-14,0,0,91,28,32,4,6,0,123,6
sub_00090,2026-06-15,2,1,80,25,28,8,2,2,108,4
sub_00090,2026-06-19,1,0,71,20,34,5,1,1,105,1
sub_00091,2026-07-14,2,0,374,82,44,7,7,6,418,26
sub_00091,2026-07-21,3,0,386,90,38,4,1,0,424,22
sub_00091,2026-07-27,1,0,359,84,27,2,1,0,386,25
sub_00091,2026-07-28,0,1,371,76,42,6,2,2,413,24
sub_00091,2026-07-29,0,1,358,83,45,5,5,3,403,24
sub_00091,2026-07-30,1,0,410,101,28,4,5,3,438,22
sub_00091,2026-08-02,0,0,354,77,37,5,1,1,391,24
sub_00091,2026-08-03,0,1,381,93,28,3,0,0,409,23
sub_00091,2026-08-07,0,0,377,84,41,8,5,2,418,24
sub_00091,2026-08-10,0,0,387,81,37,10,4,2,424,23
sub_00091,2026-08-11,2,0,414,98,54,5,1,1,468,18
sub_00091,2026-08-12,1,0,374,89,48,11,3,0,422,22
sub_00091,2026-08-13,0,0,344,80,44,10,4,3,388,14
sub_00091,2026-08-14,2,1,384,85,37,8,1,1,421,18
sub_00091,2026-08-15,1,0,420,104,40,9,4,1,460,25
sub_00091,2026-08-16,2,0,375,77,34,7,2,1,409,21
sub_00091,2026-08-17,3,0,366,81,28,9,4,2,394,14
sub_00091,2026-08-18,3,0,382,94,49,7,4,2,431,18
sub_00091,2026-08-20,2,0,371,80,26,5,1,1,397,21
sub_00091,2026-08-21,0,0,362,81,33,7,5,4,395,30
sub_00091,2026-08-24,0,0,346,83,42,12,5,2,388,21
sub_00091,2026-08-25,0,0,402,91,27,5,4,3,429,27
sub_00091,2026-08-26,0,0,370,92,27,10,1,0,397,21
sub_00091,2026-08-27,1,1,371,89,35,8,5,5,406,18
sub_00091,2026-08-28,0,0,381,76,36,8,4,1,417,14
sub_00091,2026-09-01,1,0,384,81,38,10,2,0,422,21
sub_00091,2026-09-02,1,0,368,88,32,8,2,2,400,28
sub_00091,2026-09-03,3,0,401,90,19,4,4,2,420,21
sub_00091,2026-09-07,5,1,340,86,31,8,1,0,371,19
sub_00091,2026-09-08,2,0,365,79,34,3,2,1,399,24
sub_00091,2026-09-10,4,1,340,75,30,9,2,0,370,23
sub_00091,2026-09-14,2,0,359,80,40,10,4,3,399,23
sub_00092,2026-04-21,1,1,65,24,54,14,2,0,119,9
sub_00092,2026-04-23,1,1,69,12,27,3,5,4,96,13
sub_00092,2026-04-24,1,0,70,24,32,6,0,0,102,8
sub_00092,2026-04-27,0,2,64,15,31,6,1,1,95,7
sub_00092,2026-04-30,1,0,64,19,37,7,2,1,101,12
sub_00092,2026-05-03,0,1,63,22,40,10,2,2,103,14
sub_00092,2026-05-04,0,0,59,15,41,13,1,1,100,14
sub_00092,2026-05-05,0,0,61,20,50,13,1,1,111,10
sub_00092,2026-05-06,3,1,64,16,37,8,3,1,101,12
sub_00092,2026-05-07,2,1,72,26,33,12,0,0,105,7
sub_00092,2026-05-08,0,0,60,17,31,10,3,2,91,12
sub_00092,2026-05-11,1,1,66,16,29,8,3,2,95,11
sub_00092,2026-05-12,2,0,53,10,45,10,1,0,98,8
sub_00092,2026-05-13,1,3,52,16,35,9,2,1,87,6
sub_00092,2026-05-14,2,1,67,21,33,7,2,1,100,11
sub_00092,2026-05-15,1,0,62,20,35,6,4,4,97,8
sub_00092,2026-05-16,0,0,79,23,39,10,2,1,118,17
sub_00092,2026-05-19,1,0,57,16,33,9,4,4,90,11
sub_00092,2026-05-20,0,0,64,20,28,6,7,5,92,11
sub_00092,2026-05-21,1,0,54,10,39,13,4,2,93,7
sub_00092,2026-05-22,0,0,62,16,31,10,1,1,93,10
sub_00092,2026-05-23,0,2,59,15,39,10,1,1,98,11
sub_00092,2026-05-25,2,3,58,20,41,6,1,1,99,8
sub_00092,2026-05-26,1,0,50,14,41,4,3,2,91,5
sub_00092,2026-05-27,0,1,72,15,38,10,2,2,110,12
sub_00092,2026-05-28,1,1,49,18,34,10,5,3,83,6
sub_00092,2026-05-29,0,1,72,20,25,6,7,4,97,6
sub_00092,2026-06-02,2,0,64,14,34,4,3,0,98,4
sub_00092,2026-06-03,3,0,55,15,28,4,3,3,83,6
sub_00092,2026-06-04,0,0,51,20,35,6,2,1,86,8
sub_00092,2026-06-05,2,0,61,21,38,10,2,1,99,4
sub_00092,2026-06-08,2,0,64,20,36,8,2,2,100,9
sub_00092,2026-06-09,1,2,64,21,41,6,2,2,105,13
sub_00092,2026-06-10,0,1,71,21,45,11,2,2,116,11
sub_00092,2026-06-11,1,2,64,22,31,10,3,3,95,9
sub_00092,2026-06-12,0,0,59,21,32,7,6,6,91,6
sub_00092,2026-06-13,1,2,71,19,42,7,1,1,113,10
sub_00092,2026-06-14,1,0,63,18,52,13,4,3,115,11
sub_00092,2026-06-15,1,2,67,17,37,13,4,4,104,13
sub_00092,2026-06-16,0,0,50,16,34,5,3,2,84,11
sub_00092,2026-06-17,0,0,74,18,38,6,3,3,112,10
sub_00092,2026-06-18,0,0,52,15,30,8,1,1,82,5
sub_00092,2026-06-19,1,1,63,25,34,7,2,1,97,10
sub_00092,2026-06-22,0,0,53,15,38,12,6,5,91,13
sub_00093,2026-04-19,4,0,15,1,33,14,2,1,48,3
sub_00093,2026-04-21,2,1,30,1,40,11,3,3,70,6
sub_00093,2026-04-23,1,0,27,8,42,19,2,2,69,1
sub_00093,2026-05-02,0,0,20,4,39,15,4,2,59,3
sub_00093,2026-05-03,1,0,22,4,43,16,2,2,65,0
sub_00093,2026-05-05,0,1,32,4,41,13,2,2,73,0
sub_00093,2026-05-07,4,1,34,5,27,11,4,2,61,2
sub_00093,2026-05-09,1,0,15,3,40,19,3,2,55,0
sub_00093,2026-05-10,0,0,29,6,30,6,1,0,59,1
sub_00093,2026-05-12,2,1,23,4,33,11,2,0,56,0
sub_00093,2026-05-16,2,0,25,3,36,18,4,4,61,0
sub_00093,2026-05-20,0,0,19,3,35,13,0,0,54,0
sub_00093,2026-05-23,0,0,24,5,37,9,3,3,61,1
sub_00093,2026-05-24,1,0,18,1,35,10,2,1,53,1
sub_00093,2026-05-25,1,1,24,4,32,14,6,5,56,1
sub_00093,2026-05-26,1,0,23,3,31,14,2,1,54,2
sub_00093,2026-05-31,0,1,14,4,34,10,1,1,48,0
sub_00093,2026-06-05,0,0,19,3,36,12,2,1,55,2
sub_00093,2026-06-11,1,0,25,5,28,11,2,0,53,0
sub_00093,2026-06-13,0,0,21,3,21,9,2,2,42,2
sub_00093,2026-06-15,1,0,22,5,46,15,1,1,68,4
sub_00094,2026-04-17,2,1,11,3,27,4,6,5,38,2
sub_00094,2026-05-06,0,0,12,0,36,7,4,1,48,1
sub_00094,2026-05-15,0,0,14,0,37,2,6,1,51,2
sub_00094,2026-05-20,2,0,16,3,38,4,0,0,54,0
sub_00094,2026-05-22,0,1,17,3,37,9,1,0,54,3
sub_00094,2026-06-03,0,1,15,2,29,7,4,1,44,0
sub_00095,2026-04-26,2,1,14,1,37,9,4,4,51,1
sub_00095,2026-05-04,0,0,15,2,48,16,1,1,63,1
sub_00095,2026-05-06,2,1,13,2,30,9,1,1,43,2
sub_00095,2026-05-11,2,1,17,2,33,14,1,0,50,2
sub_00095,2026-05-13,0,1,11,1,31,13,3,3,42,0
sub_00095,2026-05-14,0,1,12,4,38,11,5,2,50,0
sub_00095,2026-05-19,0,1,9,1,39,10,3,2,48,2
sub_00095,2026-05-20,0,1,15,1,31,6,6,4,46,4
sub_00095,2026-05-23,4,1,11,3,35,9,1,0,46,0
sub_00095,2026-06-01,3,0,10,2,36,9,1,1,46,2
sub_00095,2026-06-02,2,0,14,2,41,12,0,0,55,1
sub_00095,2026-06-04,1,0,8,2,38,6,2,2,46,0
sub_00095,2026-06-10,1,3,15,1,35,12,1,1,50,0
sub_00095,2026-06-16,0,1,12,1,31,13,1,1,43,2
sub_00095,2026-06-20,1,2,15,1,36,7,3,3,51,0
sub_00095,2026-06-26,0,0,19,4,27,8,1,0,46,2
sub_00096,2026-06-01,2,3,140,76,40,13,4,1,180,6
sub_00096,2026-06-03,1,0,135,73,34,9,4,2,169,8
sub_00096,2026-06-04,0,0,125,71,28,11,2,1,153,5
sub_00096,2026-06-06,1,0,143,75,24,6,3,2,167,8
sub_00096,2026-06-09,1,1,143,89,37,8,2,2,180,5
sub_00096,2026-06-10,1,0,127,70,29,7,1,1,156,6
sub_00096,2026-06-12,2,1,132,78,33,9,2,1,165,7
sub_00096,2026-06-14,0,0,146,75,30,6,2,2,176,8
sub_00096,2026-06-15,2,1,120,65,26,9,0,0,146,7
sub_00096,2026-06-16,2,0,134,68,36,10,3,2,170,4
sub_00096,2026-06-17,1,1,123,71,37,9,4,2,160,3
sub_00096,2026-06-19,2,0,123,64,35,9,4,2,158,5
sub_00096,2026-06-23,0,1,134,73,33,8,1,1,167,3
sub_00096,2026-06-24,2,0,156,94,33,8,2,0,189,6
sub_00096,2026-06-25,1,0,137,70,43,11,3,1,180,4
sub_00096,2026-06-28,1,1,134,70,32,7,2,1,166,7
sub_00096,2026-06-29,1,0,161,76,30,10,1,1,191,5
sub_00096,2026-06-30,1,0,133,78,32,12,4,2,165,6
sub_00096,2026-07-01,1,0,131,63,29,8,1,0,160,9
sub_00096,2026-07-03,4,0,126,73,26,8,3,2,152,8
sub_00096,2026-07-06,0,1,140,67,42,15,5,2,182,8
sub_00096,2026-07-07,0,1,158,94,43,9,1,1,201,4
sub_00096,2026-07-08,1,0,121,75,32,6,3,2,153,7
sub_00096,2026-07-09,0,0,132,72,32,5,1,0,164,5
sub_00096,2026-07-10,0,0,128,75,35,9,2,2,163,7
sub_00096,2026-07-12,0,0,154,78,39,9,2,1,193,12
sub_00096,2026-07-13,1,1,141,66,33,9,3,1,174,8
sub_00096,2026-07-14,0,1,147,88,35,9,2,2,182,12
sub_00096,2026-07-15,4,0,138,76,30,6,4,0,168,5
sub_00096,2026-07-16,1,0,113,63,24,5,2,0,137,4
sub_00096,2026-07-17,2,0,125,73,37,5,3,1,162,4
sub_00096,2026-07-20,0,0,135,73,34,7,6,3,169,10
sub_00096,2026-07-21,1,0,132,73,34,5,5,4,166,7
sub_00096,2026-07-22,1,0,149,81,40,5,2,0,189,23
sub_00096,2026-07-23,0,0,151,84,43,7,3,1,194,8
sub_00096,2026-07-25,0,3,129,68,40,12,4,3,169,11
sub_00096,2026-07-26,1,0,142,87,25,5,3,1,167,10
sub_00096,2026-07-27,0,0,159,88,38,11,4,2,197,10
sub_00096,2026-07-28,2,1,138,81,31,10,4,2,169,11
sub_00096,2026-07-29,0,0,133,67,30,8,2,2,163,5
sub_00096,2026-07-30,5,0,123,70,44,8,2,2,167,10
sub_00096,2026-07-31,0,0,125,62,31,9,2,0,156,8
sub_00097,2026-06-30,0,0,10,1,35,3,6,4,45,3
sub_00097,2026-07-08,1,1,8,1,33,8,2,1,41,3
sub_00097,2026-07-14,1,0,6,1,38,8,0,0,44,4
sub_00097,2026-07-17,3,0,8,0,41,7,3,1,49,5
sub_00097,2026-07-20,0,0,5,0,36,5,2,2,41,1
sub_00097,2026-07-24,0,0,6,3,39,8,1,1,45,0
sub_00097,2026-07-30,1,1,7,1,30,5,3,2,37,1
sub_00097,2026-07-31,2,0,8,2,33,3,4,1,41,3
sub_00097,2026-08-03,0,0,5,0,29,6,3,3,34,0
sub_00097,2026-08-04,0,0,2,0,37,5,2,2,39,3
sub_00097,2026-08-07,1,0,8,5,26,7,4,1,34,1
sub_00097,2026-08-09,1,0,9,2,31,7,2,1,40,4
sub_00097,2026-08-10,1,1,6,1,39,5,2,1,45,4
sub_00097,2026-08-11,0,1,9,1,35,4,2,1,44,2
sub_00098,2026-06-22,1,0,11,2,36,9,1,0,47,1
sub_00098,2026-06-23,2,0,18,5,41,13,3,0,59,3
sub_00098,2026-06-24,2,0,15,0,29,5,1,0,44,0
sub_00098,2026-06-25,1,1,11,0,35,8,4,2,46,1
sub_00098,2026-07-01,2,0,22,5,30,9,2,1,52,4
sub_00098,2026-07-05,2,1,12,0,39,6,1,0,51,2
sub_00098,2026-07-07,0,0,14,1,25,3,2,0,39,3
sub_00098,2026-07-09,0,1,15,0,43,14,5,2,58,1
sub_00098,2026-07-10,2,0,8,1,31,8,2,2,39,1
sub_00098,2026-07-12,1,0,9,1,32,9,3,1,41,3
sub_00098,2026-07-15,1,1,16,1,33,7,4,2,49,2
sub_00098,2026-07-16,1,0,13,0,35,10,4,3,48,3
sub_00098,2026-07-17,3,1,15,2,47,13,0,0,62,3
sub_00098,2026-07-20,1,0,9,1,22,6,2,2,31,0
sub_00098,2026-07-21,2,0,19,4,41,17,3,2,60,1
sub_00098,2026-07-22,0,0,14,3,37,6,2,1,51,2
sub_00098,2026-07-24,5,0,19,1,36,9,1,1,55,3
sub_00098,2026-07-25,3,0,18,2,35,13,4,2,53,3
sub_00098,2026-07-27,1,0,13,3,37,8,3,0,50,1
sub_00098,2026-07-31,4,0,14,2,32,13,4,4,46,2
sub_00098,2026-08-04,1,0,17,4,32,8,2,2,49,2
sub_00098,2026-08-06,0,0,15,5,40,8,0,0,55,1
sub_00098,2026-08-12,0,0,10,1,30,5,2,2,40,1
sub_00098,2026-08-16,1,0,10,0,29,7,3,1,39,4
sub_00098,2026-08-18,2,0,17,1,31,12,3,2,48,1
sub_00098,2026-08-20,0,0,9,0,39,15,3,2,48,0
sub_00098,2026-08-21,1,0,10,2,36,10,3,3,46,1
sub_00099,2026-06-05,1,0,33,5,30,7,1,1,63,1
sub_00099,2026-06-06,0,0,47,17,44,14,0,0,91,3
sub_00099,2026-06-07,0,1,41,11,47,14,3,1,88,5
sub_00099,2026-06-11,1,0,42,15,41,11,4,2,83,3
sub_00099,2026-06-12,0,0,43,11,35,7,4,3,78,4
sub_00099,2026-06-13,2,1,36,7,39,12,2,1,75,3
sub_00099,2026-06-14,1,0,53,10,40,12,1,0,93,2
sub_00099,2026-06-16,0,1,31,9,46,16,2,0,77,2
sub_00099,2026-06-18,1,0,47,2,29,9,4,2,76,2
sub_00099,2026-06-20,0,0,43,14,31,4,0,0,74,2
sub_00099,2026-06-21,0,1,46,6,41,7,2,1,87,1
sub_00099,2026-06-24,1,0,52,14,26,9,3,0,78,3
sub_00099,2026-06-26,1,1,48,11,36,13,4,3,84,0
sub_00099,2026-06-28,1,2,57,15,34,8,0,0,91,1
sub_00099,2026-06-29,0,0,38,11,35,14,6,5,73,2
sub_00099,2026-07-01,1,1,48,8,40,14,0,0,88,7
sub_00099,2026-07-02,2,0,56,19,40,10,2,1,96,2
sub_00099,2026-07-09,3,1,47,12,45,10,7,5,92,4
sub_00099,2026-07-11,1,1,46,10,42,17,6,4,88,2
sub_00099,2026-07-16,0,1,57,21,26,6,1,0,83,1
sub_00099,2026-07-19,1,1,40,12,45,10,5,3,85,0
sub_00099,2026-07-21,1,0,36,6,39,8,0,0,75,3
sub_00099,2026-07-24,1,2,46,7,36,8,4,3,82,2
sub_00099,2026-07-26,0,0,45,15,38,12,2,1,83,2
sub_00099,2026-08-01,1,1,38,10,41,13,3,2,79,3
sub_00099,2026-08-02,1,1,44,11,33,11,0,0,77,0
sub_00099,2026-08-03,1,0,52,9,32,9,1,1,84,1
sub_00099,2026-08-05,0,0,43,11,30,9,0,0,73,0
sub_00099,2026-08-06,0,0,50,10,30,7,1,1,80,4
sub_00100,2026-04-22,0,1,16,3,39,19,2,2,55,2
sub_00100,2026-04-28,1,1,13,3,25,8,2,0,38,2
sub_00100,2026-05-04,1,0,26,3,44,16,1,1,70,3
sub_00100,2026-05-05,3,0,14,4,33,20,4,2,47,1
sub_00100,2026-05-07,1,0,20,6,40,22,2,0,60,1
sub_00100,2026-05-11,1,1,16,5,43,18,5,4,59,2
sub_00100,2026-05-13,1,0,11,0,39,16,2,2,50,4
sub_00100,2026-05-15,0,0,21,3,30,9,2,1,51,4
sub_00100,2026-05-20,0,0,14,5,29,14,2,2,43,1
sub_00100,2026-05-29,2,0,17,5,38,11,4,3,55,1
sub_00100,2026-06-03,1,0,15,0,32,13,1,1,47,1
sub_00100,2026-06-05,1,2,10,3,36,15,1,0,46,1
sub_00100,2026-06-11,0,0,16,4,31,17,4,2,47,4
sub_00100,2026-06-16,1,0,15,3,28,17,1,1,43,0
sub_00101,2026-06-24,0,1,16,4,31,14,5,5,47,1
sub_00101,2026-06-28,0,1,13,2,31,11,3,3,44,0
sub_00101,2026-07-01,0,0,16,3,36,9,1,1,52,4
sub_00101,2026-07-02,1,0,14,4,34,6,3,2,48,2
sub_00101,2026-07-06,2,0,22,3,32,9,1,0,54,1
sub_00101,2026-07-13,0,0,13,3,38,9,2,2,51,2
sub_00101,2026-07-14,1,1,6,0,32,10,2,2,38,0
sub_00101,2026-07-16,2,0,9,4,37,10,1,1,46,0
sub_00101,2026-07-27,2,2,17,3,45,17,2,2,62,6
sub_00101,2026-07-29,2,0,12,4,39,10,1,0,51,3
sub_00101,2026-07-30,1,0,11,2,39,10,0,0,50,3
sub_00101,2026-08-01,1,1,14,4,42,14,0,0,56,2
sub_00101,2026-08-18,1,0,15,4,30,9,3,3,45,2
sub_00101,2026-08-19,3,0,13,2,32,8,6,5,45,3
sub_00102,2026-04-21,1,1,16,5,23,8,2,0,39,0
sub_00102,2026-04-24,1,3,19,4,47,14,1,1,66,3
sub_00102,2026-04-25,1,0,14,1,31,6,5,2,45,2
sub_00102,2026-04-27,3,2,18,4,33,9,1,0,51,1
sub_00102,2026-04-28,1,0,16,6,36,14,2,1,52,1
sub_00102,2026-04-29,1,1,19,4,28,6,3,2,47,3
sub_00102,2026-04-30,1,0,19,6,37,10,2,1,56,4
sub_00102,2026-05-01,0,0,20,7,29,7,4,3,49,0
sub_00102,2026-05-03,2,0,26,7,38,11,6,5,64,1
sub_00102,2026-05-04,1,0,26,5,39,17,2,2,65,3
sub_00102,2026-05-05,1,0,29,9,41,10,0,0,70,4
sub_00102,2026-05-06,0,1,8,1,35,13,3,3,43,1
sub_00102,2026-05-07,2,0,21,1,44,16,2,0,65,5
sub_00102,2026-05-08,0,0,27,5,33,8,2,1,60,4
sub_00102,2026-05-11,2,0,19,4,37,13,4,3,56,0
sub_00102,2026-05-12,2,1,27,9,37,17,3,2,64,1
sub_00102,2026-05-13,0,0,16,4,32,14,3,2,48,0
sub_00102,2026-05-14,2,0,22,10,37,13,2,2,59,4
sub_00102,2026-05-15,1,0,14,5,37,9,1,1,51,2
sub_00102,2026-05-17,2,1,20,11,27,6,2,1,47,4
sub_00102,2026-05-18,2,0,20,7,33,9,2,1,53,3
sub_00102,2026-05-19,0,1,13,1,28,10,0,0,41,2
sub_00102,2026-05-20,2,0,19,4,33,10,3,3,52,0
sub_00102,2026-05-22,0,0,14,3,28,11,4,1,42,0
sub_00102,2026-05-25,0,0,19,7,42,16,3,2,61,4
sub_00102,2026-05-26,2,2,29,10,36,9,1,1,65,2
sub_00102,2026-05-27,0,0,25,6,28,13,2,2,53,6
sub_00102,2026-05-28,1,0,28,10,38,8,2,1,66,2
sub_00102,2026-05-29,0,1,16,4,30,8,0,0,46,2
sub_00102,2026-05-30,1,0,18,6,43,17,3,2,61,2
sub_00102,2026-06-01,1,2,26,7,24,6,2,2,50,0
sub_00102,2026-06-02,0,1,29,7,39,11,2,0,68,2
sub_00102,2026-06-03,2,0,26,8,29,15,4,3,55,4
sub_00102,2026-06-04,1,0,20,10,46,20,1,1,66,2
sub_00102,2026-06-05,1,0,25,8,41,16,1,1,66,2
sub_00102,2026-06-07,1,0,19,5,39,10,1,1,58,3
sub_00102,2026-06-08,0,2,25,8,31,9,4,1,56,3
sub_00102,2026-06-09,0,1,24,7,41,11,4,3,65,4
sub_00102,2026-06-10,2,0,23,3,38,10,4,3,61,2
sub_00102,2026-06-11,1,0,11,4,24,12,2,1,35,1
sub_00102,2026-06-12,1,1,21,5,35,9,0,0,56,2
sub_00102,2026-06-15,2,1,26,8,29,11,6,5,55,5
sub_00102,2026-06-17,0,0,22,4,27,5,1,1,49,4
sub_00103,2026-06-10,1,0,0,0,38,10,6,3,38,1
sub_00103,2026-06-16,0,0,0,0,26,3,3,1,26,0
sub_00103,2026-06-18,0,1,0,0,43,6,3,1,43,2
sub_00103,2026-06-19,0,0,1,1,32,6,4,4,33,0
sub_00103,2026-06-20,0,1,1,0,35,12,3,2,36,0
sub_00103,2026-06-28,2,0,1,0,31,8,0,0,32,0
sub_00103,2026-07-08,0,0,0,0,21,6,4,3,21,1
sub_00103,2026-07-09,1,0,2,0,22,4,3,2,24,0
sub_00103,2026-07-15,1,1,1,1,39,11,4,1,40,0
sub_00103,2026-07-22,0,0,1,1,33,8,2,0,34,4
sub_00103,2026-07-27,2,1,0,0,47,11,5,3,47,1
sub_00103,2026-07-28,1,1,1,0,31,9,5,3,32,0
sub_00103,2026-08-04,1,0,1,0,27,9,4,4,28,0
sub_00103,2026-08-06,0,0,1,0,32,12,4,2,33,1
sub_00103,2026-08-08,0,1,0,0,33,15,4,3,33,0
sub_00103,2026-08-10,1,0,0,0,43,11,2,0,43,0
sub_00104,2026-05-21,1,0,4,0,32,0,2,0,36,8
sub_00104,2026-05-24,1,1,4,0,37,1,1,0,41,4
sub_00104,2026-05-25,1,1,3,0,38,1,5,2,41,3
sub_00104,2026-05-29,0,0,8,0,29,1,1,0,37,4
sub_00104,2026-05-30,0,0,4,0,35,1,6,2,39,4
sub_00104,2026-05-31,3,0,6,0,34,3,1,0,40,4
sub_00104,2026-06-01,0,0,4,0,40,2,2,1,44,5
sub_00104,2026-06-04,1,0,3,0,37,3,3,1,40,5
sub_00104,2026-06-08,4,0,0,0,32,5,4,1,32,2
sub_00104,2026-06-12,1,0,8,0,35,0,3,1,43,4
sub_00104,2026-06-20,2,0,3,1,26,0,1,0,29,2
sub_00104,2026-06-21,1,0,7,0,32,2,3,2,39,5
sub_00104,2026-06-28,0,0,6,1,34,2,3,0,40,5
sub_00104,2026-06-30,1,1,4,2,40,2,0,0,44,6
sub_00104,2026-07-04,1,0,2,0,36,4,3,1,38,3
sub_00104,2026-07-05,0,0,1,1,30,0,1,1,31,3
sub_00104,2026-07-08,1,0,2,0,32,2,3,1,34,4
sub_00104,2026-07-10,1,0,3,0,31,4,4,1,34,2
sub_00104,2026-07-13,1,0,3,0,28,1,2,1,31,7
sub_00104,2026-07-14,2,0,5,0,41,2,3,1,46,4
sub_00104,2026-07-17,1,1,6,0,26,0,1,0,32,3
sub_00104,2026-07-20,1,0,5,1,35,1,2,0,40,6
sub_00105,2026-07-16,1,0,2,2,31,4,5,4,33,2
sub_00105,2026-07-21,1,0,0,0,43,9,7,1,43,3
sub_00105,2026-08-04,0,0,0,0,40,9,3,1,40,1
sub_00105,2026-08-05,0,0,3,1,40,13,3,2,43,2
sub_00105,2026-08-15,1,1,2,1,33,8,4,1,35,1
sub_00105,2026-08-21,0,0,2,1,41,2,2,2,43,1
sub_00106,2026-05-11,1,0,16,5,37,14,1,1,53,3
sub_00106,2026-05-12,0,0,31,10,29,8,4,2,60,0
sub_00106,2026-05-13,0,0,26,10,53,18,2,2,79,3
sub_00106,2026-05-16,0,0,29,10,31,8,2,1,60,0
sub_00106,2026-05-17,0,0,27,12,35,13,2,2,62,3
sub_00106,2026-05-18,0,0,30,8,38,16,3,3,68,1
sub_00106,2026-05-19,0,0,25,11,30,6,3,2,55,2
sub_00106,2026-05-20,0,2,37,14,44,14,1,1,81,1
sub_00106,2026-05-23,0,0,27,7,43,14,1,1,70,1
sub_00106,2026-05-24,0,0,28,13,44,12,0,0,72,3
sub_00106,2026-05-27,1,1,28,11,40,11,2,2,68,2
sub_00106,2026-05-28,0,0,29,12,32,11,1,1,61,2
sub_00106,2026-05-30,2,1,36,10,27,7,4,4,63,7
sub_00106,2026-05-31,0,0,22,6,35,6,1,0,57,0
sub_00106,2026-06-02,2,1,28,13,32,12,3,2,60,1
sub_00106,2026-06-04,0,0,17,6,35,12,2,2,52,2
sub_00106,2026-06-05,0,1,17,5,29,7,1,1,46,2
sub_00106,2026-06-06,0,0,24,9,45,20,3,3,69,1
sub_00106,2026-06-08,0,0,37,13,27,12,2,2,64,2
sub_00106,2026-06-09,0,0,37,19,41,18,2,0,78,4
sub_00106,2026-06-11,2,1,24,7,32,10,2,2,56,2
sub_00106,2026-06-13,0,2,27,10,29,7,1,0,56,3
sub_00106,2026-06-14,1,1,25,8,39,9,0,0,64,0
sub_00106,2026-06-17,2,0,26,7,39,17,0,0,65,1
sub_00106,2026-06-21,0,0,27,11,33,14,1,0,60,2
sub_00106,2026-06-24,1,2,26,7,45,16,0,0,71,1
sub_00106,2026-06-27,0,0,27,8,33,10,4,2,60,2
sub_00106,2026-06-28,1,0,23,8,27,8,2,1,50,0
sub_00106,2026-07-04,0,0,28,10,37,13,2,2,65,2
sub_00106,2026-07-05,1,1,20,10,30,4,5,2,50,3
sub_00106,2026-07-10,0,1,25,10,35,11,2,1,60,4
sub_00107,2026-06-15,1,0,36,1,31,9,0,0,67,1
sub_00107,2026-06-21,3,0,30,2,32,10,2,1,62,0
sub_00107,2026-06-26,1,0,28,3,43,11,1,0,71,3
sub_00107,2026-06-29,0,1,26,2,44,14,5,2,70,2
sub_00107,2026-07-03,0,0,42,3,36,6,4,0,78,2
sub_00107,2026-07-10,1,0,43,10,30,5,5,1,73,3
sub_00107,2026-07-13,2,1,37,5,39,6,5,3,76,1
sub_00107,2026-07-14,1,1,34,3,43,8,3,2,77,1
sub_00107,2026-07-18,0,0,39,1,29,6,4,2,68,3
sub_00107,2026-07-20,1,0,25,4,28,5,1,1,53,1
sub_00107,2026-07-21,0,0,36,4,43,9,3,2,79,2
sub_00107,2026-08-05,1,0,30,2,32,7,0,0,62,3
sub_00107,2026-08-11,1,0,28,3,18,4,2,1,46,1
sub_00107,2026-08-12,1,0,38,7,38,10,3,1,76,3
sub_00108,2026-05-23,1,0,43,7,22,4,0,0,65,1
sub_00108,2026-05-25,1,0,36,11,33,8,2,1,69,3
sub_00108,2026-05-26,0,0,38,13,39,2,4,3,77,1
sub_00108,2026-05-27,0,1,45,12,40,6,2,0,85,1
sub_00108,2026-05-29,1,2,43,16,28,8,3,3,71,2
sub_00108,2026-06-01,1,1,58,12,45,16,4,2,103,4
sub_00108,2026-06-05,1,0,56,16,35,8,0,0,91,3
sub_00108,2026-06-09,0,0,34,8,29,8,1,1,63,2
sub_00108,2026-06-10,2,0,54,13,34,7,1,1,88,5
sub_00108,2026-06-16,3,0,41,11,38,8,1,1,79,2
sub_00108,2026-06-17,1,2,51,14,32,12,5,5,83,3
sub_00108,2026-06-22,1,0,48,11,40,12,4,2,88,0
sub_00108,2026-06-30,2,1,50,12,28,9,3,2,78,0
sub_00108,2026-07-04,0,0,54,14,26,10,2,1,80,1
sub_00108,2026-07-09,1,1,51,21,37,11,2,1,88,4
sub_00108,2026-07-13,2,0,43,13,39,9,1,1,82,1
sub_00108,2026-07-14,1,0,51,12,27,9,3,1,78,1
sub_00108,2026-07-16,0,1,55,13,40,13,2,2,95,0
sub_00108,2026-07-22,2,1,41,14,47,10,3,2,88,3
sub_00108,2026-07-23,0,0,52,16,32,10,1,1,84,2
sub_00108,2026-07-24,1,0,52,14,37,10,0,0,89,0
sub_00109,2026-05-31,1,0,6,2,28,9,1,0,34,2
sub_00109,2026-06-06,0,0,10,0,46,18,3,2,56,3
sub_00109,2026-06-07,0,2,6,0,38,12,3,2,44,1
sub_00109,2026-06-09,0,0,2,0,42,14,4,3,44,1
sub_00109,2026-06-11,1,3,4,1,31,11,1,1,35,2
sub_00109,2026-06-25,0,0,6,2,27,10,3,3,33,0
sub_00109,2026-06-27,0,1,13,4,44,19,2,2,57,0
sub_00109,2026-07-02,1,1,7,3,48,21,2,2,55,1
sub_00109,2026-07-03,2,1,8,1,42,19,0,0,50,1
sub_00109,2026-07-12,4,1,11,4,45,17,0,0,56,1
sub_00109,2026-07-13,0,1,11,7,41,18,2,2,52,1
sub_00109,2026-07-18,1,0,9,1,35,11,2,1,44,2
sub_00109,2026-07-25,0,1,9,0,35,14,0,0,44,1
sub_00109,2026-07-26,0,1,8,4,29,13,7,6,37,0
sub_00109,2026-07-31,0,0,8,1,40,14,7,5,48,1
sub_00110,2026-07-09,0,0,22,6,32,11,4,2,54,3
sub_00110,2026-07-14,1,1,23,4,37,9,1,1,60,1
sub_00110,2026-07-16,1,0,26,5,39,11,5,3,65,0
sub_00110,2026-07-23,1,0,36,12,29,7,2,1,65,3
sub_00110,2026-07-24,0,0,18,3,34,10,1,0,52,1
sub_00110,2026-07-27,0,0,26,5,33,9,2,1,59,0
sub_00110,2026-07-28,3,0,25,1,40,7,1,1,65,2
sub_00110,2026-07-30,1,1,27,4,27,10,2,2,54,2
sub_00110,2026-08-03,0,0,26,5,25,7,5,2,51,0
sub_00110,2026-08-04,1,2,20,5,34,8,1,1,54,3
sub_00110,2026-08-05,5,0,18,1,24,7,4,2,42,1
sub_00110,2026-08-07,1,0,29,5,38,8,1,1,67,0
sub_00110,2026-08-08,1,0,25,5,37,11,4,1,62,4
sub_00110,2026-08-12,1,0,33,9,38,9,4,2,71,3
sub_00110,2026-08-14,1,2,34,6,39,12,2,2,73,6
sub_00110,2026-08-15,0,1,21,7,27,5,4,2,48,1
sub_00110,2026-08-18,1,0,23,8,34,11,2,1,57,1
sub_00110,2026-08-19,0,0,30,5,33,12,1,0,63,3
sub_00110,2026-08-20,1,1,25,5,33,14,1,0,58,4
sub_00110,2026-08-24,2,0,25,7,33,8,0,0,58,7
sub_00110,2026-08-27,0,0,24,4,33,10,0,0,57,2
sub_00110,2026-09-06,0,2,18,6,37,10,0,0,55,3
sub_00110,2026-09-08,1,0,23,9,34,4,5,2,57,2
sub_00110,2026-09-09,1,3,34,8,43,9,6,3,77,8
sub_00111,2026-06-29,2,1,6,0,42,11,3,1,48,1
sub_00111,2026-07-01,2,0,5,0,35,5,2,1,40,0
sub_00111,2026-07-02,1,0,10,2,33,9,2,0,43,0
sub_00111,2026-07-03,0,0,5,0,32,5,3,2,37,0
sub_00111,2026-07-10,1,0,3,1,35,9,2,2,38,0
sub_00111,2026-07-19,2,0,12,2,28,6,4,1,40,0
sub_00111,2026-08-10,2,0,6,2,37,12,2,0,43,0
sub_00111,2026-08-11,1,0,12,3,33,6,2,0,45,1
sub_00111,2026-08-17,1,0,13,0,31,5,1,0,44,1
sub_00111,2026-08-18,0,1,6,2,27,7,4,2,33,0
sub_00111,2026-08-19,0,0,8,3,25,6,3,1,33,1
sub_00112,2026-05-26,1,0,10,2,36,7,2,1,46,2
sub_00112,2026-05-29,0,0,6,2,36,10,4,1,42,3
sub_00112,2026-06-01,2,0,2,0,42,15,2,2,44,6
sub_00112,2026-06-04,1,0,4,1,31,10,2,1,35,4
sub_00112,2026-06-05,0,0,5,3,24,5,5,2,29,2
sub_00112,2026-06-12,3,0,7,2,34,7,4,2,41,4
sub_00112,2026-06-17,1,1,10,0,41,11,2,2,51,1
sub_00112,2026-06-25,1,0,5,1,31,10,3,0,36,2
sub_00112,2026-06-27,2,0,3,2,29,14,5,3,32,2
sub_00112,2026-06-30,3,0,6,2,44,9,3,3,50,4
sub_00112,2026-07-03,0,0,5,1,28,8,1,1,33,5
sub_00112,2026-07-04,1,0,11,3,47,21,2,0,58,6
sub_00112,2026-07-06,2,0,6,0,32,6,2,2,38,3
sub_00112,2026-07-07,0,0,9,4,26,12,2,1,35,4
sub_00112,2026-07-09,1,1,3,0,33,9,0,0,36,4
sub_00112,2026-07-12,2,2,5,0,28,10,1,0,33,2
sub_00112,2026-07-16,1,0,7,0,39,11,1,0,46,6
sub_00112,2026-07-20,0,1,3,0,31,12,3,1,34,3
sub_00112,2026-07-22,2,0,5,2,39,15,3,2,44,5
sub_00113,2026-05-26,0,1,2,1,36,7,1,1,38,0
sub_00113,2026-05-27,1,1,21,7,33,11,1,1,54,2
sub_00113,2026-05-28,0,0,9,2,34,4,2,2,43,1
sub_00113,2026-06-01,0,0,17,6,36,8,2,2,53,0
sub_00113,2026-06-03,0,0,17,7,40,11,2,2,57,2
sub_00113,2026-06-04,2,0,18,6,42,12,2,2,60,4
sub_00113,2026-06-05,0,0,16,5,38,9,4,3,54,2
sub_00113,2026-06-09,2,0,16,3,29,6,5,5,45,0
sub_00113,2026-06-10,3,1,19,8,31,6,9,7,50,0
sub_00113,2026-06-12,0,0,25,4,24,5,2,2,49,1
sub_00113,2026-06-13,2,1,17,6,35,7,3,3,52,1
sub_00113,2026-06-18,0,0,24,6,21,4,1,0,45,0
sub_00113,2026-06-22,1,0,10,1,45,17,4,4,55,0
sub_00113,2026-06-23,0,0,18,2,30,8,3,2,48,1
sub_00113,2026-06-24,3,2,13,8,30,13,6,5,43,0
sub_00113,2026-06-25,0,1,18,5,31,8,3,3,49,0
sub_00113,2026-06-26,1,0,12,3,36,11,2,2,48,3
sub_00113,2026-06-30,2,1,22,9,35,8,2,2,57,6
sub_00113,2026-07-01,1,0,19,5,30,4,0,0,49,3
sub_00113,2026-07-02,1,1,21,8,31,10,0,0,52,1
sub_00113,2026-07-03,1,1,10,4,24,6,1,1,34,0
sub_00113,2026-07-04,1,0,19,7,33,9,1,1,52,2
sub_00113,2026-07-07,3,1,14,2,27,8,5,2,41,2
sub_00113,2026-07-10,1,0,18,9,37,14,3,2,55,2
sub_00113,2026-07-12,1,1,18,6,33,10,2,2,51,3
sub_00113,2026-07-13,1,1,20,5,39,8,5,1,59,2
sub_00113,2026-07-16,0,1,14,5,28,7,1,1,42,4
sub_00113,2026-07-17,2,1,18,3,33,11,1,0,51,3
sub_00113,2026-07-22,0,0,15,3,31,14,4,3,46,1
sub_00114,2026-06-17,0,2,59,12,33,5,3,2,92,2
sub_00114,2026-06-18,0,0,64,12,31,6,2,2,95,3
sub_00114,2026-06-19,0,0,63,11,40,8,4,1,103,2
sub_00114,2026-06-20,0,0,57,11,28,10,4,3,85,2
sub_00114,2026-06-21,0,0,60,16,33,4,4,2,93,3
sub_00114,2026-06-24,0,1,58,7,40,11,0,0,98,3
sub_00114,2026-06-25,0,0,62,10,47,12,4,1,109,6
sub_00114,2026-06-27,0,0,72,11,38,7,2,2,110,2
sub_00114,2026-06-28,0,0,61,15,35,9,2,0,96,6
sub_00114,2026-06-29,0,1,52,7,36,8,0,0,88,2
sub_00114,2026-07-02,0,2,60,10,36,5,2,1,96,6
sub_00114,2026-07-03,1,0,47,12,42,7,2,1,89,2
sub_00114,2026-07-04,0,1,63,12,34,6,4,2,97,3
sub_00114,2026-07-05,3,0,67,6,28,5,6,2,95,6
sub_00114,2026-07-09,0,0,70,18,38,10,4,1,108,2
sub_00114,2026-07-12,1,2,64,7,38,9,1,1,102,5
sub_00114,2026-07-15,1,1,56,10,42,11,3,1,98,3
sub_00114,2026-07-18,0,0,70,10,40,8,2,0,110,3
sub_00114,2026-07-19,0,1,45,9,32,6,1,0,77,3
sub_00114,2026-07-21,0,0,53,8,40,3,1,1,93,5
sub_00114,2026-07-22,2,1,61,13,43,9,1,1,104,10
sub_00114,2026-07-25,0,2,44,8,46,6,2,2,90,1
sub_00114,2026-07-29,0,0,64,10,38,7,1,0,102,4
sub_00114,2026-07-31,0,0,46,11,30,7,6,3,76,3
sub_00114,2026-08-01,1,0,65,14,36,9,4,4,101,1
sub_00114,2026-08-02,0,1,70,12,33,4,2,2,103,1
sub_00114,2026-08-03,0,0,51,9,33,8,0,0,84,3
sub_00114,2026-08-09,0,3,64,11,35,5,2,2,99,1
sub_00115,2026-05-15,1,0,18,5,35,14,2,1,53,3
sub_00115,2026-05-16,2,0,29,11,27,11,2,1,56,9
sub_00115,2026-05-17,0,1,28,5,34,13,1,0,62,1
sub_00115,2026-05-18,1,0,23,6,38,8,2,2,61,3
sub_00115,2026-05-20,1,0,19,7,35,12,4,4,54,6
sub_00115,2026-05-23,0,0,19,9,40,11,2,2,59,6
sub_00115,2026-05-24,0,0,22,4,31,10,3,2,53,0
sub_00115,2026-05-30,2,0,24,3,38,20,6,3,62,5
sub_00115,2026-05-31,2,0,30,11,31,7,2,1,61,2
sub_00115,2026-06-06,0,1,22,11,28,10,1,1,50,4
sub_00115,2026-06-07,1,0,32,11,38,10,2,1,70,3
sub_00115,2026-06-09,0,0,22,7,39,13,3,2,61,2
sub_00115,2026-06-11,4,0,24,5,42,14,3,1,66,3
sub_00115,2026-06-13,5,0,24,11,30,10,2,1,54,1
sub_00115,2026-06-14,1,0,19,7,48,17,1,1,67,3
sub_00115,2026-06-17,1,0,28,9,36,18,5,3,64,3
sub_00115,2026-06-19,0,0,19,8,31,13,2,2,50,6
sub_00115,2026-06-21,0,0,26,10,36,17,3,2,62,3
sub_00115,2026-06-26,0,0,22,4,30,8,0,0,52,4
sub_00115,2026-06-27,1,1,29,4,34,19,2,1,63,2
sub_00115,2026-07-01,0,0,32,7,34,10,1,0,66,10
sub_00115,2026-07-02,3,0,32,13,33,6,4,4,65,3
sub_00115,2026-07-04,1,0,30,9,31,10,0,0,61,1
sub_00115,2026-07-05,3,1,22,7,40,12,3,1,62,4
sub_00115,2026-07-07,1,1,34,9,38,15,6,5,72,3
sub_00115,2026-07-11,1,0,29,8,40,10,1,0,69,3
sub_00115,2026-07-12,0,1,30,7,16,6,4,2,46,2
sub_00116,2026-04-28,1,0,48,29,31,8,2,2,79,2
sub_00116,2026-04-29,1,0,39,19,33,8,1,1,72,1
sub_00116,2026-05-01,0,1,55,31,38,15,6,5,93,4
sub_00116,2026-05-02,1,1,49,21,32,10,1,1,81,1
sub_00116,2026-05-03,1,0,59,28,31,8,1,1,90,1
sub_00116,2026-05-05,2,0,44,19,38,13,6,4,82,1
sub_00116,2026-05-06,1,0,59,27,40,15,1,0,99,3
sub_00116,2026-05-07,0,0,37,20,30,9,2,1,67,0
sub_00116,2026-05-11,0,0,51,22,33,8,4,4,84,0
sub_00116,2026-05-12,1,0,51,26,30,16,2,2,81,2
sub_00116,2026-05-18,1,0,42,12,36,10,1,1,78,6
sub_00116,2026-05-20,0,0,44,29,39,9,4,3,83,0
sub_00116,2026-05-21,0,1,42,15,27,5,1,1,69,0
sub_00116,2026-05-22,0,2,51,28,27,5,0,0,78,3
sub_00116,2026-05-25,0,0,46,27,31,13,0,0,77,2
sub_00116,2026-05-26,1,0,57,38,29,16,1,1,86,1
sub_00116,2026-05-27,1,1,40,21,22,9,2,2,62,4
sub_00116,2026-05-28,3,2,43,22,37,16,1,1,80,3
sub_00116,2026-05-29,0,3,42,21,38,18,1,1,80,2
sub_00116,2026-06-01,1,1,30,17,37,15,1,1,67,2
sub_00116,2026-06-02,2,0,51,29,33,14,1,1,84,4
sub_00116,2026-06-05,0,1,50,25,41,22,5,4,91,1
sub_00116,2026-06-07,1,1,47,25,41,13,1,1,88,5
sub_00116,2026-06-08,3,0,62,30,38,12,4,3,100,1
sub_00116,2026-06-09,0,0,49,24,30,14,5,5,79,2
sub_00116,2026-06-10,1,0,44,24,36,16,2,2,80,1
sub_00116,2026-06-11,2,0,50,24,41,13,4,4,91,3
sub_00116,2026-06-13,0,1,50,20,40,14,5,3,90,4
sub_00116,2026-06-16,1,1,48,27,39,17,4,3,87,3
sub_00116,2026-06-17,1,0,50,22,44,17,2,2,94,2
sub_00116,2026-06-18,2,0,44,22,40,19,2,2,84,4
sub_00116,2026-06-19,0,0,47,20,42,19,3,3,89,6
sub_00116,2026-06-25,2,1,39,27,35,14,0,0,74,1
sub_00116,2026-06-26,0,1,42,20,44,19,1,1,86,2
sub_00116,2026-06-29,2,0,58,32,32,13,2,1,90,3
sub_00117,2026-05-29,0,1,20,6,36,5,3,2,56,2
sub_00117,2026-05-30,1,0,22,7,42,9,4,0,64,0
sub_00117,2026-06-01,2,0,30,8,36,7,3,2,66,0
sub_00117,2026-06-07,0,0,21,7,37,11,1,0,58,1
sub_00117,2026-06-08,0,0,10,5,34,10,2,2,44,2
sub_00117,2026-06-10,4,0,23,9,33,4,1,0,56,1
sub_00117,2026-06-19,2,0,15,2,26,8,4,2,41,1
sub_00117,2026-06-21,1,0,20,7,39,9,3,2,59,2
sub_00117,2026-06-24,0,0,19,6,37,2,2,0,56,0
sub_00117,2026-06-26,1,0,23,9,29,5,2,0,52,1
sub_00117,2026-06-27,1,1,16,7,44,11,4,3,60,1
sub_00117,2026-06-28,2,0,22,8,31,5,0,0,53,2
sub_00117,2026-06-29,2,0,17,8,38,8,0,0,55,2
sub_00117,2026-07-07,1,0,21,8,35,7,2,1,56,2
sub_00117,2026-07-12,1,0,15,4,33,7,4,3,48,1
sub_00117,2026-07-18,2,0,16,5,37,7,3,2,53,0
sub_00117,2026-07-25,0,0,18,8,41,7,2,0,59,1
sub_00117,2026-07-26,0,0,16,4,42,11,5,3,58,1
sub_00118,2026-04-20,0,0,26,7,31,6,7,3,57,3
sub_00118,2026-04-22,1,0,16,7,26,4,3,3,42,4
sub_00118,2026-04-24,0,1,28,9,35,7,6,5,63,2
sub_00118,2026-04-27,0,1,23,6,35,9,3,1,58,3
sub_00118,2026-04-29,0,0,24,11,31,7,4,1,55,1
sub_00118,2026-05-04,1,2,25,7,27,7,2,1,52,2
sub_00118,2026-05-07,2,1,20,8,37,6,3,1,57,3
sub_00118,2026-05-08,0,2,25,8,33,8,4,3,58,3
sub_00118,2026-05-11,2,0,37,15,36,11,2,1,73,7
sub_00118,2026-05-12,0,1,32,13,33,7,3,1,65,7
sub_00118,2026-05-14,1,1,27,7,49,12,2,2,76,3
sub_00118,2026-05-19,0,0,27,12,31,7,5,3,58,4
sub_00118,2026-05-20,0,0,28,11,34,8,1,0,62,3
sub_00118,2026-05-24,0,1,30,14,37,6,5,3,67,3
sub_00118,2026-05-25,3,2,26,5,40,8,3,1,66,0
sub_00118,2026-05-26,0,0,22,9,41,7,3,0,63,6
sub_00118,2026-05-29,0,0,26,15,32,5,1,0,58,5
sub_00118,2026-05-31,0,0,28,11,27,5,1,0,55,2
sub_00118,2026-06-01,1,1,20,10,45,8,3,0,65,2
sub_00118,2026-06-02,0,1,27,9,45,4,2,1,72,1
sub_00118,2026-06-03,0,0,20,8,32,7,1,0,52,0
sub_00118,2026-06-06,0,1,28,10,26,5,3,3,54,3
sub_00118,2026-06-09,2,0,25,8,36,4,4,1,61,2
sub_00118,2026-06-10,0,2,20,8,39,6,1,1,59,2
sub_00118,2026-06-12,0,1,30,10,34,7,3,3,64,2
sub_00118,2026-06-16,2,0,28,14,27,5,0,0,55,3
sub_00118,2026-06-18,0,2,23,10,40,9,3,1,63,4
sub_00118,2026-06-20,1,0,22,10,38,7,2,2,60,4
sub_00119,2026-04-28,3,0,17,6,31,11,1,1,48,1
sub_00119,2026-05-01,1,0,15,7,36,7,1,0,51,0
sub_00119,2026-05-02,0,0,17,5,43,13,6,5,60,0
sub_00119,2026-05-04,2,0,13,5,36,9,4,1,49,2
sub_00119,2026-05-05,1,1,13,3,33,8,4,0,46,2
sub_00119,2026-05-10,3,0,15,5,38,15,2,1,53,1
sub_00119,2026-05-14,1,0,14,2,26,10,3,2,40,0
sub_00119,2026-05-17,1,1,15,6,26,5,5,2,41,1
sub_00119,2026-05-18,0,1,20,6,34,6,1,1,54,2
sub_00119,2026-05-21,1,2,19,11,45,16,2,1,64,2
sub_00119,2026-05-25,0,0,16,7,33,7,2,2,49,0
sub_00119,2026-05-27,1,0,20,7,41,15,3,2,61,4
sub_00119,2026-05-30,1,0,17,4,37,8,2,2,54,1
sub_00119,2026-06-07,3,1,19,7,31,7,1,0,50,1
sub_00119,2026-06-14,2,0,15,6,38,5,2,2,53,0
sub_00119,2026-06-15,0,0,12,4,32,8,2,1,44,0
sub_00119,2026-06-18,1,0,15,5,28,5,1,1,43,0
sub_00119,2026-06-19,3,1,14,6,34,8,3,1,48,1
sub_00119,2026-06-23,1,0,15,3,40,14,2,0,55,3
sub_00119,2026-06-25,0,0,19,6,38,8,1,1,57,2
sub_00119,2026-06-27,1,0,14,6,22,6,2,2,36,5
sub_00119,2026-06-28,0,0,17,5,31,6,4,3,48,1
sub_santosh,2026-08-05,2,0,30,6,36,12,3,2,66,2
sub_santosh,2026-08-07,2,0,30,6,36,12,3,2,66,2
sub_santosh,2026-08-09,2,0,30,6,36,12,3,2,66,2
sub_santosh,2026-08-11,2,0,30,6,36,12,3,2,66,2
sub_santosh,2026-08-13,2,0,30,6,36,12,3,2,66,2
sub_santosh,2026-08-15,2,0,30,6,36,12,3,2,66,2
sub_santosh,2026-08-17,2,0,30,6,36,12,3,2,66,2
sub_santosh,2026-08-19,2,0,30,6,36,12,3,2,66,2
sub_santosh,2026-08-21,2,0,30,6,36,12,3,2,66,2
sub_santosh,2026-08-23,2,0,30,6,36,12,3,2,66,2
sub_santosh,2026-08-25,2,0,30,6,36,12,3,2,66,2
sub_santosh,2026-08-27,2,0,30,6,36,12,3,2,66,2
sub_santosh,2026-08-29,2,0,30,6,36,12,3,2,66,2
sub_santosh,2026-08-31,2,0,30,6,36,12,3,2,66,2
sub_santosh,2026-09-03,1,1,34,22,36,10,3,2,70,3
sub_santosh,2026-09-05,1,1,34,22,36,10,3,2,70,3
sub_santosh,2026-09-07,1,1,34,22,36,10,3,2,70,3
sub_santosh,2026-09-09,1,1,34,22,36,10,3,2,70,3
sub_santosh,2026-09-11,1,1,34,22,36,10,3,2,70,3
sub_santosh,2026-09-13,1,1,34,22,36,10,3,2,70,3
sub_santosh,2026-09-15,1,1,34,22,36,10,3,2,70,3
sub_santosh,2026-09-17,1,1,34,22,36,10,3,2,70,3
sub_santosh,2026-09-19,1,1,34,22,36,10,3,2,70,3
sub_santosh,2026-09-21,1,1,34,22,36,10,3,2,70,3
sub_santosh,2026-09-25,1,1,34,22,36,10,3,2,70,3
sub_santosh,2026-09-28,1,1,34,22,36,10,3,2,70,3
